{
"type": "FeatureCollection",
"name": "bbnep_subbasins_2026",
"crs": { "type": "name", "properties": { "name": "urn:ogc:def:crs:OGC:1.3:CRS84" } },
"features": [
{ "type": "Feature", "properties": { "TMDL_BASIN": "Allens Pond", "BBP_SYS_ID": "ALLPND", "SHED_ACRES": 2320.094, "HECTARES": 938.9123, "DELIN_YEAR": 2023 }, "geometry": { "type": "Polygon", "coordinates": [ [ [ -71.034582934598859, 41.546330369191566 ], [ -71.03450480363216, 41.546274346982386 ], [ -71.034352274934761, 41.546276980427507 ], [ -71.03427437253589, 41.546220958996159 ], [ -71.034121617214069, 41.546223376798174 ], [ -71.03404348709293, 41.546167311392267 ], [ -71.033967222551908, 41.546168670709804 ], [ -71.03389095831956, 41.546169987096846 ], [ -71.033736335682448, 41.546115279757323 ], [ -71.03366007119665, 41.546116638868547 ], [ -71.033581941297555, 41.546060616024533 ], [ -71.033429643244361, 41.54606299189193 ], [ -71.033351513611962, 41.546006968889579 ], [ -71.033196891828865, 41.545952260815639 ], [ -71.033120627837988, 41.545953576685207 ], [ -71.033042498609603, 41.545897553470112 ], [ -71.032966006068762, 41.545898911176202 ], [ -71.03288787735454, 41.545842844975546 ], [ -71.032809748464203, 41.545786821600394 ], [ -71.032733940948361, 41.54578818196849 ], [ -71.032655812571562, 41.545732115608189 ], [ -71.032577684019572, 41.545676092073776 ], [ -71.03250119173299, 41.545677449466559 ], [ -71.032348437952535, 41.545679822003379 ], [ -71.032270307855299, 41.545624055533253 ], [ -71.032231603705441, 41.545624596804132 ], [ -71.032065530258706, 41.545459450074461 ], [ -71.031642493064979, 41.544929986419262 ], [ -71.031062657650239, 41.544204259521848 ], [ -71.030757178714722, 41.543821911230452 ], [ -71.030549300303477, 41.54356172014257 ], [ -71.029945891977036, 41.542602134634201 ], [ -71.029572864485431, 41.54200890196465 ], [ -71.029506039713354, 41.541902627882386 ], [ -71.028987110036837, 41.541077339862845 ], [ -71.028573549866238, 41.540145680155625 ], [ -71.028288730030411, 41.539672920153841 ], [ -71.02770061987701, 41.538696720103403 ], [ -71.027321195804163, 41.538174176120634 ], [ -71.02707385929466, 41.53783353736825 ], [ -71.026598079767439, 41.537178270059826 ], [ -71.026118820116935, 41.5368682196764 ], [ -71.025524129465111, 41.536483485615015 ], [ -71.024944549952281, 41.536108520134057 ], [ -71.024260491297184, 41.535526942153744 ], [ -71.023629859210359, 41.53499077363157 ], [ -71.023199180223344, 41.534624600069066 ], [ -71.022976120023515, 41.534274845380153 ], [ -71.022499437085258, 41.533527400761649 ], [ -71.0220592415928, 41.532923246572821 ], [ -71.02153409700891, 41.532641392002454 ], [ -71.021178270333294, 41.532450409906104 ], [ -71.020305730104525, 41.532484960020632 ], [ -71.019433180357225, 41.532588529944896 ], [ -71.019157659764147, 41.532830129742159 ], [ -71.018599879312305, 41.533230300910482 ], [ -71.018054369737072, 41.533621660149073 ], [ -71.017480559924124, 41.533945217996376 ], [ -71.016952470275427, 41.534242990045477 ], [ -71.016217679777398, 41.534036059680382 ], [ -71.015352497425525, 41.533632086544387 ], [ -71.015217379797477, 41.533568995993029 ], [ -71.014518430086241, 41.533242629946727 ], [ -71.013348978996433, 41.532725898477715 ], [ -71.012249897287049, 41.53224023635503 ], [ -71.011430990540987, 41.531878363737952 ], [ -71.011407314834941, 41.531867901358019 ], [ -71.010614910088819, 41.531517729945115 ], [ -71.009237330396573, 41.53141435009713 ], [ -71.008763617083844, 41.531620514462325 ], [ -71.007459594865836, 41.532133747332622 ], [ -71.006253159889368, 41.532586439712787 ], [ -71.005685247685776, 41.532820612068797 ], [ -71.004829839685513, 41.533173319998795 ], [ -71.004370819689811, 41.53379453969837 ], [ -71.004107087198776, 41.534108477352142 ], [ -71.003819949971771, 41.53445027019508 ], [ -71.003376589499339, 41.534573097159708 ], [ -71.002878670174184, 41.534778240016458 ], [ -71.002442589997727, 41.535451209801415 ], [ -71.001753770148142, 41.53545131004141 ], [ -71.000651560361703, 41.535002850017008 ], [ -71.000187023784846, 41.534810929937805 ], [ -70.999733049998, 41.534623370087537 ], [ -70.99955923424362, 41.534063775251703 ], [ -70.999510030135681, 41.533676162011204 ], [ -70.99950323976978, 41.533622670085897 ], [ -70.998582603958482, 41.533110356424835 ], [ -70.997557318900107, 41.532679840596039 ], [ -70.9976381025959, 41.532557456295194 ], [ -70.997868335404902, 41.532208659257449 ], [ -70.997958905862419, 41.531848856890925 ], [ -70.998044026686046, 41.531546485013536 ], [ -70.998035046199249, 41.53128871532406 ], [ -70.997999637094878, 41.531002973663043 ], [ -70.99794030098532, 41.530746388083287 ], [ -70.997930389017952, 41.530450254895257 ], [ -70.99787044146214, 41.530184193966697 ], [ -70.997784845002514, 41.529918207103478 ], [ -70.997674466255887, 41.529653235963082 ], [ -70.997513758896048, 41.529408112601118 ], [ -70.997277693859573, 41.529183476256748 ], [ -70.997142453940441, 41.528937902423046 ], [ -70.996954963607791, 41.528654956744305 ], [ -70.996717267814958, 41.528392233981045 ], [ -70.996517453621053, 41.52810960807706 ], [ -70.996333537406684, 41.527740767215626 ], [ -70.996299611146327, 41.527311817006456 ], [ -70.996289868500938, 41.527025344604077 ], [ -70.99628125450559, 41.52676757640112 ], [ -70.99624704904376, 41.526510632503275 ], [ -70.996186577613017, 41.52622524797372 ], [ -70.996042496432395, 41.525912997043413 ], [ -70.995680991604686, 41.525640648269963 ], [ -70.995282967149507, 41.525412169505245 ], [ -70.994930972240212, 41.525138214625507 ], [ -70.994602323215545, 41.524881047522747 ], [ -70.994253715877775, 41.524539320178377 ], [ -70.993908049538049, 41.524178453311968 ], [ -70.993721702661304, 41.523924159602664 ], [ -70.993643192751634, 41.523667791005558 ], [ -70.993520145243139, 41.523297768018153 ], [ -70.993349384317611, 41.522871273055188 ], [ -70.993111438150166, 41.522589549394013 ], [ -70.992891508503007, 41.522278643806061 ], [ -70.992594978740527, 41.521955015309914 ], [ -70.99220807742357, 41.521661791156298 ], [ -70.991888245956957, 41.521338478580105 ], [ -70.99155599810409, 41.521082355617615 ], [ -70.991225038180431, 41.520678052064419 ], [ -70.991188211794963, 41.520340774606488 ], [ -70.991129683550952, 41.519906471054369 ], [ -70.991010315840526, 41.51959346023807 ], [ -70.990879859447745, 41.519338408901042 ], [ -70.990630084471803, 41.518966642462502 ], [ -70.99028249345163, 41.518662333492784 ], [ -70.9899925011607, 41.518324213064268 ], [ -70.989701486249388, 41.518053019918632 ], [ -70.989380994178788, 41.517809042039083 ], [ -70.989015928138812, 41.517486671316782 ], [ -70.988730263086808, 41.517161867615144 ], [ -70.988480551399732, 41.516863878517363 ], [ -70.988281678152703, 41.516609978842382 ], [ -70.988128411331857, 41.516355046524922 ], [ -70.988039400596548, 41.515978629262563 ], [ -70.988060420571657, 41.51569735941942 ], [ -70.988095342128176, 41.515381600703527 ], [ -70.98811703662264, 41.515123630893839 ], [ -70.988108296673403, 41.514865636350699 ], [ -70.988148997346372, 41.514578490347077 ], [ -70.988222755108694, 41.514319123426979 ], [ -70.98825851034384, 41.514060522980593 ], [ -70.988360426205332, 41.513771927244449 ], [ -70.98858018123444, 41.513409676073906 ], [ -70.988869230066484, 41.513063042861468 ], [ -70.989088517869149, 41.512795158327904 ], [ -70.989323755973089, 41.512550079422468 ], [ -70.989620953511604, 41.512331389360682 ], [ -70.989942797703449, 41.512089080901056 ], [ -70.990303308205327, 41.511797387539644 ], [ -70.990416394851266, 41.511542866567858 ], [ -70.990499359991247, 41.511294991136225 ], [ -70.990694534989458, 41.511062006436397 ], [ -70.991208082964775, 41.511092071497764 ], [ -70.991777388068357, 41.511188926681641 ], [ -70.992300905816137, 41.51128848158946 ], [ -70.992741360872074, 41.51139448120194 ], [ -70.9932466799428, 41.511484974852294 ], [ -70.993629859090802, 41.511549148294151 ], [ -70.993987511435819, 41.511618646327385 ], [ -70.994608010285219, 41.51176870585639 ], [ -70.995126248027532, 41.511892233945481 ], [ -70.995526737741685, 41.512103912969977 ], [ -70.996051693344796, 41.512239495010107 ], [ -70.996497782651019, 41.512146247382532 ], [ -70.996847081125196, 41.512116396411969 ], [ -70.99725876553137, 41.512131388903157 ], [ -70.99772552912313, 41.512199435810849 ], [ -70.998178350918138, 41.512307991893671 ], [ -70.998833099846351, 41.512306683719771 ], [ -70.999289562035543, 41.512297744275529 ], [ -70.999734003286079, 41.512283814066819 ], [ -71.000377613075884, 41.512278811575605 ], [ -71.000902318142963, 41.512384943997333 ], [ -71.001310657966854, 41.512416376262138 ], [ -71.001768465053516, 41.51240863324324 ], [ -71.002270746861782, 41.512408398931079 ], [ -71.002532685288358, 41.512606607486354 ], [ -71.003075433875011, 41.51261018887552 ], [ -71.003304313568947, 41.512341273451625 ], [ -71.003904141300382, 41.512316229829068 ], [ -71.004493394549627, 41.512227501635024 ], [ -71.005101689632539, 41.51213885343536 ], [ -71.005653497980958, 41.512072465065081 ], [ -71.00620270264119, 41.51193694086183 ], [ -71.007853045073034, 41.511739980564705 ], [ -71.008352939549766, 41.511669602411892 ], [ -71.00869465286867, 41.511606743773555 ], [ -71.009227266742613, 41.511540583215208 ], [ -71.009791622967867, 41.511473947667888 ], [ -71.01040665877882, 41.511392193638258 ], [ -71.011040345960467, 41.51130034064623 ], [ -71.011585204139493, 41.51121499525032 ], [ -71.012015316086362, 41.511131498557326 ], [ -71.012420407505289, 41.51104826788692 ], [ -71.012799789409172, 41.51096567570039 ], [ -71.013229783574999, 41.510872607532782 ], [ -71.013862966131242, 41.510761744576499 ], [ -71.014268334010467, 41.510692858084852 ], [ -71.014736749032437, 41.510608764754366 ], [ -71.01507778484897, 41.510526657504023 ], [ -71.015419016863717, 41.510434983691567 ], [ -71.01576098895535, 41.510381483743018 ], [ -71.016166363084452, 41.510317373706833 ], [ -71.016521675200323, 41.5102734009402 ], [ -71.016901402857485, 41.510209835526567 ], [ -71.017283194413892, 41.510203488316314 ], [ -71.017719941587558, 41.510124453221259 ], [ -71.018357789052658, 41.509956327497946 ], [ -71.018877649320572, 41.509890536556199 ], [ -71.019409759401228, 41.509805005850438 ], [ -71.019938674053932, 41.509614885517664 ], [ -71.020351453684441, 41.509364388257353 ], [ -71.020701032178991, 41.509124501979734 ], [ -71.021101229144264, 41.508878966530588 ], [ -71.021246253951688, 41.508618613423074 ], [ -71.021403344542165, 41.508329611905317 ], [ -71.021521497594179, 41.508012450281846 ], [ -71.021562373737112, 41.507667764223001 ], [ -71.021532647967874, 41.507295722636769 ], [ -71.021264053310077, 41.507099557621437 ], [ -71.020944728166015, 41.506861489037099 ], [ -71.021164694810949, 41.506650175300393 ], [ -71.021493131315395, 41.506446821664952 ], [ -71.021852143948422, 41.505965983530032 ], [ -71.022001413174394, 41.505683091402638 ], [ -71.022165659923701, 41.505422255441879 ], [ -71.022375317556651, 41.505311448118107 ], [ -71.022644705553589, 41.505361978956508 ], [ -71.024188114678125, 41.505651472265505 ], [ -71.024319240770126, 41.505970746482021 ], [ -71.024695540032923, 41.506508322653417 ], [ -71.025026428362523, 41.506759841210162 ], [ -71.025399959621268, 41.507247371438822 ], [ -71.025590498878671, 41.507619799774275 ], [ -71.025824475681503, 41.508121043739735 ], [ -71.026011448429927, 41.508550624315298 ], [ -71.026244903857901, 41.509123331792125 ], [ -71.026314242962471, 41.509509743732814 ], [ -71.026397078013105, 41.509753970688223 ], [ -71.026473951038071, 41.509926928961121 ], [ -71.026912824254197, 41.510593800956485 ], [ -71.027540810981307, 41.511518924457228 ], [ -71.028169362075161, 41.512369822072031 ], [ -71.0285048040936, 41.512795357503656 ], [ -71.029035410443896, 41.513539807965294 ], [ -71.02964989402598, 41.514390638889026 ], [ -71.030166808089248, 41.515082009590714 ], [ -71.030781631897014, 41.515890421596204 ], [ -71.031085171755038, 41.516824786810261 ], [ -71.031191907670461, 41.517662906626839 ], [ -71.031003307838191, 41.518372563894026 ], [ -71.03078533106455, 41.518790182884722 ], [ -71.0304538850515, 41.519608734710921 ], [ -71.030697910387829, 41.520469606462989 ], [ -71.031197087276738, 41.522356707738922 ], [ -71.031444933257305, 41.523266883904036 ], [ -71.032213640341823, 41.525937477484426 ], [ -71.032403978438381, 41.526605696358878 ], [ -71.032626848780751, 41.527401223628559 ], [ -71.032721454857068, 41.527763413811705 ], [ -71.032884147618191, 41.528147452620935 ], [ -71.032992562348809, 41.528389919700075 ], [ -71.033067633457421, 41.528555821839262 ], [ -71.033159562803476, 41.528734531210553 ], [ -71.033251631797071, 41.528894134161959 ], [ -71.03331846066942, 41.529028157375393 ], [ -71.033418542234358, 41.529251482860737 ], [ -71.033686140300333, 41.529749362398867 ], [ -71.033871627494676, 41.529883872687108 ], [ -71.034023398741695, 41.529992768373837 ], [ -71.034183831146237, 41.530076223508672 ], [ -71.03430225665403, 41.530108554299595 ], [ -71.034707739663816, 41.530294917357956 ], [ -71.034943852755717, 41.530461478253251 ], [ -71.035011287461771, 41.530512706295191 ], [ -71.035188858324048, 41.530570754315832 ], [ -71.035269926557788, 41.530556686728801 ], [ -71.035348039033934, 41.530612708390763 ], [ -71.035426153511281, 41.530668472723328 ], [ -71.03550380976921, 41.530724492409711 ], [ -71.035429202314219, 41.530783190747165 ], [ -71.035507086959583, 41.530839211365716 ], [ -71.035583789409813, 41.530837895761408 ], [ -71.035661446010621, 41.530893915340322 ], [ -71.035737692030864, 41.530892597764499 ], [ -71.035739559240142, 41.530949936733244 ], [ -71.035895329303955, 41.531062020370946 ], [ -71.035973442942776, 41.531118041603243 ], [ -71.035975312231827, 41.531175123292776 ], [ -71.036052969583352, 41.531231142604277 ], [ -71.036131083255569, 41.531287206607509 ], [ -71.036209197374717, 41.531343227677915 ], [ -71.036212932356065, 41.531457948480671 ], [ -71.036290590257778, 41.531513967630119 ], [ -71.036294099007549, 41.531628430222405 ], [ -71.036371985435551, 41.531684450248626 ], [ -71.036373624676102, 41.531741831155188 ], [ -71.036453152797037, 41.531854931877511 ], [ -71.036455020363945, 41.531912313715317 ], [ -71.036533135528103, 41.531968334563459 ], [ -71.03653477492, 41.532025715468087 ], [ -71.036536186374519, 41.532083052561596 ], [ -71.036614303677396, 41.532138816078437 ], [ -71.036616171397043, 41.532196197913827 ], [ -71.036619450654143, 41.532310916842036 ], [ -71.036697566447657, 41.532366937577898 ], [ -71.036777095915895, 41.532480038074979 ], [ -71.036855211743202, 41.532536101581798 ], [ -71.036933328017511, 41.532592122155663 ], [ -71.037011444427677, 41.532648142675711 ], [ -71.037012856012936, 41.532705522643468 ], [ -71.037090972631006, 41.532761543109032 ], [ -71.037169089386083, 41.532817563520823 ], [ -71.03717355531343, 41.532989361315188 ], [ -71.037251672108411, 41.533045424549876 ], [ -71.03732978934967, 41.533101444851489 ], [ -71.037362105002046, 41.533146558289424 ], [ -71.037333300041865, 41.533215907416228 ], [ -71.037411189307619, 41.533271926731722 ], [ -71.037414698297567, 41.533386646570307 ], [ -71.037492359586835, 41.5334426649002 ], [ -71.037494230296673, 41.533499746567962 ], [ -71.037574216922394, 41.533613148525191 ], [ -71.03765538992387, 41.533783629302469 ], [ -71.037656802110206, 41.533841009263817 ], [ -71.037734920675391, 41.533897029287814 ], [ -71.037736789449497, 41.533954411107437 ], [ -71.037739844709591, 41.534068828923566 ], [ -71.037819832480054, 41.534182230709312 ], [ -71.037899365871908, 41.534295373304616 ], [ -71.037902875791914, 41.534410093130916 ], [ -71.037982407758534, 41.534523492944665 ], [ -71.03798382952678, 41.53456981045796 ], [ -71.037985920003464, 41.534637912613874 ], [ -71.037989203691623, 41.534752374233648 ], [ -71.037991072718441, 41.534809756050151 ], [ -71.037992485537032, 41.53486709312952 ], [ -71.037994126309513, 41.534924474017124 ], [ -71.037995540988021, 41.534981553820607 ], [ -71.037999051117481, 41.535096273646026 ], [ -71.038002791375874, 41.53521073712475 ], [ -71.038080455389078, 41.535266755054693 ], [ -71.038082324512601, 41.535324136870564 ], [ -71.038085378291782, 41.535438854836435 ], [ -71.038161857931215, 41.535437536560949 ], [ -71.0382430348063, 41.535608016925899 ], [ -71.038323025387896, 41.535721418361355 ], [ -71.038326081779019, 41.535835836166598 ], [ -71.038404203051442, 41.535891898611993 ], [ -71.038406072791901, 41.53594923754418 ], [ -71.038483738052989, 41.536005255199299 ], [ -71.038563731408516, 41.536118399190222 ], [ -71.038641397012228, 41.536174416737744 ], [ -71.038719519282196, 41.536230436087436 ], [ -71.038799511483589, 41.536343837188582 ], [ -71.03887904743641, 41.536457236379412 ], [ -71.038957170258499, 41.536513255565829 ], [ -71.039035293217438, 41.536569274698607 ], [ -71.039037165392799, 41.536626356345309 ], [ -71.039116702116573, 41.536739755370284 ], [ -71.039270621924956, 41.536794452591231 ], [ -71.039350615805674, 41.536907853305784 ], [ -71.039428739589539, 41.536963872168158 ], [ -71.03950827958154, 41.53707697076451 ], [ -71.039586403401316, 41.537133032398117 ], [ -71.039588274235427, 41.537190371312313 ], [ -71.039666398571143, 41.537246390011759 ], [ -71.039667812634349, 41.537303769952779 ], [ -71.0396694571252, 41.537360850664399 ], [ -71.03974735347019, 41.537416868382557 ], [ -71.039748995879179, 41.537474249248305 ], [ -71.039750866561221, 41.537531631039677 ], [ -71.039752511131468, 41.537588711750487 ], [ -71.039753925587249, 41.537646048811574 ], [ -71.039755796278541, 41.537703430603102 ], [ -71.039757666973003, 41.537760812394687 ], [ -71.039759083284864, 41.537817892180243 ], [ -71.039760726022578, 41.537875230166932 ], [ -71.039764239162665, 41.537989992825075 ], [ -71.039765655484985, 41.538047072610702 ], [ -71.039769397223282, 41.538161793315147 ], [ -71.039770813554256, 41.53821887310103 ], [ -71.039772456004542, 41.538276253967588 ], [ -71.039775969495565, 41.538390973747028 ], [ -71.039779256573169, 41.538505435325355 ], [ -71.039781127619889, 41.538562774238315 ], [ -71.039782541814944, 41.538620154179696 ], [ -71.039784186441508, 41.538677234891402 ], [ -71.03978560064175, 41.538734614833047 ], [ -71.039789116028814, 41.53884907733736 ], [ -71.039867242561897, 41.538905095900674 ], [ -71.039868657149214, 41.538962432962094 ], [ -71.039872398817465, 41.539077196545108 ], [ -71.039950525701713, 41.539133215051272 ], [ -71.039951942215495, 41.539190294836082 ], [ -71.040031712016074, 41.539303694152075 ], [ -71.040033126759155, 41.539361031211982 ], [ -71.040113127039163, 41.539474174120187 ], [ -71.040114770136086, 41.539531512104119 ], [ -71.040116184651168, 41.539588892042651 ], [ -71.040194312372066, 41.539644910381867 ], [ -71.040273856735283, 41.539758051328221 ], [ -71.040275728261108, 41.539815390234686 ], [ -71.040353856398141, 41.539871408464371 ], [ -71.040357144583766, 41.539985870029753 ], [ -71.040433856036074, 41.539984808423782 ], [ -71.040435272999176, 41.540041888203682 ], [ -71.040513401244283, 41.54009794920308 ], [ -71.040592945195911, 41.540211304323655 ], [ -71.040594588433478, 41.540268685181132 ], [ -71.040596005546391, 41.540325764959377 ], [ -71.040599520623701, 41.540440484718921 ], [ -71.04052513665026, 41.540498930067272 ], [ -71.040526551554137, 41.540556310002074 ], [ -71.040453582528471, 41.540672092359522 ], [ -71.04045499767939, 41.540729429416182 ], [ -71.040382256301356, 41.540845255531472 ], [ -71.040383671392476, 41.540902592589013 ], [ -71.040387186121308, 41.54101731235663 ], [ -71.040234671716135, 41.541019739307274 ], [ -71.040159600044532, 41.541078438919477 ], [ -71.040161473352654, 41.541135520553503 ], [ -71.040086858044248, 41.541194221967167 ], [ -71.040012242598792, 41.541252923331889 ], [ -71.039937400580371, 41.541311366446379 ], [ -71.039862784861697, 41.541370067712911 ], [ -71.039788171162272, 41.541428468775251 ], [ -71.039713555170565, 41.541487169943927 ], [ -71.039638712605893, 41.541545612861761 ], [ -71.039487837655344, 41.541605634078749 ], [ -71.039412766462547, 41.541664075921894 ], [ -71.039263763549286, 41.541781178488549 ], [ -71.039188691945952, 41.541839620183573 ], [ -71.039039686056128, 41.541957022611868 ], [ -71.03888881142727, 41.54201678575739 ], [ -71.038812095664937, 41.542018103595488 ], [ -71.038737479944615, 41.54207654684744 ], [ -71.038664734242076, 41.542192328986467 ], [ -71.038589659759012, 41.542251027562045 ], [ -71.038516457017209, 41.542366807750852 ], [ -71.038442067055527, 41.542425509012979 ], [ -71.038369091826624, 41.54254133291461 ], [ -71.038372374750836, 41.542656051820586 ], [ -71.038221041277367, 41.542715812222816 ], [ -71.038224554088046, 41.542830274785963 ], [ -71.038226423870114, 41.542887613730258 ], [ -71.03822829334689, 41.542944995553803 ], [ -71.038229708410611, 41.543002075365038 ], [ -71.038153219745112, 41.543003393686476 ], [ -71.038156730287497, 41.543118156407658 ], [ -71.03808234128752, 41.543176557279885 ], [ -71.038083754062725, 41.543233937248452 ], [ -71.038008677827179, 41.543292635441098 ], [ -71.038012190290345, 41.543407098012345 ], [ -71.037937800823116, 41.543465498790191 ], [ -71.037940854731744, 41.543580216781592 ], [ -71.037864593351998, 41.543581578716939 ], [ -71.037867648989902, 41.54369603943492 ], [ -71.037793256890964, 41.543754740273535 ], [ -71.037794898021716, 41.543812078296639 ], [ -71.037720279284969, 41.543870520882273 ], [ -71.037645889013831, 41.543928921469345 ], [ -71.037647301415518, 41.543986301444406 ], [ -71.037648942112568, 41.544043682349255 ], [ -71.03757573562325, 41.544159461935941 ], [ -71.037577604863799, 41.544216800892528 ], [ -71.03750275716331, 41.544275242405845 ], [ -71.037504397738317, 41.544332623313217 ], [ -71.03750626691965, 41.544389962271218 ], [ -71.037431188800738, 41.544448660083461 ], [ -71.037433516366875, 41.544505743627155 ], [ -71.037358438045217, 41.544564441391522 ], [ -71.037285230126912, 41.544680263671665 ], [ -71.037287099122267, 41.54473760263366 ], [ -71.037135759721338, 41.54479736159216 ], [ -71.037139270707911, 41.54491182419396 ], [ -71.037063008036327, 41.544913142711621 ], [ -71.036989797326484, 41.545029222078121 ], [ -71.036991667926642, 41.545086303769494 ], [ -71.036918913484357, 41.545202384952695 ], [ -71.036843836044767, 41.545260782222385 ], [ -71.03684570435226, 41.545318164071794 ], [ -71.036770626400781, 41.545376604172461 ], [ -71.036697871538223, 41.54549264233551 ], [ -71.036623249843871, 41.545551084202195 ], [ -71.036473776197511, 41.545668181253419 ], [ -71.036475644185671, 41.545725563109293 ], [ -71.036400565418731, 41.545784002965725 ], [ -71.036326169552112, 41.545842702845732 ], [ -71.036251547421514, 41.545901101589237 ], [ -71.036176466382528, 41.545959798573833 ], [ -71.036025579659096, 41.54601955791933 ], [ -71.036027447256131, 41.546076939783092 ], [ -71.035874690480156, 41.546079617219497 ], [ -71.035799839362113, 41.546138014733266 ], [ -71.035725214233167, 41.546196713286406 ], [ -71.035648723567036, 41.54619777264471 ], [ -71.03549783361521, 41.546257831444379 ], [ -71.035421112706459, 41.546259146991105 ], [ -71.035346488955383, 41.546317588019562 ], [ -71.035270681176229, 41.546318907202149 ], [ -71.035193960189488, 41.546320222595227 ], [ -71.035117469367236, 41.546321281595617 ], [ -71.035041204665575, 41.546322641634681 ], [ -71.034888903865038, 41.546325319614667 ], [ -71.034812182862709, 41.546326634750031 ], [ -71.034735692026317, 41.546327693493147 ], [ -71.034582934598859, 41.546330369191566 ] ] ] } },
{ "type": "Feature", "properties": { "TMDL_BASIN": "Aucoot Cove", "BBP_SYS_ID": "AUCCOV", "SHED_ACRES": 2929.401, "HECTARES": 1185.4911, "DELIN_YEAR": 2023 }, "geometry": { "type": "Polygon", "coordinates": [ [ [ -70.788035153304506, 41.699951251441036 ], [ -70.787355161352039, 41.699904803649545 ], [ -70.787068187283722, 41.700110026831091 ], [ -70.786869008530203, 41.700346408767238 ], [ -70.786541593056114, 41.700595823405493 ], [ -70.786074379833721, 41.70084556148295 ], [ -70.785539566830863, 41.701030703198391 ], [ -70.78501218917728, 41.701170889880224 ], [ -70.784153776774815, 41.70130111414651 ], [ -70.783339848624209, 41.701431612079716 ], [ -70.782635427045605, 41.70150595779473 ], [ -70.782223598292575, 41.70143583252834 ], [ -70.781869437741392, 41.701228761193612 ], [ -70.781573540855661, 41.700948900391069 ], [ -70.781262363850971, 41.700592409714666 ], [ -70.780921777505583, 41.700230667694726 ], [ -70.780528558390756, 41.699758857672052 ], [ -70.780180846319539, 41.699363866683136 ], [ -70.779758918655233, 41.698941956179183 ], [ -70.779284938555492, 41.698492140198354 ], [ -70.778768548528589, 41.698174860032289 ], [ -70.778104137847549, 41.698159811640643 ], [ -70.777646667809904, 41.698361669258695 ], [ -70.777281267791636, 41.69852847997474 ], [ -70.776820810241148, 41.698706609250948 ], [ -70.77625533474135, 41.698830253923397 ], [ -70.77567569933575, 41.698877212930874 ], [ -70.774911785847081, 41.698852652573514 ], [ -70.77436744490285, 41.698733821473759 ], [ -70.773226765794277, 41.698381020397697 ], [ -70.772870893474519, 41.698258356108262 ], [ -70.772963249825438, 41.697664200358261 ], [ -70.773048732433026, 41.697357865470195 ], [ -70.773165765921277, 41.697018483468206 ], [ -70.773218491540121, 41.696630951560614 ], [ -70.77313883650929, 41.696345133581332 ], [ -70.77303383832006, 41.696021074901431 ], [ -70.772884135093094, 41.695716332606132 ], [ -70.772632397068023, 41.695373984716383 ], [ -70.772234526493065, 41.695022635871823 ], [ -70.771825707179147, 41.694805522885275 ], [ -70.771556461852782, 41.694635259042315 ], [ -70.771185470422282, 41.694408444112192 ], [ -70.770828336822191, 41.694295765450974 ], [ -70.7704967618659, 41.694202382676444 ], [ -70.770075301825827, 41.694013835155836 ], [ -70.769475985887581, 41.693845434805652 ], [ -70.769048114470252, 41.693647603965516 ], [ -70.768607235009384, 41.693430367140358 ], [ -70.768248727608764, 41.69322266214018 ], [ -70.767916660990707, 41.693052829709472 ], [ -70.767609893010516, 41.69291129614593 ], [ -70.767341373667279, 41.692740745502306 ], [ -70.767134281114053, 41.692407723340644 ], [ -70.766850207514807, 41.692013006811543 ], [ -70.766604659995224, 41.691647096934616 ], [ -70.766423682751949, 41.691361558837038 ], [ -70.766197111305516, 41.690999850241965 ], [ -70.76594479657733, 41.690600083913026 ], [ -70.765703319934673, 41.690315045344335 ], [ -70.765417639364756, 41.690049510611388 ], [ -70.764970023595865, 41.690030975962259 ], [ -70.764414583367653, 41.690131756427803 ], [ -70.763920400275538, 41.690258929081587 ], [ -70.763402349834948, 41.690294631038142 ], [ -70.763117712676987, 41.690072672118063 ], [ -70.762867400347488, 41.689859319668777 ], [ -70.762617230889433, 41.689626975080294 ], [ -70.762251900696498, 41.68934717586685 ], [ -70.761886231706256, 41.689048240071045 ], [ -70.76156642110152, 41.688830822950287 ], [ -70.761234007187397, 41.688651214312102 ], [ -70.761002825921622, 41.688452191092047 ], [ -70.760809709368075, 41.68822387077384 ], [ -70.760616587986632, 41.68799611282752 ], [ -70.760385228026308, 41.687772326558509 ], [ -70.755225248267138, 41.683099149388937 ], [ -70.754994064842023, 41.682871413865044 ], [ -70.754648772473971, 41.682644337255411 ], [ -70.754493512037669, 41.682415972545122 ], [ -70.754121960123328, 41.682150549619642 ], [ -70.753609857647533, 41.681790600864375 ], [ -70.753187870697076, 41.681535160892523 ], [ -70.752764407602555, 41.681165473117929 ], [ -70.75241853307692, 41.680909404610333 ], [ -70.752072661621781, 41.680653335052057 ], [ -70.751726183790637, 41.680369123357849 ], [ -70.751360908194229, 41.680055805707404 ], [ -70.750880320683791, 41.679686297620606 ], [ -70.75057255706966, 41.679430192950598 ], [ -70.750303534872231, 41.679231179626974 ], [ -70.749925195906201, 41.67891814635221 ], [ -70.749498640250096, 41.678533864837974 ], [ -70.749220844185388, 41.678231645160366 ], [ -70.748936522785613, 41.67801789629285 ], [ -70.748628539938395, 41.677843007197858 ], [ -70.748288822383543, 41.677578000204349 ], [ -70.748010112501746, 41.677293436865419 ], [ -70.747738770471571, 41.67700858389891 ], [ -70.747574007737327, 41.67666602259866 ], [ -70.747570250480109, 41.676379337065079 ], [ -70.747573247135705, 41.676021002890188 ], [ -70.747530041188227, 41.675634254175712 ], [ -70.747526658280989, 41.675347655521641 ], [ -70.747523005278325, 41.675089332856693 ], [ -70.747442897485982, 41.67480349285669 ], [ -70.747349458699858, 41.674459977349052 ], [ -70.747097613363223, 41.674089227254434 ], [ -70.746857327447046, 41.673833389969474 ], [ -70.746490311480699, 41.67353495738304 ], [ -70.746143102355404, 41.673265073310418 ], [ -70.745892069295735, 41.673066168479203 ], [ -70.745660330158756, 41.672838409809764 ], [ -70.745427835333501, 41.672611208386066 ], [ -70.745108922820293, 41.672366641455589 ], [ -70.744797566057201, 41.672141004951754 ], [ -70.757959872655917, 41.667485945403804 ], [ -70.758302650672206, 41.667753377095252 ], [ -70.75879526931233, 41.667923924659384 ], [ -70.75922715021018, 41.668129254447479 ], [ -70.759579072309435, 41.668429235757735 ], [ -70.759969845358057, 41.66874738263671 ], [ -70.76027377760046, 41.668971773533947 ], [ -70.760590154659099, 41.66909529811668 ], [ -70.761128477274951, 41.669258403408989 ], [ -70.76171229493778, 41.669449281936203 ], [ -70.762121942819334, 41.669872354325491 ], [ -70.762281978886335, 41.67022796603046 ], [ -70.762424630865652, 41.670540743361713 ], [ -70.762567516061594, 41.670853756490899 ], [ -70.762746757621471, 41.671108386203386 ], [ -70.762970270669399, 41.671362692825937 ], [ -70.763322853114715, 41.671681705991901 ], [ -70.763716145562967, 41.672085861624623 ], [ -70.764081483836293, 41.672404767363588 ], [ -70.76441303050116, 41.672656909300571 ], [ -70.764675680263565, 41.672899094621798 ], [ -70.764916466904694, 41.67313572636305 ], [ -70.765216289941179, 41.673388458137531 ], [ -70.765415560990107, 41.67367195956529 ], [ -70.765653879080702, 41.67399768377323 ], [ -70.765999067682827, 41.674321358367742 ], [ -70.766280383925647, 41.67454594337358 ], [ -70.766615203722012, 41.67469328940313 ], [ -70.767011406930365, 41.674777346456167 ], [ -70.767355542506806, 41.674814734502021 ], [ -70.767698564147594, 41.674808783301387 ], [ -70.768193632997367, 41.67480080794779 ], [ -70.768668090512463, 41.674735532874813 ], [ -70.769131034136521, 41.674708917171415 ], [ -70.769599640951299, 41.674662874501188 ], [ -70.769940933728975, 41.674600068650143 ], [ -70.770365016712887, 41.674512413191849 ], [ -70.77089480953633, 41.674377713300224 ], [ -70.77130325524017, 41.674271721351083 ], [ -70.771603814994165, 41.674132961025947 ], [ -70.771981827516939, 41.674030898561575 ], [ -70.772332427354158, 41.673853252294158 ], [ -70.772785676646819, 41.673721374200468 ], [ -70.773262719269567, 41.673532059212619 ], [ -70.773657600652612, 41.673356075174809 ], [ -70.774128089747677, 41.673154733068621 ], [ -70.774507033235693, 41.673091028346384 ], [ -70.77484727733912, 41.672993761465698 ], [ -70.775263370968617, 41.672887635322951 ], [ -70.775755601128324, 41.672783708762296 ], [ -70.77609687942325, 41.672720743767272 ], [ -70.776475705586961, 41.672647652765939 ], [ -70.776855763378961, 41.672585870036301 ], [ -70.777320164265518, 41.672597121563562 ], [ -70.777737732279661, 41.672789041712676 ], [ -70.778022780961535, 41.672975242287727 ], [ -70.778257691767536, 41.673181570281535 ], [ -70.778444641157677, 41.673483962827696 ], [ -70.778632376132933, 41.673805586987967 ], [ -70.778826259204081, 41.674122278928728 ], [ -70.779082068052304, 41.674390310788553 ], [ -70.779391991948458, 41.674556969587172 ], [ -70.779703110497422, 41.674762088995273 ], [ -70.779937685817387, 41.674949278154564 ], [ -70.780246718040374, 41.67508722920968 ], [ -70.780519012783728, 41.675268887697598 ], [ -70.780838766169438, 41.67550717580658 ], [ -70.781152125966884, 41.675788612891118 ], [ -70.781516900518014, 41.676126338291837 ], [ -70.781885801117156, 41.676349308365054 ], [ -70.782120405297988, 41.676546153491785 ], [ -70.782482079485547, 41.676740423165924 ], [ -70.782902637438085, 41.676991336823392 ], [ -70.783402561610103, 41.677341181401836 ], [ -70.783906815482325, 41.677633876640776 ], [ -70.784294805701251, 41.677856499371501 ], [ -70.784604947622995, 41.678023145139868 ], [ -70.784913890730166, 41.678151703798434 ], [ -70.78524953513481, 41.678337078486592 ], [ -70.78561288063176, 41.678579462818234 ], [ -70.786003387524801, 41.67888809144106 ], [ -70.786267834818204, 41.679159256092596 ], [ -70.786709918130086, 41.679628164511492 ], [ -70.787191015440982, 41.680105006375634 ], [ -70.78770763145674, 41.6804937184247 ], [ -70.788282527156269, 41.680755613544363 ], [ -70.789601394411733, 41.681382869350692 ], [ -70.790037845728932, 41.68181046185299 ], [ -70.790519172274443, 41.682304172978938 ], [ -70.790912107108383, 41.682764692302833 ], [ -70.791339977907725, 41.683070674525659 ], [ -70.791876696651329, 41.68313985662575 ], [ -70.792544243669383, 41.68307141587217 ], [ -70.793248002647573, 41.682935667448632 ], [ -70.794076821893441, 41.682844021587243 ], [ -70.795395922882406, 41.68259052439673 ], [ -70.796114173850057, 41.68243290123705 ], [ -70.796817705981255, 41.682248171127384 ], [ -70.798473166245415, 41.681832959686972 ], [ -70.799220873996234, 41.681708700227048 ], [ -70.799836438662268, 41.681535227223478 ], [ -70.800479527218556, 41.681212794351396 ], [ -70.800976359114159, 41.68091309442439 ], [ -70.801444045688044, 41.680652605126006 ], [ -70.801911944584973, 41.680441073500234 ], [ -70.802417528650636, 41.680301238848564 ], [ -70.802886354585894, 41.680210697751455 ], [ -70.803436034303672, 41.68005368387157 ], [ -70.80397017168282, 41.679858868782446 ], [ -70.804533382943788, 41.679630464612934 ], [ -70.805052786950512, 41.679374778653433 ], [ -70.805929443930424, 41.678880980974881 ], [ -70.806218545854634, 41.679182121171586 ], [ -70.806433573010736, 41.67947886990796 ], [ -70.807043717463273, 41.680494391492033 ], [ -70.807525711119766, 41.681058939042813 ], [ -70.808001512846573, 41.681745561067096 ], [ -70.808416630150006, 41.682283249258724 ], [ -70.808801508365633, 41.682650242474772 ], [ -70.809237561235832, 41.683005727550352 ], [ -70.809835391913211, 41.683361066867334 ], [ -70.810166902529701, 41.683552930755305 ], [ -70.809835235856212, 41.683774609904255 ], [ -70.806786649997719, 41.686434822469288 ], [ -70.806464450011816, 41.686715730863526 ], [ -70.806456117157879, 41.68715409143455 ], [ -70.806540025096794, 41.687550770675756 ], [ -70.80667589108991, 41.687984907177466 ], [ -70.806929666369967, 41.688484476641278 ], [ -70.807390976632021, 41.689231225563951 ], [ -70.807851565152077, 41.689889618234076 ], [ -70.80829743011688, 41.690504588627796 ], [ -70.808684238974308, 41.691114133811503 ], [ -70.809049980402961, 41.691850165813179 ], [ -70.809253545711897, 41.692465911782719 ], [ -70.809287449846607, 41.693010848160846 ], [ -70.809400751598801, 41.693434152192495 ], [ -70.809804960507435, 41.694329669936408 ], [ -70.809926011969765, 41.694897601110434 ], [ -70.809688047985787, 41.696053971684321 ], [ -70.809181879134584, 41.698014596907022 ], [ -70.809194413079894, 41.698633163262677 ], [ -70.809295182975134, 41.699226900874926 ], [ -70.809335195986989, 41.699755001068077 ], [ -70.809253145624936, 41.700320312875334 ], [ -70.809029465534323, 41.700816415581905 ], [ -70.808784734836934, 41.701401302643582 ], [ -70.808574810473843, 41.701787754094418 ], [ -70.808291862259296, 41.702191206270612 ], [ -70.807892458904689, 41.702721691217555 ], [ -70.807325368731554, 41.703428979654177 ], [ -70.806887224998718, 41.703739194744799 ], [ -70.806455970996552, 41.703950408229296 ], [ -70.80593588071595, 41.704095800766936 ], [ -70.805452343090295, 41.70426336079494 ], [ -70.805145297795576, 41.704462947006149 ], [ -70.804972692223231, 41.704798309865971 ], [ -70.805047112585171, 41.705243814569883 ], [ -70.804651725053617, 41.705638317156932 ], [ -70.804283536594497, 41.705918032600877 ], [ -70.803853806316724, 41.706294908965468 ], [ -70.8034907491338, 41.706703978614591 ], [ -70.803221300553432, 41.70717291743555 ], [ -70.802548119863573, 41.708469720075506 ], [ -70.801872900840323, 41.709535270197534 ], [ -70.801565336270585, 41.709830946682693 ], [ -70.800645687229959, 41.710146916700147 ], [ -70.800059582671594, 41.710331268840172 ], [ -70.799494949816662, 41.710389133959971 ], [ -70.798892489906606, 41.710386550279381 ], [ -70.798238383851526, 41.710334124025131 ], [ -70.797605658683366, 41.710215422786383 ], [ -70.797112599322432, 41.71004749679944 ], [ -70.796772261557734, 41.709795538741417 ], [ -70.796622512525175, 41.709422080493788 ], [ -70.79651745363519, 41.709124867964967 ], [ -70.796331008039175, 41.708768064665371 ], [ -70.796009868055634, 41.708180267923311 ], [ -70.795712020071306, 41.707608933776179 ], [ -70.795280149476568, 41.706933787904013 ], [ -70.794843545926597, 41.706484269265822 ], [ -70.794370948703147, 41.706183651565702 ], [ -70.793766373800068, 41.705883338531635 ], [ -70.792910867152514, 41.705424459487951 ], [ -70.791922613308571, 41.704883713762293 ], [ -70.791471678115499, 41.704528070189888 ], [ -70.791108987127558, 41.704171848966197 ], [ -70.791011542030063, 41.703919134909761 ], [ -70.790823147144678, 41.703352971179747 ], [ -70.790569625266826, 41.702819602784977 ], [ -70.790249138051081, 41.702281877038182 ], [ -70.789937323937409, 41.70184268380865 ], [ -70.789618393197173, 41.701452966320325 ], [ -70.789284362084928, 41.700986621085278 ], [ -70.789017385226785, 41.700635492544372 ], [ -70.788757561559066, 41.700350248548546 ], [ -70.788403318047912, 41.700098740716477 ], [ -70.788035153304506, 41.699951251441036 ] ] ] } },
{ "type": "Feature", "properties": { "TMDL_BASIN": "Clarks Cove", "BBP_SYS_ID": "CLKCOV", "SHED_ACRES": 1332.298, "HECTARES": 539.1641, "DELIN_YEAR": 2023 }, "geometry": { "type": "Polygon", "coordinates": [ [ [ -70.93429075241103, 41.614214802691059 ], [ -70.932190609826606, 41.614148057015036 ], [ -70.931010427124008, 41.614142154967688 ], [ -70.930765002641209, 41.614140926070199 ], [ -70.928437721537861, 41.614298066330328 ], [ -70.925657627280003, 41.614734800924523 ], [ -70.923854558887598, 41.615007041852543 ], [ -70.922054335285324, 41.614941628870149 ], [ -70.920793645786759, 41.614935211410049 ], [ -70.91912763471376, 41.614482712728353 ], [ -70.918533670840603, 41.614303802451552 ], [ -70.917487844414964, 41.613838730834416 ], [ -70.916740143264036, 41.613506223376952 ], [ -70.915919016287575, 41.613026288596586 ], [ -70.915286254747983, 41.612646211908888 ], [ -70.912759455667612, 41.609245528742413 ], [ -70.911730925943914, 41.607475991841483 ], [ -70.911009560856613, 41.606234852480682 ], [ -70.909204467351117, 41.600158045966452 ], [ -70.909197482640309, 41.599753728017895 ], [ -70.909191290257709, 41.599424496651537 ], [ -70.90910661453448, 41.598953189000802 ], [ -70.909073004576982, 41.598514785408589 ], [ -70.909015502427067, 41.598149139277865 ], [ -70.908933649253328, 41.597839061623908 ], [ -70.909003514861823, 41.59750037801458 ], [ -70.909265730780348, 41.597262579746847 ], [ -70.909450967763377, 41.596984051591662 ], [ -70.909612478745444, 41.596657867638719 ], [ -70.90976199513004, 41.596298241679165 ], [ -70.909964712298134, 41.5959289689374 ], [ -70.910158070988061, 41.59563668339063 ], [ -70.910563115736252, 41.595335483405414 ], [ -70.911071581393173, 41.595282276552162 ], [ -70.927683554078214, 41.592600182967246 ], [ -70.927995899686294, 41.592790709361388 ], [ -70.928134951536535, 41.593089798349595 ], [ -70.928502193776964, 41.593386096025739 ], [ -70.928755315727273, 41.59359903429386 ], [ -70.929157687289987, 41.593822273300312 ], [ -70.929579579319409, 41.593975345165347 ], [ -70.929988554019886, 41.594123520530047 ], [ -70.930384550509189, 41.594252590230347 ], [ -70.930856974422255, 41.594399861263597 ], [ -70.931397801391725, 41.594470096916922 ], [ -70.932072156792799, 41.594557973255235 ], [ -70.932658895121193, 41.594699383559728 ], [ -70.933173842547205, 41.594736702343582 ], [ -70.933743519916959, 41.594787410877281 ], [ -70.934243158479234, 41.59489622043278 ], [ -70.934624565968278, 41.594949327553408 ], [ -70.935065814252098, 41.594972869872592 ], [ -70.937043309401687, 41.596042194708531 ], [ -70.937769684199353, 41.597502372077535 ], [ -70.938363881832274, 41.59823360146018 ], [ -70.938173302164671, 41.598891589170563 ], [ -70.938441072464954, 41.599968007940078 ], [ -70.938899128405978, 41.600421117384364 ], [ -70.939355065058976, 41.601116977204185 ], [ -70.939556611201127, 41.601309188457243 ], [ -70.939435214103199, 41.601686551554089 ], [ -70.93947391029738, 41.601943636928283 ], [ -70.939524029622092, 41.602259050978638 ], [ -70.939742330895299, 41.602515852522146 ], [ -70.940105153237283, 41.602835162414749 ], [ -70.940233341669895, 41.603097270589203 ], [ -70.940373808406292, 41.603142159375665 ], [ -70.94037477517962, 41.603145433368546 ], [ -70.94048361, 41.603341240101805 ], [ -70.94064437999991, 41.603635370101742 ], [ -70.94073625, 41.60375649010178 ], [ -70.94094294999995, 41.60413714010172 ], [ -70.941287419999938, 41.605400180101725 ], [ -70.941792719999967, 41.6063163601018 ], [ -70.941884559999977, 41.606974030101668 ], [ -70.941884489999907, 41.608272020101779 ], [ -70.9401154399999, 41.610937180101715 ], [ -70.940069439999959, 41.611525610101744 ], [ -70.93993149, 41.612892830101757 ], [ -70.940299009999961, 41.613429140101708 ], [ -70.941011130000049, 41.614311560101726 ], [ -70.942202776264594, 41.615688193365138 ], [ -70.94188698060357, 41.616266409595177 ], [ -70.941339525962078, 41.617222740626488 ], [ -70.940873005831648, 41.616556264280959 ], [ -70.938106250723862, 41.615472303426081 ], [ -70.936760241159988, 41.614959182107953 ], [ -70.93429075241103, 41.614214802691059 ] ] ] } },
{ "type": "Feature", "properties": { "TMDL_BASIN": "Cuttyhunk Pond", "BBP_SYS_ID": "CUTPND", "SHED_ACRES": 237.269, "HECTARES": 96.0197, "DELIN_YEAR": 2023 }, "geometry": { "type": "Polygon", "coordinates": [ [ [ -70.922789301717756, 41.429052758112839 ], [ -70.922272397668166, 41.428400820008356 ], [ -70.922279815430926, 41.428424168936594 ], [ -70.9217806974913, 41.42792597506363 ], [ -70.921202582001484, 41.42622577658954 ], [ -70.91925607323239, 41.424920550512844 ], [ -70.919016700046228, 41.424757467703579 ], [ -70.919078970637443, 41.424752064545146 ], [ -70.918124468015591, 41.424182605717107 ], [ -70.918165571662627, 41.424177590760621 ], [ -70.917604711711832, 41.423795465574749 ], [ -70.918079819880148, 41.423753241900343 ], [ -70.919979035778837, 41.423718314289104 ], [ -70.922533777912975, 41.423374046466527 ], [ -70.923664398986659, 41.423022487212734 ], [ -70.924623401299641, 41.421955415413258 ], [ -70.926352932121617, 41.420981567765104 ], [ -70.927602956595123, 41.420541245256651 ], [ -70.929799143603489, 41.420462988934922 ], [ -70.932053079730096, 41.420563636929352 ], [ -70.933833129851223, 41.42057254466517 ], [ -70.935254027393938, 41.420936949765284 ], [ -70.936072168929257, 41.422370283068808 ], [ -70.936351991590513, 41.4242922419362 ], [ -70.934564757400082, 41.425087296761454 ], [ -70.933258901110278, 41.425125437966848 ], [ -70.932427362402322, 41.425210605057487 ], [ -70.931825816399581, 41.426101245735367 ], [ -70.931795529562237, 41.426139452940639 ], [ -70.931675043900398, 41.426322737829025 ], [ -70.930924480968372, 41.427391622116353 ], [ -70.930262609993676, 41.428415577229231 ], [ -70.929006888784343, 41.429481202617993 ], [ -70.927220216189539, 41.430186817087481 ], [ -70.925083837298203, 41.430175999785313 ], [ -70.923309941823476, 41.4294523568012 ], [ -70.922943537802681, 41.429086647132195 ], [ -70.922789301717756, 41.429052758112839 ] ] ] } },
{ "type": "Feature", "properties": { "TMDL_BASIN": "Great Sippewisset Marsh", "BBP_SYS_ID": "GSIPMR", "SHED_ACRES": 1716.599, "HECTARES": 694.6857, "DELIN_YEAR": 2023 }, "geometry": { "type": "Polygon", "coordinates": [ [ [ -70.602833308494311, 41.593976541941892 ], [ -70.603444937039512, 41.593125988046843 ], [ -70.604718455215249, 41.591445525888538 ], [ -70.605264338823147, 41.590709808479701 ], [ -70.605847840046124, 41.590070615036879 ], [ -70.606406307159702, 41.589344558146749 ], [ -70.606858884155784, 41.588954191268854 ], [ -70.607401829674004, 41.588506569323755 ], [ -70.608356640330356, 41.587898980308992 ], [ -70.609335616586108, 41.587357977459995 ], [ -70.610315075526955, 41.586807966077444 ], [ -70.611551541606204, 41.586182297000917 ], [ -70.612376255122953, 41.585708154675054 ], [ -70.613291878945702, 41.585109222720241 ], [ -70.614181159175544, 41.584625441943736 ], [ -70.614903685960101, 41.584112217713916 ], [ -70.615651383922454, 41.583675156222789 ], [ -70.616940302478412, 41.582906336414297 ], [ -70.618035464441391, 41.582299195631961 ], [ -70.618846002805455, 41.581949264832147 ], [ -70.619578486209647, 41.581742787396365 ], [ -70.621223382259203, 41.581215846792972 ], [ -70.622570789056553, 41.580956142292038 ], [ -70.623687740164527, 41.580694644333661 ], [ -70.625189415868448, 41.580387702440383 ], [ -70.62649803147815, 41.580194620071801 ], [ -70.628011119384695, 41.579983396230858 ], [ -70.629165041425537, 41.579866192348803 ], [ -70.630422040086017, 41.579691802711615 ], [ -70.631307568012232, 41.579524688556312 ], [ -70.632205715003423, 41.579338530466252 ], [ -70.633219393022088, 41.579143680203153 ], [ -70.633977664183391, 41.57890860710544 ], [ -70.634709547048004, 41.57874029510706 ], [ -70.635493287132746, 41.578505405978127 ], [ -70.636045546369175, 41.578345847731228 ], [ -70.636699823701321, 41.5782348958546 ], [ -70.637237257401765, 41.578257549787928 ], [ -70.637954433657001, 41.578261869168479 ], [ -70.638491727414262, 41.578322783011757 ], [ -70.639244771869315, 41.578558093215946 ], [ -70.640125314364766, 41.578870897399582 ], [ -70.640647144301028, 41.579191111026333 ], [ -70.640711250712599, 41.579468468276836 ], [ -70.641082291764562, 41.579967618640907 ], [ -70.64123111038856, 41.580606900636191 ], [ -70.641411407620041, 41.581246420344108 ], [ -70.64153287498047, 41.581578234483274 ], [ -70.641560232500922, 41.581885701918601 ], [ -70.641690783697584, 41.582189937720706 ], [ -70.641702713824515, 41.582187804422183 ], [ -70.641949960873021, 41.582989725058702 ], [ -70.642083957499452, 41.58349264764697 ], [ -70.642089787218126, 41.583499251020122 ], [ -70.642229557364956, 41.583657569386098 ], [ -70.642414975178667, 41.583877534435963 ], [ -70.642751730591016, 41.584589139175961 ], [ -70.642935217233685, 41.584992326010628 ], [ -70.643149551423477, 41.585443016070819 ], [ -70.643210338577845, 41.585531450893399 ], [ -70.643661646211584, 41.586188016986185 ], [ -70.643994450561706, 41.586812099833935 ], [ -70.644006548834838, 41.586818579512631 ], [ -70.644425566606031, 41.587659855136003 ], [ -70.644602298916908, 41.588014679261867 ], [ -70.644609374768564, 41.588028885307935 ], [ -70.644629915255393, 41.58804583009379 ], [ -70.644624053898241, 41.588096775807983 ], [ -70.644714827720122, 41.588456510886765 ], [ -70.64476689247023, 41.588990166661503 ], [ -70.64477021074363, 41.589024178156464 ], [ -70.644793799360215, 41.589615241501285 ], [ -70.644805668625295, 41.589660269315786 ], [ -70.644943624213951, 41.590183619536276 ], [ -70.645094713854206, 41.590657465151075 ], [ -70.645150733175782, 41.591177866134565 ], [ -70.645257746429209, 41.591640687649218 ], [ -70.645329147927583, 41.592188216172936 ], [ -70.645322610535132, 41.592278557624482 ], [ -70.645344081072807, 41.592300847701857 ], [ -70.645329993555222, 41.592317421978315 ], [ -70.645313381599891, 41.592406093576756 ], [ -70.645299273910979, 41.592601048730351 ], [ -70.645260153034911, 41.59269021631448 ], [ -70.645089362308482, 41.593079493807195 ], [ -70.644904854220087, 41.593302295888677 ], [ -70.644765163395078, 41.593470977813958 ], [ -70.64457291389455, 41.593602507331745 ], [ -70.644236330342622, 41.593832782424819 ], [ -70.643914332706913, 41.593977966187005 ], [ -70.64383736383715, 41.594012670029343 ], [ -70.642899290047097, 41.594284720748249 ], [ -70.642715024567948, 41.5942456264358 ], [ -70.642537953279671, 41.594208031924936 ], [ -70.642387984234318, 41.594176191318248 ], [ -70.642019519681753, 41.594123930167164 ], [ -70.641889291768905, 41.594105458991514 ], [ -70.641121362715552, 41.594043381795871 ], [ -70.64100770426991, 41.594043754367299 ], [ -70.640134785557976, 41.594046611997854 ], [ -70.637446077080085, 41.593942945500132 ], [ -70.636345100025522, 41.59386874039771 ], [ -70.636014293684468, 41.593995657632178 ], [ -70.635759625852671, 41.594007789535823 ], [ -70.635437477704315, 41.594076245065658 ], [ -70.6350605658251, 41.594147659303815 ], [ -70.632864937625385, 41.594611511582428 ], [ -70.631738677675287, 41.59482575930528 ], [ -70.63103950065819, 41.594972919317286 ], [ -70.629931278416564, 41.595237934613216 ], [ -70.629272792213641, 41.595369075671542 ], [ -70.628511050981388, 41.595540501725161 ], [ -70.627856029209411, 41.59574706962831 ], [ -70.627045660937995, 41.59599295835757 ], [ -70.62594491709477, 41.596366603177238 ], [ -70.625548128072083, 41.596491857110159 ], [ -70.624945215522786, 41.59669655840306 ], [ -70.624519708461662, 41.596810895361962 ], [ -70.624075130014589, 41.596949281962445 ], [ -70.623577209021192, 41.597123271394636 ], [ -70.623010819079198, 41.597287726230533 ], [ -70.62244655285096, 41.597461198666117 ], [ -70.621953279244977, 41.597650973938386 ], [ -70.621570204654844, 41.597841036325988 ], [ -70.621518875861398, 41.59786652599842 ], [ -70.621086423667379, 41.59810347601308 ], [ -70.620714518510425, 41.598298686703046 ], [ -70.619705542005292, 41.598726443020411 ], [ -70.619385036838693, 41.598835946843138 ], [ -70.618864443213198, 41.599075581892997 ], [ -70.618502789883649, 41.599233160677116 ], [ -70.617674538566945, 41.599655548041433 ], [ -70.616893924315022, 41.60007492318509 ], [ -70.61645516044949, 41.600278041754976 ], [ -70.616011396211604, 41.600490123758327 ], [ -70.615211373295168, 41.600929032785018 ], [ -70.614869997122796, 41.601136842833476 ], [ -70.614457387355174, 41.601345222273068 ], [ -70.614075158695925, 41.601552148850026 ], [ -70.6136539552503, 41.601839243486886 ], [ -70.613360671980629, 41.602011408159449 ], [ -70.612559020851307, 41.602538075195859 ], [ -70.61202728346403, 41.602874385442526 ], [ -70.611210529626817, 41.603461139447234 ], [ -70.610727180099445, 41.603740421598694 ], [ -70.610103100010903, 41.604191926990119 ], [ -70.60902353710739, 41.604965691495948 ], [ -70.607479740168728, 41.606014925337419 ], [ -70.606516159164656, 41.606666897632657 ], [ -70.605805034629896, 41.607065359641624 ], [ -70.605429965852395, 41.607292010259364 ], [ -70.604893678980346, 41.607599551619693 ], [ -70.604475617470442, 41.607843868540499 ], [ -70.60394204844421, 41.608144111134479 ], [ -70.603385307600675, 41.608412091628821 ], [ -70.602768184451079, 41.608734742358038 ], [ -70.602375720393056, 41.608997261807779 ], [ -70.601818744506744, 41.609280989920705 ], [ -70.601355600140181, 41.609503554683613 ], [ -70.600894758325339, 41.609722196541156 ], [ -70.600480240074305, 41.609898996854895 ], [ -70.599932318624923, 41.610204172073978 ], [ -70.599422603689078, 41.610484886388434 ], [ -70.598987228293041, 41.610757746567103 ], [ -70.59865909534436, 41.611002755351372 ], [ -70.598314108321844, 41.611272953314106 ], [ -70.598004238673653, 41.611551870243517 ], [ -70.597675590246681, 41.611832888265674 ], [ -70.597342543424318, 41.612106554655611 ], [ -70.596988131150439, 41.612353038256224 ], [ -70.596626339688072, 41.612617470175117 ], [ -70.596210620964115, 41.612983330208088 ], [ -70.595894160606576, 41.613249808575446 ], [ -70.595605513359061, 41.613537891974808 ], [ -70.595377593614245, 41.613773559361007 ], [ -70.59507024441325, 41.614058116070858 ], [ -70.594805932445681, 41.614321630172476 ], [ -70.59454917328037, 41.614581264584174 ], [ -70.594306067925217, 41.614856201537258 ], [ -70.593976860614575, 41.615174346303775 ], [ -70.59353828988327, 41.615589536822121 ], [ -70.593165098668479, 41.615968105717918 ], [ -70.592905613536374, 41.616233905046109 ], [ -70.592538406194592, 41.61653373441824 ], [ -70.592318147064248, 41.616730064365946 ], [ -70.592056541518261, 41.616986278090565 ], [ -70.591793976702633, 41.617283564465971 ], [ -70.591507964574618, 41.617568282297611 ], [ -70.591106000007429, 41.617964622703454 ], [ -70.590769438170199, 41.618270319079627 ], [ -70.590380151212571, 41.618618361715889 ], [ -70.590043534471462, 41.618927432071942 ], [ -70.589714637159688, 41.619220806216795 ], [ -70.589377301514517, 41.619579953843335 ], [ -70.589143127299536, 41.619883089249193 ], [ -70.588933452561122, 41.620150967170254 ], [ -70.588689244340785, 41.620500166937063 ], [ -70.588494821966918, 41.620828943612032 ], [ -70.588293095577797, 41.621196491296672 ], [ -70.588138177507147, 41.621463118733885 ], [ -70.587970627658208, 41.621774102054097 ], [ -70.587822510632421, 41.622063293745427 ], [ -70.587634371137241, 41.622318961633908 ], [ -70.587449167089972, 41.622552705446246 ], [ -70.587167202187516, 41.622866145563918 ], [ -70.586923736620435, 41.623161886182942 ], [ -70.586690009592942, 41.623458267296904 ], [ -70.586492142804701, 41.623738053564153 ], [ -70.586230555052936, 41.624094424379926 ], [ -70.585997908063462, 41.624445962548904 ], [ -70.585748817641516, 41.624793428745946 ], [ -70.585427156840282, 41.625206715373537 ], [ -70.585221062756844, 41.625536518298802 ], [ -70.585013691137618, 41.625929338870051 ], [ -70.584647699570951, 41.626426116682616 ], [ -70.584293028035518, 41.626943806395005 ], [ -70.583893001998405, 41.627459441298789 ], [ -70.583570353200543, 41.627913795857303 ], [ -70.58316697351114, 41.628479486254548 ], [ -70.58291754439368, 41.628848328367361 ], [ -70.582343984508256, 41.629485800813207 ], [ -70.582177526582797, 41.629743323291741 ], [ -70.582006837571029, 41.629955791150749 ], [ -70.581806904216705, 41.630232980980097 ], [ -70.581904367565272, 41.630014052700169 ], [ -70.581999283363629, 41.629802661399758 ], [ -70.582693856831924, 41.628467791057439 ], [ -70.583007966513037, 41.627929519883516 ], [ -70.583449893462827, 41.627212197647488 ], [ -70.583742678632134, 41.62674803595646 ], [ -70.58414145305764, 41.626136160826967 ], [ -70.584381677689478, 41.625675513358324 ], [ -70.584903359077614, 41.624833334272225 ], [ -70.585535659617165, 41.623885682629144 ], [ -70.585742708016355, 41.623593591281903 ], [ -70.586039504995512, 41.622977513039302 ], [ -70.586234136574262, 41.622582900053423 ], [ -70.586297443034738, 41.622377441539562 ], [ -70.586355677750404, 41.622159561674643 ], [ -70.586426500603594, 41.621847803296966 ], [ -70.586492547771826, 41.621345233421792 ], [ -70.586528125593787, 41.621190762419808 ], [ -70.586585078545227, 41.621010013812629 ], [ -70.586651050735014, 41.620854098759132 ], [ -70.586764033830207, 41.620688431836086 ], [ -70.586876559945566, 41.620554838022152 ], [ -70.586992025967461, 41.620451656345097 ], [ -70.587255997430532, 41.620163396111629 ], [ -70.587397165366937, 41.61996700352352 ], [ -70.587537804484569, 41.619781298816875 ], [ -70.587913221740223, 41.619276709287881 ], [ -70.588142323877236, 41.618882369819893 ], [ -70.58856799019776, 41.618192473062003 ], [ -70.589255954677938, 41.61738255958749 ], [ -70.589642029112127, 41.61697034132974 ], [ -70.59030186728512, 41.616317204314171 ], [ -70.590941295155076, 41.615648143273695 ], [ -70.590976941012016, 41.615613275721188 ], [ -70.591600627450731, 41.615003217372525 ], [ -70.592324556770251, 41.614295087520183 ], [ -70.593049394926211, 41.613469689229497 ], [ -70.593176068322109, 41.613341267048618 ], [ -70.593810626070493, 41.612641200134483 ], [ -70.594483379989654, 41.611784426350795 ], [ -70.594724695306837, 41.611363289037264 ], [ -70.595053465528977, 41.61078951982423 ], [ -70.595640786676583, 41.609661375563945 ], [ -70.596395728674864, 41.608476035148037 ], [ -70.596454113970864, 41.608355325856664 ], [ -70.596775339093767, 41.607691200442162 ], [ -70.597435086949247, 41.606606954891888 ], [ -70.597925953952725, 41.605693567241744 ], [ -70.598209536387316, 41.605096487503992 ], [ -70.598513238090334, 41.604534457306791 ], [ -70.598816755434925, 41.604011817488463 ], [ -70.598956794365762, 41.603198063728705 ], [ -70.59904543510504, 41.602759820350144 ], [ -70.599132762461323, 41.602225232444489 ], [ -70.599180393767512, 41.601933645552883 ], [ -70.599190744190437, 41.601882891783625 ], [ -70.599351921233094, 41.601092566186203 ], [ -70.599366861123045, 41.600924040128987 ], [ -70.599388013474055, 41.60068542016127 ], [ -70.599445054434199, 41.600366357245747 ], [ -70.600254520531706, 41.599563942704201 ], [ -70.601248161032942, 41.598306412521424 ], [ -70.601716960019601, 41.596511928316048 ], [ -70.60244812627684, 41.594985914532046 ], [ -70.602737859203202, 41.594078428636315 ], [ -70.602833308494311, 41.593976541941892 ] ] ] } },
{ "type": "Feature", "properties": { "TMDL_BASIN": "Little River", "BBP_SYS_ID": "LTLRIV", "SHED_ACRES": 1392.389, "HECTARES": 563.482, "DELIN_YEAR": 2023 }, "geometry": { "type": "Polygon", "coordinates": [ [ [ -70.96847014302196, 41.560383095493556 ], [ -70.968310379547034, 41.560318869778484 ], [ -70.967800553016744, 41.560332637904409 ], [ -70.967682810321534, 41.56033581718588 ], [ -70.9670249303757, 41.560353579570197 ], [ -70.966668203473063, 41.56014229342847 ], [ -70.966603607920106, 41.560104033174881 ], [ -70.966382160178256, 41.55997286965097 ], [ -70.966208245487749, 41.559972880649347 ], [ -70.966157510432865, 41.55997288346019 ], [ -70.965853215157153, 41.559972903091598 ], [ -70.965839882561113, 41.559972904306385 ], [ -70.965739430194319, 41.559972909862481 ], [ -70.965588832285007, 41.560086477051286 ], [ -70.965571076037193, 41.560099866619005 ], [ -70.965326290166885, 41.560284459697321 ], [ -70.964380464745716, 41.560311932447206 ], [ -70.964216780459964, 41.560316685879123 ], [ -70.964132649904727, 41.560319129590347 ], [ -70.96374914842707, 41.560580763845394 ], [ -70.963687674478649, 41.560622701778129 ], [ -70.963417190738511, 41.560778180216367 ], [ -70.963367141263731, 41.560841373859866 ], [ -70.963367107510891, 41.560841396209597 ], [ -70.963168600477118, 41.560976819887259 ], [ -70.962783013535628, 41.56152922983658 ], [ -70.962776711318895, 41.561538258642656 ], [ -70.962709540545134, 41.561634490205272 ], [ -70.961240420226844, 41.561634529589668 ], [ -70.960388770066487, 41.561249288460907 ], [ -70.960340094380612, 41.561227270015834 ], [ -70.960322209576304, 41.561219179837821 ], [ -70.960233442933855, 41.561207708630512 ], [ -70.959154735344825, 41.56106963684671 ], [ -70.957364760361529, 41.560975229759258 ], [ -70.956413126085081, 41.560985442006711 ], [ -70.955895670600682, 41.560905209808958 ], [ -70.955482539607758, 41.560455339668621 ], [ -70.955207379987016, 41.558379109902376 ], [ -70.954840429761788, 41.556233659565983 ], [ -70.954932519979309, 41.554226650106166 ], [ -70.95516230994474, 41.552323480285438 ], [ -70.955300240435221, 41.550765149672124 ], [ -70.955438150171886, 41.549242599576019 ], [ -70.95516293958255, 41.547858439907017 ], [ -70.954887700255028, 41.546751099937339 ], [ -70.953832479840514, 41.543844310332055 ], [ -70.953649010400653, 41.543083020190579 ], [ -70.953236059926667, 41.542390910373705 ], [ -70.953144369838739, 41.541837249982045 ], [ -70.953327989951418, 41.541560429620041 ], [ -70.953787000521032, 41.54121443981176 ], [ -70.95442223549405, 41.540804024678039 ], [ -70.954429610266459, 41.54079926024712 ], [ -70.955026289829661, 41.540487870029295 ], [ -70.956265510284538, 41.539968909973915 ], [ -70.957137570010588, 41.539484520300221 ], [ -70.959202880217745, 41.538723349738547 ], [ -70.960671500305935, 41.538342169989299 ], [ -70.961222230486612, 41.537961550083978 ], [ -70.96154352025853, 41.537407899589716 ], [ -70.96195653047252, 41.537719339924699 ], [ -70.962806226344512, 41.538157713678089 ], [ -70.962828490083126, 41.53816919969406 ], [ -70.963468916479457, 41.537867420002108 ], [ -70.963547505942643, 41.537830387369667 ], [ -70.963562799619964, 41.537823180154653 ], [ -70.963606026199301, 41.537770215811719 ], [ -70.963929939952735, 41.537373329822458 ], [ -70.964205289534405, 41.537234909564454 ], [ -70.964473563404766, 41.537122538056266 ], [ -70.964622636345908, 41.53705504634415 ], [ -70.964630053465882, 41.53705295915389 ], [ -70.964664219818658, 41.537026899731551 ], [ -70.966178669533306, 41.53661164038143 ], [ -70.967601310047897, 41.536196359861187 ], [ -70.96833555019586, 41.535884909640075 ], [ -70.969574609788197, 41.535608029821297 ], [ -70.970354769778936, 41.535642590245345 ], [ -70.971226740039157, 41.535780959612786 ], [ -70.971316377141434, 41.535795449867116 ], [ -70.97134411319594, 41.535851949309851 ], [ -70.971559647645961, 41.536290996537069 ], [ -70.971722797972973, 41.536718559385022 ], [ -70.971813723406896, 41.536964241963759 ], [ -70.971592121502923, 41.53741188685202 ], [ -70.97139895260085, 41.537819651344378 ], [ -70.971361799377661, 41.538590445060557 ], [ -70.971376154806038, 41.538609003677571 ], [ -70.97134967513793, 41.538647300901673 ], [ -70.97133996856418, 41.53887869545153 ], [ -70.971447040355329, 41.539134070355765 ], [ -70.971687165666651, 41.539331472936468 ], [ -70.972160491844079, 41.539620776987398 ], [ -70.972801377865807, 41.539924040485893 ], [ -70.973279046264267, 41.540160627215002 ], [ -70.97358178467762, 41.540331948939574 ], [ -70.973783482489765, 41.540461787072616 ], [ -70.974358566311196, 41.540707609214266 ], [ -70.974800770045533, 41.540703355901833 ], [ -70.976587264612903, 41.540634791528639 ], [ -70.977500093765542, 41.540429079134675 ], [ -70.977429367097244, 41.541062623657993 ], [ -70.977366181711844, 41.541537047470108 ], [ -70.978845113931456, 41.543705937193728 ], [ -70.979256036088458, 41.544330450741128 ], [ -70.979746332453146, 41.545253791373412 ], [ -70.979829003382349, 41.545668249501205 ], [ -70.979922006149806, 41.546367437819008 ], [ -70.979801827388897, 41.547002708397116 ], [ -70.98030509967279, 41.548112108563579 ], [ -70.980661959385827, 41.548657078502352 ], [ -70.980803578985032, 41.548949416665216 ], [ -70.981110565753923, 41.549758144158851 ], [ -70.98132113915868, 41.550325392850631 ], [ -70.981735359257698, 41.550910782277512 ], [ -70.981938978460036, 41.551195000627629 ], [ -70.982536705229407, 41.552054942413882 ], [ -70.98298812519667, 41.552749503381968 ], [ -70.983517080437778, 41.553561204665954 ], [ -70.983683469979781, 41.553851740339624 ], [ -70.983813843064823, 41.554115621415121 ], [ -70.984070078408465, 41.554737445677596 ], [ -70.984386631821479, 41.555537005802705 ], [ -70.984515033552711, 41.5559699608309 ], [ -70.984701256108821, 41.556776207816675 ], [ -70.984815970643922, 41.557322180316618 ], [ -70.984903645833384, 41.55800808141251 ], [ -70.984824768138438, 41.558580452270874 ], [ -70.984624601059295, 41.558862469402648 ], [ -70.98420774100012, 41.559311347017236 ], [ -70.983910911623212, 41.559512976545435 ], [ -70.981601213994665, 41.55996591746792 ], [ -70.981159132573467, 41.560057738552231 ], [ -70.980447552387986, 41.560265378576148 ], [ -70.979713013312519, 41.560576817807217 ], [ -70.979093252966308, 41.561043978086047 ], [ -70.978717863922554, 41.561474660305045 ], [ -70.978652809316372, 41.561813331539263 ], [ -70.978186304816575, 41.562244065515813 ], [ -70.97776187121525, 41.562635947492602 ], [ -70.977244150242967, 41.562964076513083 ], [ -70.976751821750739, 41.563276107254879 ], [ -70.976045228876288, 41.563473912688728 ], [ -70.97537004579641, 41.564208340017444 ], [ -70.975232824635697, 41.565288211701542 ], [ -70.974646909470479, 41.564748700282898 ], [ -70.973361129849508, 41.563675850359438 ], [ -70.973177449981719, 41.563537420274898 ], [ -70.973039539720787, 41.562706720391809 ], [ -70.972893162363675, 41.562573171844406 ], [ -70.972864831485026, 41.562547324007824 ], [ -70.972817844647452, 41.562370287841432 ], [ -70.972403068746573, 41.562126029154832 ], [ -70.972336207169903, 41.562065027341191 ], [ -70.972167069728499, 41.561910710424648 ], [ -70.971534144343252, 41.56159268638983 ], [ -70.97120287032341, 41.561426230051019 ], [ -70.971133365315097, 41.561395671996991 ], [ -70.970100940111436, 41.560941749814297 ], [ -70.969632806510901, 41.560794741019329 ], [ -70.969300971905696, 41.560690532501532 ], [ -70.968547757186315, 41.560414296384941 ], [ -70.96847014302196, 41.560383095493556 ] ] ] } },
{ "type": "Feature", "properties": { "TMDL_BASIN": "Little Sippewisset Marsh", "BBP_SYS_ID": "LSIPMR", "SHED_ACRES": 776.499, "HECTARES": 314.2394, "DELIN_YEAR": 2023 }, "geometry": { "type": "Polygon", "coordinates": [ [ [ -70.606651625749279, 41.578557426998877 ], [ -70.606892158664664, 41.577647099288143 ], [ -70.607046327531876, 41.577313474589168 ], [ -70.607366100172285, 41.577035175275483 ], [ -70.608230856063557, 41.576424067260724 ], [ -70.608922696184251, 41.576012498429186 ], [ -70.610149516354767, 41.57531192472176 ], [ -70.611201001873894, 41.574877272635113 ], [ -70.612073264403733, 41.574449651292746 ], [ -70.613290014995172, 41.574065793930352 ], [ -70.615236698810818, 41.573300439655206 ], [ -70.616337257642542, 41.572943219585937 ], [ -70.617281884460112, 41.572670877974559 ], [ -70.617953971694021, 41.572489266182728 ], [ -70.619024919436768, 41.572266850338558 ], [ -70.619888134116337, 41.572136794207481 ], [ -70.620700661380127, 41.571986642907902 ], [ -70.621846712990845, 41.57183287472369 ], [ -70.623019908143021, 41.571611774640239 ], [ -70.624527508621142, 41.571376920848031 ], [ -70.625750204668236, 41.571233833675528 ], [ -70.626507298406082, 41.571217711454487 ], [ -70.627894915681196, 41.571124828668665 ], [ -70.629681492133727, 41.5714238464708 ], [ -70.630625663540599, 41.571593149118073 ], [ -70.63155366500574, 41.571877683813128 ], [ -70.632393297983242, 41.572103009981447 ], [ -70.633081502909107, 41.572249514851684 ], [ -70.633904076656179, 41.572236209387441 ], [ -70.633979845448863, 41.57223498349655 ], [ -70.634927463227228, 41.572289475711479 ], [ -70.635084351062716, 41.572328838362921 ], [ -70.635665363799262, 41.572474610274575 ], [ -70.636371683775565, 41.572890226901634 ], [ -70.636986204565702, 41.573361979236296 ], [ -70.637369969009413, 41.573829724913892 ], [ -70.637555733302733, 41.574063068396057 ], [ -70.637698286602301, 41.574242132038087 ], [ -70.637713086475699, 41.574269204020837 ], [ -70.637728942685271, 41.574280639514903 ], [ -70.637765709833786, 41.574326823103405 ], [ -70.638068076492829, 41.574525221220277 ], [ -70.638079900088286, 41.574533748289532 ], [ -70.638083664125418, 41.574534891698029 ], [ -70.638285996727816, 41.574629855999312 ], [ -70.638612036643295, 41.57478288066833 ], [ -70.639627522109436, 41.575107134752173 ], [ -70.639628387755224, 41.575107411155699 ], [ -70.639704112627797, 41.575132641735522 ], [ -70.639705831687792, 41.575135034975496 ], [ -70.640188819681967, 41.575296558695484 ], [ -70.640555967573277, 41.575481040956298 ], [ -70.6406758967359, 41.575558248124999 ], [ -70.640867158654103, 41.575723993233986 ], [ -70.640973411446183, 41.575957209348388 ], [ -70.640999654674417, 41.576014810792799 ], [ -70.640883697915328, 41.576334700484779 ], [ -70.64079128250043, 41.576597214865942 ], [ -70.640652353081748, 41.576991852311409 ], [ -70.640649535826498, 41.576995162338413 ], [ -70.640565746928061, 41.577093606734906 ], [ -70.640583853895464, 41.577098485204345 ], [ -70.640383933654448, 41.577331486432243 ], [ -70.640308350296593, 41.577396022277384 ], [ -70.640107590508549, 41.577567437477491 ], [ -70.639689083369987, 41.577793997141875 ], [ -70.639573468519259, 41.57785658491494 ], [ -70.638989794105996, 41.578068257721526 ], [ -70.638345850498382, 41.578163544167396 ], [ -70.637954433657001, 41.578261869168479 ], [ -70.637237257401765, 41.578257549787928 ], [ -70.636699823701321, 41.5782348958546 ], [ -70.636045546369175, 41.578345847731228 ], [ -70.635493287132746, 41.578505405978127 ], [ -70.634709547048004, 41.57874029510706 ], [ -70.633977664183391, 41.57890860710544 ], [ -70.633219393022088, 41.579143680203153 ], [ -70.632205715003423, 41.579338530466252 ], [ -70.631307568012232, 41.579524688556312 ], [ -70.630422040086017, 41.579691802711615 ], [ -70.629165041425537, 41.579866192348803 ], [ -70.628011119384695, 41.579983396230858 ], [ -70.62649803147815, 41.580194620071801 ], [ -70.625189415868448, 41.580387702440383 ], [ -70.623687740164527, 41.580694644333661 ], [ -70.622570789056553, 41.580956142292038 ], [ -70.621223382259203, 41.581215846792972 ], [ -70.619578486209647, 41.581742787396365 ], [ -70.618846002805455, 41.581949264832147 ], [ -70.618035464441391, 41.582299195631961 ], [ -70.616940302478412, 41.582906336414297 ], [ -70.615651383922454, 41.583675156222789 ], [ -70.614903685960101, 41.584112217713916 ], [ -70.614181159175544, 41.584625441943736 ], [ -70.613291878945702, 41.585109222720241 ], [ -70.612376255122953, 41.585708154675054 ], [ -70.611551541606204, 41.586182297000917 ], [ -70.610315075526955, 41.586807966077444 ], [ -70.609335616586108, 41.587357977459995 ], [ -70.608356640330356, 41.587898980308992 ], [ -70.607401829674004, 41.588506569323755 ], [ -70.606858884155784, 41.588954191268854 ], [ -70.606406307159702, 41.589344558146749 ], [ -70.605847840046124, 41.590070615036879 ], [ -70.605264338823147, 41.590709808479701 ], [ -70.604718455215249, 41.591445525888538 ], [ -70.603444937039512, 41.593125988046843 ], [ -70.602833308494311, 41.593976541941892 ], [ -70.602737859203202, 41.594078428636315 ], [ -70.60244812627684, 41.594985914532046 ], [ -70.601716960019601, 41.596511928316048 ], [ -70.601248161032942, 41.598306412521424 ], [ -70.600254520531706, 41.599563942704201 ], [ -70.599445054434199, 41.600366357245747 ], [ -70.599477526313422, 41.600184718000243 ], [ -70.599554163068674, 41.599879751263693 ], [ -70.599673124268989, 41.5995239094567 ], [ -70.599972737396257, 41.59890331714346 ], [ -70.6001397130036, 41.598438118656958 ], [ -70.600181886383723, 41.598264562442829 ], [ -70.600276953771427, 41.597874765754405 ], [ -70.600376962212295, 41.597346571268595 ], [ -70.600441006739288, 41.596763505105272 ], [ -70.600480852800416, 41.596035057487313 ], [ -70.600484573143362, 41.595905656818566 ], [ -70.600489650805045, 41.595728990375164 ], [ -70.600536005587799, 41.59533768236701 ], [ -70.600643402417319, 41.595083606119935 ], [ -70.600782119734959, 41.594814583371431 ], [ -70.600886975143311, 41.594341013763156 ], [ -70.600967586276866, 41.593671977516863 ], [ -70.601057519356061, 41.593139763563705 ], [ -70.601102770766587, 41.592826669082328 ], [ -70.601186687281583, 41.591921866064276 ], [ -70.601187244144086, 41.59170378947114 ], [ -70.601651577926418, 41.590791036229184 ], [ -70.602137817287456, 41.589633361292115 ], [ -70.602518664291452, 41.588800684869106 ], [ -70.603254633628737, 41.587096858319299 ], [ -70.603531025349128, 41.58638828494982 ], [ -70.604293491940254, 41.584608127092707 ], [ -70.604622267965055, 41.583823430138793 ], [ -70.605119618131013, 41.582828465983241 ], [ -70.605842709580926, 41.58112452242198 ], [ -70.606186525579346, 41.580118778539898 ], [ -70.606359726637137, 41.579496050476578 ], [ -70.606651625749279, 41.578557426998877 ] ] ] } },
{ "type": "Feature", "properties": { "TMDL_BASIN": "Mattapoisett Harbor", "BBP_SYS_ID": "MATHRB", "SHED_ACRES": 19084.403, "HECTARES": 7723.2149, "DELIN_YEAR": 2023 }, "geometry": { "type": "Polygon", "coordinates": [ [ [ -70.829994298419777, 41.81669409774026 ], [ -70.830040021174227, 41.816321648695961 ], [ -70.830240472076397, 41.81601445722422 ], [ -70.830516256616946, 41.815735825900177 ], [ -70.830798400984634, 41.815413722419969 ], [ -70.831119809956505, 41.815196704770997 ], [ -70.831702256697511, 41.814942095295407 ], [ -70.832101451649621, 41.814733730833183 ], [ -70.832477627918934, 41.814459838096262 ], [ -70.8327879137953, 41.814266993714106 ], [ -70.833166348973279, 41.814006310244388 ], [ -70.833545542748411, 41.813802948577582 ], [ -70.833962182956114, 41.813527392528819 ], [ -70.83449264259032, 41.813222768285492 ], [ -70.834894148800586, 41.812967397716562 ], [ -70.835249400989071, 41.812701495551778 ], [ -70.835589334018977, 41.812412355887453 ], [ -70.835911060318196, 41.81219495157125 ], [ -70.836232720670552, 41.811977639762311 ], [ -70.836574008855436, 41.811803068384968 ], [ -70.83706619724947, 41.81148418812672 ], [ -70.83758421319888, 41.811184166742649 ], [ -70.837899345906322, 41.810962169798188 ], [ -70.838009406641348, 41.810572379818723 ], [ -70.838002321009469, 41.810120647513877 ], [ -70.837985249537169, 41.809774790978032 ], [ -70.837935955790655, 41.809382773975116 ], [ -70.837824884466102, 41.808943960200224 ], [ -70.837717647988526, 41.80854403262979 ], [ -70.837627050333296, 41.807970736549265 ], [ -70.837428859445765, 41.807549405499358 ], [ -70.8372275990871, 41.807141322466848 ], [ -70.837068534984311, 41.806659787405266 ], [ -70.836989337275355, 41.806291305076904 ], [ -70.836905164836409, 41.805887891250663 ], [ -70.836734775470902, 41.805517277352827 ], [ -70.83665912502083, 41.805147129830651 ], [ -70.836552560900543, 41.804759259686705 ], [ -70.836469284148336, 41.804360320581814 ], [ -70.836383151088086, 41.80400250716179 ], [ -70.836300900112761, 41.803573693628557 ], [ -70.836296589240732, 41.803232474086158 ], [ -70.836275465007162, 41.802875315899556 ], [ -70.836210050889733, 41.802486336843543 ], [ -70.836206351899278, 41.802200164823212 ], [ -70.836201673607817, 41.80187572114999 ], [ -70.836197142038841, 41.801529665043496 ], [ -70.836167412834158, 41.801197968049095 ], [ -70.836113031450211, 41.800941065650726 ], [ -70.836129789815701, 41.80058973661037 ], [ -70.836177462732451, 41.800307133606907 ], [ -70.836099106230549, 41.799939035701797 ], [ -70.836095046531952, 41.799624443438489 ], [ -70.836091617528737, 41.79936669103472 ], [ -70.836086557886759, 41.798994600220347 ], [ -70.836081951943555, 41.798651117715927 ], [ -70.8360711815738, 41.798346823197733 ], [ -70.835972244761905, 41.798079303043281 ], [ -70.835869316356082, 41.797551498912618 ], [ -70.835754406448558, 41.797180011663869 ], [ -70.835654936969959, 41.796717089981726 ], [ -70.83568691389695, 41.796252616800508 ], [ -70.835970300036337, 41.796046694170627 ], [ -70.836337578670339, 41.795802764690947 ], [ -70.836481636243917, 41.795533050326469 ], [ -70.836350691672251, 41.795285086592415 ], [ -70.836193638468814, 41.795027360802337 ], [ -70.836012763177578, 41.794710569003605 ], [ -70.835825021232623, 41.794320556090518 ], [ -70.835682785542829, 41.793887586106862 ], [ -70.835524240480765, 41.793459266931798 ], [ -70.83535090273044, 41.793032606391137 ], [ -70.835042723324548, 41.792660210296589 ], [ -70.834776035745691, 41.792419938885999 ], [ -70.834465961721421, 41.792078893364433 ], [ -70.834157003322986, 41.791823482984711 ], [ -70.833887502326931, 41.791654213226018 ], [ -70.833603500818029, 41.791480439713112 ], [ -70.833360594273174, 41.791234413238016 ], [ -70.832989025380286, 41.790961698039375 ], [ -70.832760076078912, 41.790769339845532 ], [ -70.832446052024224, 41.790514349617062 ], [ -70.832185574792618, 41.790259863304712 ], [ -70.831937107201824, 41.789994828043561 ], [ -70.831533014691644, 41.789754703088398 ], [ -70.831229439170627, 41.789587326750585 ], [ -70.831052229809401, 41.789352275939791 ], [ -70.830789697725848, 41.789065583998166 ], [ -70.830448050696234, 41.788678228615908 ], [ -70.830755252012224, 41.788300550303802 ], [ -70.831290892792026, 41.787906311310763 ], [ -70.832568113281013, 41.787197152467407 ], [ -70.833040030451386, 41.786935118664367 ], [ -70.833497440774352, 41.78668113613405 ], [ -70.835091188107441, 41.785586920564754 ], [ -70.835324809700623, 41.784761503177094 ], [ -70.835708276427567, 41.784155736755899 ], [ -70.835559643263124, 41.78344238015783 ], [ -70.835841463623254, 41.782603704669853 ], [ -70.83514338886016, 41.781444491947433 ], [ -70.835043507898931, 41.780965079182003 ], [ -70.834297847356126, 41.780192521840277 ], [ -70.83250371359604, 41.778333570718942 ], [ -70.831964409466579, 41.777708754727996 ], [ -70.831626770588841, 41.777362600858375 ], [ -70.831268704597747, 41.776970678792111 ], [ -70.83087052906248, 41.77654560765054 ], [ -70.829312773793006, 41.775495589376767 ], [ -70.828162296988779, 41.77371606280969 ], [ -70.827957682860259, 41.773498945628553 ], [ -70.828160641091927, 41.77320503876863 ], [ -70.828539262701128, 41.772899024810762 ], [ -70.828911203330961, 41.772570142400077 ], [ -70.829060869037235, 41.772339739446537 ], [ -70.829231600936538, 41.772099820996203 ], [ -70.829429044751294, 41.771762486318643 ], [ -70.82964621385797, 41.771515281322216 ], [ -70.829927850931753, 41.771211384901413 ], [ -70.830149024476825, 41.770957028984057 ], [ -70.830470500976034, 41.770752286958164 ], [ -70.832356760647755, 41.770709870102245 ], [ -70.834258575807809, 41.770237120540202 ], [ -70.835503443154821, 41.770101356685046 ], [ -70.83677408415322, 41.770057429623719 ], [ -70.836639119236636, 41.770824924307533 ], [ -70.837012765909819, 41.770986623481171 ], [ -70.837759087331889, 41.770857863181838 ], [ -70.838287354134238, 41.770689163526733 ], [ -70.839001414253318, 41.771831258101855 ], [ -70.840049070590226, 41.772936284817789 ], [ -70.841153918061096, 41.773236784483551 ], [ -70.842285127068067, 41.772784018281307 ], [ -70.843683679200993, 41.77258015611563 ], [ -70.843697915586048, 41.771749768306179 ], [ -70.842938860088566, 41.770896037221497 ], [ -70.843148289030466, 41.770519142972944 ], [ -70.842741559799606, 41.76952138557111 ], [ -70.842216563101161, 41.768890595989618 ], [ -70.841649775869342, 41.767500578132044 ], [ -70.841548400410986, 41.767118171975348 ], [ -70.841391877293376, 41.766454872113755 ], [ -70.841333234500738, 41.766191433871725 ], [ -70.841254951832809, 41.765678207103946 ], [ -70.841270266550197, 41.76515081394966 ], [ -70.841309148084022, 41.764664274160026 ], [ -70.841287408829174, 41.764184390972048 ], [ -70.841403630907934, 41.763716665558128 ], [ -70.841722099533612, 41.76324389426351 ], [ -70.84250757161162, 41.762115425899047 ], [ -70.843633224848446, 41.761013628489948 ], [ -70.843929241449956, 41.760745511582044 ], [ -70.844159166561255, 41.760542517895196 ], [ -70.844553013480962, 41.760255318419425 ], [ -70.844911681201296, 41.760078547188414 ], [ -70.84544931291002, 41.759883640119909 ], [ -70.845952784022941, 41.759781295053919 ], [ -70.846206852526024, 41.759480282409484 ], [ -70.846164192116916, 41.759109904575858 ], [ -70.845832836120351, 41.758787850048684 ], [ -70.845452856504494, 41.758378898056712 ], [ -70.845205570194508, 41.757295844004489 ], [ -70.845034573962565, 41.755963403709032 ], [ -70.845010535586596, 41.755451691864728 ], [ -70.845045384270449, 41.755105094026135 ], [ -70.845161667362788, 41.75481315630369 ], [ -70.845434514250854, 41.754565914023743 ], [ -70.846070631058154, 41.754358897704151 ], [ -70.846837284636919, 41.754177193831303 ], [ -70.847165687970929, 41.754103863822444 ], [ -70.847747816530898, 41.754010128864188 ], [ -70.848554444055083, 41.753930011411825 ], [ -70.849571939198213, 41.753845783031402 ], [ -70.849926712833238, 41.753816412191632 ], [ -70.850601967516425, 41.753770693722501 ], [ -70.851807729730965, 41.753727423794906 ], [ -70.85213442864972, 41.753593702296946 ], [ -70.852561512801529, 41.753281277244952 ], [ -70.852810269533123, 41.752890076450576 ], [ -70.852665531043513, 41.752541126149943 ], [ -70.851883308213871, 41.751443630510984 ], [ -70.851266392781483, 41.750700798108149 ], [ -70.850606365794931, 41.750043794399652 ], [ -70.85059437984134, 41.749724225029702 ], [ -70.850141873085747, 41.749069834831687 ], [ -70.849874940424684, 41.748506186841652 ], [ -70.849651566156709, 41.747784913975558 ], [ -70.849235904819295, 41.747023951972253 ], [ -70.849336844094665, 41.746629866989707 ], [ -70.849409789633512, 41.746346902537425 ], [ -70.848824107901891, 41.745834446359297 ], [ -70.848436689934246, 41.74530409522766 ], [ -70.847892699427902, 41.744436620294522 ], [ -70.84659960404511, 41.74285186151883 ], [ -70.84627144299624, 41.742319318734346 ], [ -70.845868430153217, 41.741594452241216 ], [ -70.845418543279493, 41.740697117754458 ], [ -70.844468486941196, 41.738644420785036 ], [ -70.843757956105208, 41.737232926496105 ], [ -70.843509602565064, 41.736579284311603 ], [ -70.842422862420378, 41.734150436385661 ], [ -70.841589047947892, 41.732937987032408 ], [ -70.840750605389971, 41.73199505507673 ], [ -70.840349579720154, 41.73149020933942 ], [ -70.839866714156344, 41.730908918344191 ], [ -70.839273876771358, 41.730284219212159 ], [ -70.838776265095944, 41.729714092612916 ], [ -70.838601119066894, 41.729360391072866 ], [ -70.838534059437109, 41.728889280377743 ], [ -70.838494294633733, 41.728482121273892 ], [ -70.838491646284226, 41.728129086419486 ], [ -70.838592100693688, 41.727754810938606 ], [ -70.838793435154173, 41.727467787503947 ], [ -70.839011879939207, 41.7271748339911 ], [ -70.839390575429078, 41.7268203858875 ], [ -70.839769448085988, 41.726515925068185 ], [ -70.84018564763646, 41.7262274156 ], [ -70.84053585911218, 41.725950666664929 ], [ -70.840923019895129, 41.725657953646078 ], [ -70.841251870439663, 41.725512077372727 ], [ -70.841889014103117, 41.725259842799105 ], [ -70.842349102589665, 41.72499468121584 ], [ -70.842816771391554, 41.724698709778529 ], [ -70.843092500794327, 41.724301650902106 ], [ -70.843154496200938, 41.72375025826296 ], [ -70.842995341829493, 41.723300816061247 ], [ -70.842831075324142, 41.722949283469703 ], [ -70.842592557785395, 41.722587192654707 ], [ -70.842309057156513, 41.722125799922694 ], [ -70.84209198401291, 41.721614706832938 ], [ -70.841836477093466, 41.720988592953816 ], [ -70.841622738371285, 41.720348568258075 ], [ -70.841525641573696, 41.719013048022909 ], [ -70.841560977753844, 41.718099013240789 ], [ -70.841594855988617, 41.717501471054554 ], [ -70.841455885112211, 41.7169763342146 ], [ -70.841119662310149, 41.716295728863983 ], [ -70.839929451103075, 41.713801539479903 ], [ -70.839294016459064, 41.712499620356915 ], [ -70.838651386587955, 41.711296697297342 ], [ -70.838121010972102, 41.710397175431368 ], [ -70.83776594900894, 41.709974183411781 ], [ -70.837306688825393, 41.709470112344292 ], [ -70.836951586842545, 41.709223816753983 ], [ -70.836330485935392, 41.709083986944833 ], [ -70.835902021307177, 41.709103998953623 ], [ -70.835520102055838, 41.709144538062709 ], [ -70.835073226109031, 41.709166995619675 ], [ -70.834665854232256, 41.709112448455613 ], [ -70.834329755783685, 41.708965741459366 ], [ -70.834245677750019, 41.708674276318305 ], [ -70.834277228205593, 41.708208207390236 ], [ -70.834194941420122, 41.707608552842572 ], [ -70.833852036899742, 41.707330217122653 ], [ -70.833563596163728, 41.707110369554414 ], [ -70.833275670743106, 41.706875125261831 ], [ -70.833054178953532, 41.706677437166739 ], [ -70.832837569629078, 41.706421291087914 ], [ -70.832573380472851, 41.70614124100738 ], [ -70.832304029091233, 41.70571991349469 ], [ -70.831812120172259, 41.70540582297852 ], [ -70.831381527228004, 41.70526049114568 ], [ -70.831035441061232, 41.705179674413834 ], [ -70.830601042324801, 41.705040651243273 ], [ -70.830299372039093, 41.704785361718599 ], [ -70.829970471852462, 41.704381651296593 ], [ -70.829534069060145, 41.703947884142806 ], [ -70.829053499604527, 41.703448811733601 ], [ -70.828264143146768, 41.702396221869861 ], [ -70.827042342777332, 41.701036033728862 ], [ -70.826285099916788, 41.700075995313114 ], [ -70.826089560795594, 41.699780373138978 ], [ -70.825571435762953, 41.69920443989637 ], [ -70.825247062243548, 41.698913287450779 ], [ -70.82501001783578, 41.698666498025922 ], [ -70.824763523110477, 41.698355099425733 ], [ -70.824350827909001, 41.697959473531235 ], [ -70.823897165174031, 41.69738397282854 ], [ -70.823067766164371, 41.696255749674897 ], [ -70.822498117748836, 41.695226670453707 ], [ -70.821756043401862, 41.693862606579629 ], [ -70.820823501778861, 41.692658511313311 ], [ -70.820395599861754, 41.692219137880684 ], [ -70.819900133539562, 41.691542558087491 ], [ -70.819707332816165, 41.691215537953667 ], [ -70.819450313124236, 41.69098254759092 ], [ -70.819045823777003, 41.690783525867971 ], [ -70.818758475709345, 41.690613381222825 ], [ -70.818327898700261, 41.690228557121046 ], [ -70.817504371162087, 41.688890544547142 ], [ -70.817053544067875, 41.687890975430221 ], [ -70.816786132722925, 41.687336028157908 ], [ -70.816605086788456, 41.686813961733378 ], [ -70.816484787281212, 41.686407032508981 ], [ -70.816422018357414, 41.686011070672784 ], [ -70.816345242509129, 41.685196269012337 ], [ -70.816188189758535, 41.684905888113796 ], [ -70.815748198510249, 41.684552037922529 ], [ -70.815191096794862, 41.684327735912376 ], [ -70.814822668845395, 41.684255677144897 ], [ -70.814739938572046, 41.683737803647318 ], [ -70.814458643747216, 41.683469386646365 ], [ -70.814250690031685, 41.68318949084032 ], [ -70.814167123379107, 41.682831957321703 ], [ -70.814145055366851, 41.681945637904157 ], [ -70.814090320424683, 41.681587935057848 ], [ -70.813985454947428, 41.681296567121684 ], [ -70.813813514278166, 41.680945018278045 ], [ -70.813671688135301, 41.6806868744697 ], [ -70.813574191264948, 41.680434058072827 ], [ -70.813641441926521, 41.680023260096007 ], [ -70.813209956301492, 41.679752447787372 ], [ -70.812818882572017, 41.679631562059441 ], [ -70.812485099006935, 41.679332034431063 ], [ -70.812242945696894, 41.679043223247881 ], [ -70.812043552464417, 41.678650382558537 ], [ -70.811863566118916, 41.678091363887077 ], [ -70.811585890455859, 41.677596505651351 ], [ -70.811414129765211, 41.677060306630906 ], [ -70.811203889374866, 41.676507408192457 ], [ -70.811047739613784, 41.675988069986367 ], [ -70.810971947467465, 41.675336071679766 ], [ -70.810910611369565, 41.674637805639527 ], [ -70.810900702758445, 41.673858891487619 ], [ -70.810727518012087, 41.673265307677831 ], [ -70.81064271355136, 41.672877017592057 ], [ -70.810570966557151, 41.672402357352802 ], [ -70.810412023999064, 41.672100881810678 ], [ -70.810319721064147, 41.671729527194742 ], [ -70.81005157426074, 41.671309121211046 ], [ -70.809685431393689, 41.670918566346089 ], [ -70.809422191116909, 41.670383438584565 ], [ -70.808808974903982, 41.669847298915855 ], [ -70.808445199877283, 41.669239131214518 ], [ -70.807851961744802, 41.66857081824255 ], [ -70.807423700367082, 41.668152433386318 ], [ -70.807080302995502, 41.667755704821808 ], [ -70.806577370332931, 41.667389820479826 ], [ -70.8061015127997, 41.666869083008791 ], [ -70.80578237217496, 41.666219970101999 ], [ -70.805575692712708, 41.665810348455537 ], [ -70.80553403908813, 41.665306795098715 ], [ -70.805501584759241, 41.664883100534212 ], [ -70.805402433350949, 41.664535070152482 ], [ -70.805310895958712, 41.664181040113604 ], [ -70.805043626775699, 41.663812213731553 ], [ -70.804876809227821, 41.663482122801952 ], [ -70.804988936571476, 41.663056609490951 ], [ -70.80490280735242, 41.662605185406058 ], [ -70.804757037722297, 41.662211844109585 ], [ -70.804409966667109, 41.662010194782425 ], [ -70.80398360462155, 41.661654629605572 ], [ -70.803882803745722, 41.661249211764641 ], [ -70.803727248105545, 41.660747147481196 ], [ -70.803007662375862, 41.659868388081883 ], [ -70.802650423862445, 41.659376826232176 ], [ -70.80113388889626, 41.658746625077953 ], [ -70.80005988096174, 41.658659405808628 ], [ -70.798862385398209, 41.658396751340277 ], [ -70.798135693533297, 41.657680174211393 ], [ -70.797250888846207, 41.656680465708561 ], [ -70.796440427477975, 41.655439366357079 ], [ -70.79591898034991, 41.653985078847008 ], [ -70.795832204553165, 41.652103536509259 ], [ -70.796239811126526, 41.65098571914789 ], [ -70.804573697446727, 41.641305345120138 ], [ -70.80704417928321, 41.638703218289479 ], [ -70.808682548695231, 41.637980933217484 ], [ -70.809511744221055, 41.63806381077908 ], [ -70.810159586745911, 41.638072906010784 ], [ -70.810325773796635, 41.638087840384436 ], [ -70.810504945716445, 41.638103941819466 ], [ -70.810810387481723, 41.638120381643141 ], [ -70.811181207192774, 41.638137078079232 ], [ -70.811457916646376, 41.638185874678442 ], [ -70.811725160483533, 41.638210434456319 ], [ -70.812087726865585, 41.638247673297165 ], [ -70.812411838486071, 41.638256827834759 ], [ -70.812639830815428, 41.638253295682688 ], [ -70.812868279443606, 41.638249853168112 ], [ -70.813096958852, 41.638246153179445 ], [ -70.813399426211333, 41.638184323124939 ], [ -70.813702278917674, 41.638122207373662 ], [ -70.813929362025164, 41.638061257034181 ], [ -70.814156718643119, 41.638038686648635 ], [ -70.814574672049488, 41.637860078190613 ], [ -70.81539826331408, 41.638768583524708 ], [ -70.816022330075356, 41.639458699938928 ], [ -70.816991756027377, 41.640392563707977 ], [ -70.817592867238147, 41.640821522844696 ], [ -70.81822109784369, 41.641124970688878 ], [ -70.819259434567655, 41.641643544583403 ], [ -70.819951806177983, 41.64197636801719 ], [ -70.820632837654514, 41.642164112212761 ], [ -70.821096545443496, 41.64218621656336 ], [ -70.822439401107417, 41.641942882374131 ], [ -70.823382667683504, 41.641706823592493 ], [ -70.824532720029694, 41.641413983112031 ], [ -70.825952151619774, 41.641238732370809 ], [ -70.826762564560184, 41.641378872482015 ], [ -70.827521131402008, 41.641547700526466 ], [ -70.828278381735203, 41.6418421880689 ], [ -70.8288912524837, 41.642387160481313 ], [ -70.829490030911288, 41.643048052293729 ], [ -70.830038894635763, 41.64355397322155 ], [ -70.830371016591712, 41.643836273657385 ], [ -70.83078120463307, 41.644296816190476 ], [ -70.830892088239409, 41.644497333247919 ], [ -70.831248646576952, 41.644733200004204 ], [ -70.83174636119908, 41.644754345215432 ], [ -70.83274236024063, 41.644741974886962 ], [ -70.83383721847818, 41.644566200587008 ], [ -70.834255795991439, 41.644506775204668 ], [ -70.835389008468852, 41.644600647334862 ], [ -70.836302823895338, 41.644805602377701 ], [ -70.836541738843181, 41.644928179560679 ], [ -70.836976848432442, 41.645131131045162 ], [ -70.837545545511745, 41.645334858264135 ], [ -70.838601342743061, 41.645879446207118 ], [ -70.838968576991078, 41.646308765603834 ], [ -70.839412931587148, 41.646794160841111 ], [ -70.839905589695761, 41.647307163909474 ], [ -70.840448617945583, 41.647647372571967 ], [ -70.841195243441049, 41.647916321002398 ], [ -70.841769702474366, 41.648119662283783 ], [ -70.842765546326405, 41.648367696100479 ], [ -70.843441683628029, 41.648294514086238 ], [ -70.8440603352784, 41.648099860426278 ], [ -70.844811791572781, 41.647839893464315 ], [ -70.845723946061497, 41.647657933991553 ], [ -70.846942491466123, 41.647664938416405 ], [ -70.847950000612826, 41.648210329342362 ], [ -70.848210002232662, 41.64863029327779 ], [ -70.848615701930257, 41.649161214733866 ], [ -70.848785905107576, 41.649299554860093 ], [ -70.849343889691994, 41.649538389498176 ], [ -70.849394144662895, 41.649610921582614 ], [ -70.849762512758161, 41.650142564364131 ], [ -70.850217979287336, 41.650605351068819 ], [ -70.850639042896631, 41.650970592377469 ], [ -70.851226192582189, 41.651248285139573 ], [ -70.85201450420459, 41.651759568238752 ], [ -70.852363852654662, 41.651927344862159 ], [ -70.852620472072346, 41.652220847196915 ], [ -70.852974626757643, 41.652857683221342 ], [ -70.853239984147024, 41.653967759654762 ], [ -70.853390241192557, 41.654278353090319 ], [ -70.853685726444482, 41.654573539715471 ], [ -70.854280819525158, 41.654894042133158 ], [ -70.85503365857079, 41.655128405564255 ], [ -70.856199302407504, 41.655382801136454 ], [ -70.857267886009623, 41.655722908621364 ], [ -70.858091195988663, 41.656172267535659 ], [ -70.858151253565993, 41.656239729637967 ], [ -70.858534610913964, 41.656670350646863 ], [ -70.859082102931708, 41.657381412191462 ], [ -70.859746936806374, 41.658098312412285 ], [ -70.860141684405363, 41.658578522654032 ], [ -70.860473832702468, 41.65924160362237 ], [ -70.860661746651104, 41.659616739864404 ], [ -70.86119091660224, 41.660494876335335 ], [ -70.86171092995977, 41.661191613881158 ], [ -70.861995981715452, 41.661872965583761 ], [ -70.862228915360433, 41.662483011561264 ], [ -70.86249129736693, 41.663076158137777 ], [ -70.862644153399572, 41.66375818250846 ], [ -70.862991915570561, 41.664874354529871 ], [ -70.86307825088646, 41.665507120628689 ], [ -70.863039913571015, 41.666118391682204 ], [ -70.863046809092438, 41.666872838275559 ], [ -70.863139747427795, 41.667417307069663 ], [ -70.863305639573326, 41.667917456999881 ], [ -70.863530313716211, 41.668395382934051 ], [ -70.863672627589338, 41.668714014008579 ], [ -70.864000020339375, 41.669191440272137 ], [ -70.864473104320709, 41.669579928217921 ], [ -70.86509322218518, 41.669951139116158 ], [ -70.865668424307543, 41.670262021197601 ], [ -70.866375793491386, 41.670555755093012 ], [ -70.866469567763588, 41.670580418273616 ], [ -70.86676571835774, 41.670658354306063 ], [ -70.867271302858512, 41.670562111670101 ], [ -70.867871604238601, 41.670371968852471 ], [ -70.868486020644724, 41.670164878724783 ], [ -70.869034910157083, 41.669991468707856 ], [ -70.869171596368844, 41.669972659786254 ], [ -70.869657961385315, 41.669905728818641 ], [ -70.870415653044617, 41.67006168232696 ], [ -70.871164597317261, 41.670107290802044 ], [ -70.871898163955379, 41.670064947106148 ], [ -70.872785009570322, 41.669927946399675 ], [ -70.873407676693702, 41.669787297849794 ], [ -70.874132778284761, 41.669651324248129 ], [ -70.874652310290145, 41.669483471911498 ], [ -70.875030371409295, 41.669700728680951 ], [ -70.87594955877023, 41.66870930259563 ], [ -70.876336082761597, 41.668340072181422 ], [ -70.876540459441799, 41.668235275869492 ], [ -70.877052975085647, 41.668151892504007 ], [ -70.877704212485597, 41.668128571770538 ], [ -70.878231172452388, 41.668182781043036 ], [ -70.879058422363855, 41.668313284805592 ], [ -70.879651974521693, 41.668482817249647 ], [ -70.880596987870973, 41.668783545806775 ], [ -70.881344334174599, 41.669040654280842 ], [ -70.881283068699076, 41.669327066360843 ], [ -70.881556662915074, 41.669945462398843 ], [ -70.881924219909266, 41.670451107646286 ], [ -70.882592593835241, 41.671263949654822 ], [ -70.883143154027877, 41.671823480989389 ], [ -70.883840984879598, 41.672620155902614 ], [ -70.884576089302087, 41.673542517892436 ], [ -70.885369797623113, 41.674558605570688 ], [ -70.886236714003132, 41.675574519799603 ], [ -70.886825261344782, 41.676563041499442 ], [ -70.887135180061733, 41.677354227864733 ], [ -70.887450708033924, 41.678324674448042 ], [ -70.88714502750004, 41.679479166136375 ], [ -70.886122571926705, 41.681268214188407 ], [ -70.885151365600265, 41.68269850565612 ], [ -70.88503890676823, 41.684420428144762 ], [ -70.884701074436521, 41.685300406702815 ], [ -70.884226086624864, 41.685493668779166 ], [ -70.883318851735027, 41.685748176060244 ], [ -70.882822142529918, 41.686013344614302 ], [ -70.882574333244179, 41.686371024874099 ], [ -70.882487795026975, 41.686761655797135 ], [ -70.882495755631538, 41.687025621511701 ], [ -70.882657835045762, 41.687344445998704 ], [ -70.883187031851051, 41.687953943680419 ], [ -70.883679181743162, 41.688552546232636 ], [ -70.884628658902855, 41.689314562748947 ], [ -70.885649583248835, 41.690632375797918 ], [ -70.886059666799511, 41.691152304625987 ], [ -70.886452530214385, 41.691785248690586 ], [ -70.886633639844916, 41.692862735763534 ], [ -70.886812186173245, 41.69422776589699 ], [ -70.887378796774414, 41.695056348685988 ], [ -70.88772079721528, 41.696309991510866 ], [ -70.887412903681124, 41.696492067313876 ], [ -70.886500725645817, 41.696738133057046 ], [ -70.885009155267184, 41.697484146515684 ], [ -70.883272162393382, 41.698838252258376 ], [ -70.882788824604333, 41.699302138851557 ], [ -70.882492965684605, 41.70019809535647 ], [ -70.882694685453458, 41.700896136204335 ], [ -70.882738985684242, 41.701489217150723 ], [ -70.882999130068185, 41.702659989738237 ], [ -70.883308315979505, 41.704119147348777 ], [ -70.883336130510585, 41.704582991125633 ], [ -70.88333667114307, 41.705519383937045 ], [ -70.883435835079851, 41.706098974733948 ], [ -70.883721031919251, 41.707186596400703 ], [ -70.884005644614646, 41.70734232621875 ], [ -70.884496560901141, 41.709488999222735 ], [ -70.884942433069043, 41.711500932977714 ], [ -70.885241077990869, 41.713342686765884 ], [ -70.885509791405696, 41.7149209184835 ], [ -70.885438142915447, 41.715459630927747 ], [ -70.885227104866885, 41.715751675874309 ], [ -70.884817731995341, 41.71608823027649 ], [ -70.884086777198263, 41.716535027895709 ], [ -70.883422351960846, 41.717130180297673 ], [ -70.882984282716862, 41.717636518475281 ], [ -70.882860842648881, 41.717994311015467 ], [ -70.882862141237908, 41.71838485554057 ], [ -70.882907326828558, 41.718780702566534 ], [ -70.88340790300532, 41.719484018783305 ], [ -70.883746061285095, 41.719934348811918 ], [ -70.884011153565154, 41.720406791852476 ], [ -70.88407099426685, 41.720802717639749 ], [ -70.884050281513822, 41.721198207599741 ], [ -70.883906443113176, 41.721957682970121 ], [ -70.883827444960303, 41.722458088721694 ], [ -70.883623166387963, 41.722766486669649 ], [ -70.883389524446542, 41.722964992098717 ], [ -70.882979908169361, 41.723262710157165 ], [ -70.88243942652646, 41.72361599039909 ], [ -70.881803220510122, 41.723963683776361 ], [ -70.881174228768614, 41.724283276138863 ], [ -70.880640463355164, 41.724658531066012 ], [ -70.880126520348952, 41.725138559994448 ], [ -70.880542796763706, 41.726132363116456 ], [ -70.881205946768731, 41.727407185402875 ], [ -70.882222984528227, 41.729396345473923 ], [ -70.882879344546254, 41.730758907166717 ], [ -70.883358631405557, 41.731692828338026 ], [ -70.883771407749862, 41.732572365021014 ], [ -70.884301503614211, 41.733401325754578 ], [ -70.885111007688835, 41.734472643066638 ], [ -70.885972222078138, 41.735736125463873 ], [ -70.886626268730794, 41.736454884752597 ], [ -70.887273263988476, 41.737146591035412 ], [ -70.887854566016429, 41.737893651059487 ], [ -70.888649237156457, 41.738937288753775 ], [ -70.888990674216203, 41.740355521300849 ], [ -70.889338889660223, 41.741498612387964 ], [ -70.889394037197405, 41.742725104122471 ], [ -70.889560718237306, 41.744330350433046 ], [ -70.889570845514285, 41.745177318361115 ], [ -70.889799348655984, 41.745660805287564 ], [ -70.890255998505381, 41.746292386757133 ], [ -70.890522009494944, 41.746940953797512 ], [ -70.890789019002312, 41.747958115758628 ], [ -70.890952068255245, 41.748491333354721 ], [ -70.891085196829337, 41.748892148443289 ], [ -70.891350195085423, 41.749254839534366 ], [ -70.891714245192134, 41.749622560888717 ], [ -70.892165585617917, 41.749918717080995 ], [ -70.892465085739531, 41.75017073120955 ], [ -70.892597919554248, 41.750663268350316 ], [ -70.892839967047649, 41.751070289383719 ], [ -70.893156005587926, 41.751559863128847 ], [ -70.893589425331768, 41.752192432390331 ], [ -70.893956476996124, 41.752791445598483 ], [ -70.894281523440682, 41.753878123640838 ], [ -70.894611941996928, 41.754756055308114 ], [ -70.895210807592775, 41.756134555543575 ], [ -70.895502472568523, 41.756940811597083 ], [ -70.895818956907704, 41.757964413317325 ], [ -70.896032055779116, 41.758437676112941 ], [ -70.896458385720052, 41.759152355267211 ], [ -70.896914543722971, 41.760131675010769 ], [ -70.897311608939546, 41.761022893915971 ], [ -70.897701887340403, 41.762156613195266 ], [ -70.897842202628055, 41.762679570746485 ], [ -70.89799019849282, 41.763444543668101 ], [ -70.898079268288754, 41.764121981499677 ], [ -70.898226956276403, 41.764920153622739 ], [ -70.898507014210622, 41.765690325089714 ], [ -70.898779300928439, 41.766268563048364 ], [ -70.89923473112033, 41.767054851709155 ], [ -70.899801034602262, 41.768121963296785 ], [ -70.900256489391381, 41.768908247803189 ], [ -70.900521746340829, 41.769557911350994 ], [ -70.901021036791605, 41.770200926573352 ], [ -70.901785865723966, 41.771587014988413 ], [ -70.902308355724571, 41.77278612546273 ], [ -70.902726981078118, 41.773297593158816 ], [ -70.90344701823075, 41.774276017087026 ], [ -70.904064137403267, 41.775188621184235 ], [ -70.904960448843624, 41.776414996304062 ], [ -70.905327882865265, 41.777019600273839 ], [ -70.905439281163225, 41.777751732942967 ], [ -70.905419605857617, 41.778542549819186 ], [ -70.905611124578328, 41.779158333433095 ], [ -70.906113531459766, 41.78067188760464 ], [ -70.907386948415137, 41.782359286221556 ], [ -70.906919799632462, 41.782894151303843 ], [ -70.906776691792402, 41.783134572488663 ], [ -70.906428192866542, 41.783291831408967 ], [ -70.906001508117171, 41.78293710975462 ], [ -70.905524978985312, 41.782894468031017 ], [ -70.905275239943364, 41.783122371773786 ], [ -70.905104561336344, 41.783344468069203 ], [ -70.904914946219606, 41.78356104679925 ], [ -70.904420904443199, 41.783953759254459 ], [ -70.903803467134495, 41.78423628927834 ], [ -70.903236101374134, 41.784222081953132 ], [ -70.902808976175351, 41.783912180973523 ], [ -70.902339693102547, 41.783868296055566 ], [ -70.901858214684694, 41.784014928889789 ], [ -70.901384386616442, 41.78432014142745 ], [ -70.901101479233574, 41.784075979007007 ], [ -70.900881166075891, 41.783817652527013 ], [ -70.90053617353999, 41.783465819065704 ], [ -70.900066617941377, 41.78320843053708 ], [ -70.899618951486445, 41.783082271914154 ], [ -70.899076535320745, 41.783018075178518 ], [ -70.898359737470386, 41.782836639943639 ], [ -70.897918694651452, 41.782938245926246 ], [ -70.897464311266248, 41.783225651361711 ], [ -70.895826342010864, 41.784165621700815 ], [ -70.89528766327264, 41.784297845060529 ], [ -70.89482659219847, 41.783567883900758 ], [ -70.894128859490095, 41.782638482072841 ], [ -70.893548439688175, 41.781747965989844 ], [ -70.893188478362049, 41.781236214347253 ], [ -70.891931165285683, 41.779014034905416 ], [ -70.891298132805218, 41.777517725972238 ], [ -70.890791388295, 41.776714812258028 ], [ -70.889807782767392, 41.775604342493835 ], [ -70.888764363729862, 41.77403153962797 ], [ -70.88825769629716, 41.77334453755244 ], [ -70.887582516636527, 41.772652125670767 ], [ -70.887281281512657, 41.772101841692511 ], [ -70.886409537184662, 41.770364857943157 ], [ -70.886016876396241, 41.769582432870358 ], [ -70.885098873401802, 41.768333842257924 ], [ -70.884291422516398, 41.767355953362539 ], [ -70.88385090708492, 41.766756512057214 ], [ -70.883211702862852, 41.765970291561032 ], [ -70.882360480153864, 41.765036044767221 ], [ -70.881927502627207, 41.764428195647504 ], [ -70.881911971703431, 41.763984677587082 ], [ -70.881881905611337, 41.763615924176804 ], [ -70.881771732135306, 41.763137003070852 ], [ -70.881557967072496, 41.762625443728346 ], [ -70.881286038637285, 41.762124822747992 ], [ -70.881088052829625, 41.761827749565612 ], [ -70.880714025473353, 41.761470632172987 ], [ -70.88020807096072, 41.761135867906312 ], [ -70.879504236626374, 41.760784829913433 ], [ -70.878748682701556, 41.760516790041684 ], [ -70.878141271910707, 41.760442150306631 ], [ -70.877584271372243, 41.760480609130695 ], [ -70.877050231136394, 41.760655582117963 ], [ -70.876354086204302, 41.760946014621908 ], [ -70.875599951626498, 41.761283462962027 ], [ -70.874992183736467, 41.76158231810674 ], [ -70.874457658992739, 41.762095411030629 ], [ -70.873864120344834, 41.762735126398319 ], [ -70.873742906489568, 41.76341559642303 ], [ -70.873654402099731, 41.763779761278229 ], [ -70.87365386509903, 41.764160166274976 ], [ -70.873764420915265, 41.76459407894459 ], [ -70.873821579546856, 41.764897143814572 ], [ -70.873980154582284, 41.765512520385748 ], [ -70.874150340230656, 41.765978836086887 ], [ -70.874457034920965, 41.766667055399012 ], [ -70.874759265571569, 41.767735094451105 ], [ -70.875230221458594, 41.769248617377691 ], [ -70.875605186567526, 41.770260779403529 ], [ -70.875745153086299, 41.770706668478375 ], [ -70.876175960655686, 41.771242159216754 ], [ -70.873852269422372, 41.772115424915164 ], [ -70.873656660721466, 41.772668712823595 ], [ -70.873377470875724, 41.773394612793481 ], [ -70.873128475649153, 41.773942087559462 ], [ -70.872482758232294, 41.775476230566518 ], [ -70.872940973856373, 41.775735049967977 ], [ -70.873225949616142, 41.776035429294765 ], [ -70.873469086836195, 41.776462755587552 ], [ -70.873572149834843, 41.776857798296788 ], [ -70.87361251911868, 41.777474775942068 ], [ -70.873584078703587, 41.778323784156754 ], [ -70.873367145483925, 41.779323693935602 ], [ -70.872947133198167, 41.780446850044861 ], [ -70.87316015549105, 41.781243726850342 ], [ -70.873268967099321, 41.782355723445477 ], [ -70.873219996268276, 41.783304222270907 ], [ -70.873279660253431, 41.784119388030973 ], [ -70.873142844220055, 41.785074156420215 ], [ -70.8729675202446, 41.78593023446286 ], [ -70.872747617400208, 41.786769747617519 ], [ -70.87248925328845, 41.78750550569103 ], [ -70.872304633829444, 41.78822097721693 ], [ -70.872025147301486, 41.788651487605492 ], [ -70.870894949504361, 41.789974992920165 ], [ -70.870452031636745, 41.790283175899162 ], [ -70.870015297901602, 41.790535680778916 ], [ -70.868842400896156, 41.791095953942623 ], [ -70.868665504361559, 41.791531002297205 ], [ -70.868695234554821, 41.791927331123894 ], [ -70.868928029164749, 41.792186914845324 ], [ -70.869356326885622, 41.792295079318592 ], [ -70.869760080752712, 41.792461630699869 ], [ -70.869857821873026, 41.792758168727779 ], [ -70.869716079978119, 41.793258280851795 ], [ -70.86949951640149, 41.793671191184117 ], [ -70.869262468479818, 41.793993451158066 ], [ -70.868888755410865, 41.79478820091213 ], [ -70.868824472952838, 41.795169108212377 ], [ -70.869140129178177, 41.795339394289961 ], [ -70.86952063820128, 41.79553125721813 ], [ -70.869023366561493, 41.79577021740117 ], [ -70.869025658259005, 41.796098168885095 ], [ -70.869306921068286, 41.796401069054632 ], [ -70.869548267680955, 41.796729352087986 ], [ -70.869584604664283, 41.79710344661234 ], [ -70.869253432607778, 41.797476155809804 ], [ -70.868768303311057, 41.797733608274811 ], [ -70.868851544860817, 41.798020907667116 ], [ -70.868956659511511, 41.798741506464133 ], [ -70.869351000412721, 41.798808684546572 ], [ -70.869613087939186, 41.799033198521329 ], [ -70.869302734692383, 41.799374245447972 ], [ -70.86886099731143, 41.799745736482166 ], [ -70.868408052278525, 41.800060250175385 ], [ -70.86825089394388, 41.800546894358746 ], [ -70.86807976427275, 41.801028057405098 ], [ -70.867890560501905, 41.801370596516257 ], [ -70.867450156954604, 41.801590396911315 ], [ -70.866808731018153, 41.801729243353357 ], [ -70.866292426587094, 41.801732286690495 ], [ -70.865866005655292, 41.801673356940192 ], [ -70.865393624527812, 41.801568310711303 ], [ -70.864868845622979, 41.801419640135691 ], [ -70.864172820647113, 41.801173221978672 ], [ -70.863410034976098, 41.800872404345775 ], [ -70.862570249825566, 41.800413022980045 ], [ -70.862118795087326, 41.800247304920028 ], [ -70.861575799131188, 41.800200051403834 ], [ -70.860948942213028, 41.800232311465926 ], [ -70.860368720939206, 41.800271262136732 ], [ -70.859708504949211, 41.800305774637302 ], [ -70.858934049215634, 41.800292734064087 ], [ -70.857997471033983, 41.800230636991401 ], [ -70.857382163337945, 41.800231392428365 ], [ -70.856743370607518, 41.800298693854366 ], [ -70.856424074399541, 41.80039635779162 ], [ -70.856213451448227, 41.800662604482909 ], [ -70.855903605774344, 41.801035071930485 ], [ -70.855607376029255, 41.801324893692154 ], [ -70.855199558075554, 41.801549369189125 ], [ -70.853171193209732, 41.802425308527134 ], [ -70.851499083959084, 41.803115286244491 ], [ -70.849462681158457, 41.80559997009096 ], [ -70.84854648536357, 41.806182794882105 ], [ -70.848121107856372, 41.806666565223821 ], [ -70.847334758263656, 41.807512356733291 ], [ -70.846559667030775, 41.808578799061969 ], [ -70.846324311787953, 41.808994435547035 ], [ -70.846164222731019, 41.809394137528052 ], [ -70.846089096811156, 41.809818054324488 ], [ -70.846080311363693, 41.810143264031993 ], [ -70.846175054262801, 41.810494953257312 ], [ -70.846405672349988, 41.811038188145218 ], [ -70.84689902765642, 41.812294785953917 ], [ -70.847087831149352, 41.812753932491802 ], [ -70.847493988465388, 41.813742514899452 ], [ -70.847983027942135, 41.814498241525179 ], [ -70.848398538883757, 41.815311884341476 ], [ -70.846260100008976, 41.815888283829288 ], [ -70.84497623613052, 41.816233019996517 ], [ -70.844472376933666, 41.816372230250899 ], [ -70.843585529257567, 41.816617247384869 ], [ -70.842480776970802, 41.816953586714753 ], [ -70.841541159197462, 41.817068589338966 ], [ -70.840614167098849, 41.817116070644538 ], [ -70.839760924932335, 41.817053792783277 ], [ -70.839047097182771, 41.816919836171415 ], [ -70.838593789325003, 41.816801676443355 ], [ -70.838025956930167, 41.816698408145456 ], [ -70.837444232071519, 41.816766489653617 ], [ -70.837111723639282, 41.817032231523903 ], [ -70.83690420132713, 41.817348406796832 ], [ -70.836632934650638, 41.817808270748934 ], [ -70.836426015532169, 41.818174531997691 ], [ -70.836118014571781, 41.818740852354146 ], [ -70.835871935511534, 41.819174710269117 ], [ -70.835772037228594, 41.819842741298757 ], [ -70.835477940968417, 41.820272510118436 ], [ -70.835145109220107, 41.820573883539637 ], [ -70.834629062173974, 41.820932148642747 ], [ -70.834140701563484, 41.82119603380653 ], [ -70.833593272414518, 41.821460697169037 ], [ -70.832953843724894, 41.821691060643182 ], [ -70.832438274529949, 41.821858546983364 ], [ -70.831837443200783, 41.822013156190899 ], [ -70.830932760290565, 41.822131479240156 ], [ -70.830237063950406, 41.822195096962091 ], [ -70.8296404250965, 41.822218402319741 ], [ -70.82888460461939, 41.822247920384157 ], [ -70.82809881272523, 41.822320846689358 ], [ -70.82669229279611, 41.82254807656112 ], [ -70.826080570887711, 41.82223089790341 ], [ -70.82598846002378, 41.821877718214623 ], [ -70.826393982741394, 41.82167606262626 ], [ -70.826736605654901, 41.821568165341922 ], [ -70.827193277041602, 41.821450060492197 ], [ -70.827601364911857, 41.821340006406587 ], [ -70.827993134369351, 41.821262322036006 ], [ -70.828373613317609, 41.821159332406516 ], [ -70.828956480172408, 41.820958960457631 ], [ -70.829361795756967, 41.820793462631165 ], [ -70.829665629121138, 41.820560914842609 ], [ -70.82973918990379, 41.820208317908168 ], [ -70.829752514744925, 41.81978088167871 ], [ -70.829725498905987, 41.819444851392454 ], [ -70.829798189331186, 41.819158190406675 ], [ -70.829794159768454, 41.818852508221468 ], [ -70.829866218020896, 41.818527483751801 ], [ -70.829861649642467, 41.818261197570756 ], [ -70.829834005238155, 41.817995058090126 ], [ -70.829854190862704, 41.817640262437003 ], [ -70.829850007323373, 41.817325387995005 ], [ -70.829897215293428, 41.817038483362737 ], [ -70.829994298419777, 41.81669409774026 ] ] ] } },
{ "type": "Feature", "properties": { "TMDL_BASIN": "Megansett Harbor System", "BBP_SYS_ID": "MEGHRB", "SHED_ACRES": 4818.989, "HECTARES": 1950.1833, "DELIN_YEAR": 2023 }, "geometry": { "type": "Polygon", "coordinates": [ [ [ -70.550707737397829, 41.668467511165836 ], [ -70.554865280874708, 41.664239166332898 ], [ -70.558617779607957, 41.660484296467544 ], [ -70.561152530046542, 41.658418483426303 ], [ -70.563162131092653, 41.656914698430221 ], [ -70.564794062302965, 41.655407772774886 ], [ -70.566868997855636, 41.653394657378534 ], [ -70.56899581060037, 41.651834033530776 ], [ -70.571235609610767, 41.650360058099039 ], [ -70.574313134778535, 41.647880848643176 ], [ -70.578082807081657, 41.645273998054947 ], [ -70.578309226188765, 41.645117410920676 ], [ -70.58091440632613, 41.643646209555584 ], [ -70.58260626963488, 41.642819748957869 ], [ -70.583677795797058, 41.642296293437759 ], [ -70.586303151814718, 41.640996660046824 ], [ -70.587843078911419, 41.640442984487109 ], [ -70.589702574904521, 41.63992615169208 ], [ -70.590966872118798, 41.639455990628015 ], [ -70.592892714155582, 41.639094012433624 ], [ -70.595508053779014, 41.638480197010402 ], [ -70.598647489894745, 41.63799054745305 ], [ -70.59986014559172, 41.637874514100723 ], [ -70.602951894415668, 41.637578619576097 ], [ -70.606770629622289, 41.637557226543777 ], [ -70.611726052641117, 41.638007713669282 ], [ -70.615333831062699, 41.638361742470401 ], [ -70.617621180433602, 41.638567681634747 ], [ -70.62012957280561, 41.63879346722058 ], [ -70.624786793801093, 41.639326838689421 ], [ -70.62821746150118, 41.640103623363537 ], [ -70.629834228292481, 41.640596281819079 ], [ -70.631078494390181, 41.640992859060276 ], [ -70.631598702614923, 41.641158655688599 ], [ -70.632850745146598, 41.641571298056441 ], [ -70.634171627875361, 41.641967298136606 ], [ -70.635228314567328, 41.642455613008536 ], [ -70.636943918630621, 41.643257668624173 ], [ -70.637952607644294, 41.643917119393933 ], [ -70.638573536283388, 41.644505013843506 ], [ -70.638807088884718, 41.644752152205534 ], [ -70.639011683349594, 41.644968648163626 ], [ -70.639015284258377, 41.644968934743389 ], [ -70.639046800582221, 41.645001750674439 ], [ -70.639234142554074, 41.645286028115919 ], [ -70.639502992362495, 41.645693983963305 ], [ -70.639923250978327, 41.64633167478037 ], [ -70.64018780384059, 41.64673309556597 ], [ -70.640259269635095, 41.647137393252102 ], [ -70.640328583146015, 41.647529512039199 ], [ -70.640407484236391, 41.647975862184957 ], [ -70.640426927707097, 41.648085854101971 ], [ -70.640424434631285, 41.648142836747319 ], [ -70.64039914178133, 41.64872100985091 ], [ -70.640380507293628, 41.64914696249015 ], [ -70.640057705374971, 41.657325320295207 ], [ -70.639998072843383, 41.658835921602716 ], [ -70.64027678643653, 41.659249160289896 ], [ -70.640540060130533, 41.659300638617736 ], [ -70.641075441896476, 41.659326262862415 ], [ -70.641553043497254, 41.659535738289364 ], [ -70.642326636753438, 41.659850378455509 ], [ -70.643196172421852, 41.659990598870756 ], [ -70.643270497819302, 41.660002583896677 ], [ -70.643331054874992, 41.660012349237576 ], [ -70.643990059818208, 41.660343271020579 ], [ -70.644765281600726, 41.660537816195124 ], [ -70.645057838940559, 41.660900288022887 ], [ -70.645236485584434, 41.661227588939575 ], [ -70.645576862787962, 41.661436015923336 ], [ -70.645803323580822, 41.66160927407239 ], [ -70.645960702205031, 41.66181632540421 ], [ -70.64600210105904, 41.662142596238191 ], [ -70.645975789320474, 41.662399734899516 ], [ -70.64601764791793, 41.662691696838124 ], [ -70.646059505684875, 41.66298365965158 ], [ -70.645939858080112, 41.663377343277105 ], [ -70.645915493012069, 41.663409788918976 ], [ -70.645683639147848, 41.663718535295715 ], [ -70.645342355722079, 41.6639738038022 ], [ -70.645221741339796, 41.664062455474507 ], [ -70.64448534390317, 41.66438287918816 ], [ -70.641249721076264, 41.665109754593473 ], [ -70.640699004945745, 41.665229282261038 ], [ -70.640398841823171, 41.665432883921845 ], [ -70.640079269513564, 41.665533091261345 ], [ -70.639824387639663, 41.66561725382337 ], [ -70.639436407268562, 41.665545696271096 ], [ -70.639141781300495, 41.665337597200434 ], [ -70.638870264079543, 41.665112517019587 ], [ -70.638483468891849, 41.66493375477274 ], [ -70.638119525767891, 41.66477659562517 ], [ -70.637823750196929, 41.664654264388879 ], [ -70.637550829013449, 41.664553535139227 ], [ -70.637185733262427, 41.664482144256922 ], [ -70.636704635915393, 41.664529959737834 ], [ -70.636332216315182, 41.664556847510518 ], [ -70.63588062377454, 41.664558015111268 ], [ -70.635341905828909, 41.664583584840351 ], [ -70.634879154001609, 41.664640973649142 ], [ -70.634189857931219, 41.664499657133788 ], [ -70.633707978440015, 41.664395990773968 ], [ -70.633233896139529, 41.664297258336028 ], [ -70.632715452367194, 41.664156907798194 ], [ -70.632002519876622, 41.663968074571301 ], [ -70.63140265036796, 41.663799359824992 ], [ -70.630856348835479, 41.663654335541921 ], [ -70.630427507589985, 41.663552459679984 ], [ -70.63039117558634, 41.663539306211788 ], [ -70.630135306412484, 41.663332739475074 ], [ -70.629973861556294, 41.663174835284856 ], [ -70.629827560504452, 41.663062866215412 ], [ -70.629776208123758, 41.663014916970354 ], [ -70.6297544992849, 41.663006950722206 ], [ -70.629747436902377, 41.663001545616893 ], [ -70.629475263440327, 41.662827904459618 ], [ -70.62924744014029, 41.662757538483021 ], [ -70.628905940982293, 41.662634832907699 ], [ -70.628610192950845, 41.662512476811159 ], [ -70.628388138566407, 41.662413047893608 ], [ -70.628313473277188, 41.662290842591375 ], [ -70.628309102903017, 41.662283689642251 ], [ -70.628292625648768, 41.662256719764805 ], [ -70.628301806174846, 41.662242192853597 ], [ -70.628296703760256, 41.662220915135656 ], [ -70.627943096752475, 41.662276345143489 ], [ -70.627589420965123, 41.662330345496088 ], [ -70.627285901859338, 41.662403635287752 ], [ -70.627234773360399, 41.662466079137118 ], [ -70.627232536073649, 41.662466896639927 ], [ -70.627224587203855, 41.662478520126449 ], [ -70.627168201456797, 41.662560964691586 ], [ -70.627128121314954, 41.662619569337231 ], [ -70.627120166305929, 41.662631199972786 ], [ -70.627069375866128, 41.662800462503718 ], [ -70.627068141614728, 41.6628194586578 ], [ -70.627063724186243, 41.662887461620997 ], [ -70.627149804519661, 41.663139870241572 ], [ -70.627147211126498, 41.663143288064262 ], [ -70.627127794312116, 41.66316887607038 ], [ -70.62702144419967, 41.663309025481347 ], [ -70.627024249048247, 41.663318971208575 ], [ -70.627042285441078, 41.663382916425725 ], [ -70.62706953823772, 41.663479536727444 ], [ -70.627067834015335, 41.663484139094621 ], [ -70.626985051003786, 41.663707709446626 ], [ -70.626964837002717, 41.663762301270111 ], [ -70.626887909134666, 41.663823952685533 ], [ -70.62677015213329, 41.663918324453341 ], [ -70.626684453735251, 41.663987003547113 ], [ -70.626502054868823, 41.664090003357757 ], [ -70.626468826033189, 41.664108767306601 ], [ -70.626354168248, 41.664173513205768 ], [ -70.625929402895707, 41.664249683118989 ], [ -70.625893394152641, 41.664256140491119 ], [ -70.625747624586978, 41.664282279777268 ], [ -70.625117164507827, 41.664296337048292 ], [ -70.624943391705898, 41.664354864276753 ], [ -70.624878799672203, 41.664376618913764 ], [ -70.624787907519448, 41.66440723187057 ], [ -70.624764385808433, 41.664455061979233 ], [ -70.624697409709839, 41.664591256947475 ], [ -70.624658244867604, 41.664670898421981 ], [ -70.624352899725736, 41.664876498155706 ], [ -70.624228448773096, 41.664926583677605 ], [ -70.623845884530439, 41.66508054475856 ], [ -70.623743497235481, 41.665193182985391 ], [ -70.623746994341701, 41.665343019301787 ], [ -70.623759382882156, 41.665873870550328 ], [ -70.623759717388978, 41.665874784331486 ], [ -70.62390519791542, 41.666271989774707 ], [ -70.623904377010575, 41.666280899208054 ], [ -70.623875586744248, 41.666593139502226 ], [ -70.623521994911314, 41.666945331388092 ], [ -70.623517738815195, 41.666949570088839 ], [ -70.622611506905798, 41.666848060576065 ], [ -70.622207124338502, 41.666920558982106 ], [ -70.620995528718325, 41.667024630643951 ], [ -70.619207462617723, 41.666784457596002 ], [ -70.618126639693514, 41.666643237408643 ], [ -70.615897930955811, 41.666698564933064 ], [ -70.614646230788139, 41.666729628293794 ], [ -70.613516648232974, 41.666753935733972 ], [ -70.613415334081182, 41.666756115636893 ], [ -70.610131981319441, 41.666826735378571 ], [ -70.609210922465167, 41.666813461943136 ], [ -70.607970058509835, 41.666795575625372 ], [ -70.607258416580066, 41.666785314162524 ], [ -70.606580971826261, 41.666702376228265 ], [ -70.606543883693817, 41.666697835026184 ], [ -70.606381623300948, 41.666677968926727 ], [ -70.606212434232091, 41.666657254899171 ], [ -70.605846138818123, 41.666612406611655 ], [ -70.605791322510029, 41.66660569539944 ], [ -70.605773463585237, 41.666603508391873 ], [ -70.605850403157376, 41.666556041684643 ], [ -70.605921556762382, 41.666503794236576 ], [ -70.6059757044858, 41.666469936144942 ], [ -70.605979685094994, 41.66646744720736 ], [ -70.60602941084197, 41.666421432230486 ], [ -70.606048250903655, 41.66639577569083 ], [ -70.606092499468929, 41.666335517410204 ], [ -70.606127042797638, 41.666306986826733 ], [ -70.606149275430127, 41.666243153797339 ], [ -70.606151899184184, 41.666206465047729 ], [ -70.60617144092916, 41.666184121176912 ], [ -70.60620167109596, 41.666158755805206 ], [ -70.606227836554268, 41.666118955665752 ], [ -70.606241006296003, 41.666098198645159 ], [ -70.606246196355002, 41.666090017859588 ], [ -70.606255111651109, 41.666075966013274 ], [ -70.606303468271747, 41.666057945348818 ], [ -70.606315670869492, 41.666050713754878 ], [ -70.606342112631751, 41.666035044718605 ], [ -70.606347982062957, 41.666010897945299 ], [ -70.606348905776201, 41.666007094703488 ], [ -70.606353657213504, 41.666004608207473 ], [ -70.606357074426853, 41.666002819845069 ], [ -70.606376588207794, 41.665992608629658 ], [ -70.606406886914215, 41.665981146841709 ], [ -70.606407199879044, 41.665958747312679 ], [ -70.606409758195738, 41.665928363555402 ], [ -70.606395350832557, 41.665892721431433 ], [ -70.606394944604276, 41.665891716093299 ], [ -70.606404339946778, 41.66585791229911 ], [ -70.606409944581813, 41.665836729364941 ], [ -70.606411099509813, 41.665832362486995 ], [ -70.606407099448418, 41.665813129101835 ], [ -70.606377584927344, 41.665787293418404 ], [ -70.606369451898573, 41.665758426581782 ], [ -70.606341801483225, 41.665751808395257 ], [ -70.606314286404739, 41.665735591185026 ], [ -70.606290297853491, 41.665719215292846 ], [ -70.606290057586605, 41.665719051332822 ], [ -70.606289643702524, 41.66570467317181 ], [ -70.606289285005744, 41.66569218898865 ], [ -70.606269270359519, 41.665673629327152 ], [ -70.606233985442827, 41.665678953479585 ], [ -70.606227692545119, 41.665680471632051 ], [ -70.606201866721335, 41.665686702070289 ], [ -70.60617210515845, 41.665678467239772 ], [ -70.606138300114566, 41.665654198691698 ], [ -70.606132233684605, 41.665630148117273 ], [ -70.606125805997252, 41.665605999261004 ], [ -70.606124124359582, 41.665599680534456 ], [ -70.606109420628599, 41.665594023013867 ], [ -70.60609440756825, 41.665588246008255 ], [ -70.606060200059062, 41.665592777216226 ], [ -70.60601963540141, 41.665594059324512 ], [ -70.605994142221078, 41.665585857093262 ], [ -70.60596672554378, 41.665562440060398 ], [ -70.605918671724467, 41.665565262381755 ], [ -70.605883476326625, 41.665564185274214 ], [ -70.605868852222585, 41.665541668330206 ], [ -70.605864971087215, 41.665525192888715 ], [ -70.605862809471589, 41.665516017913156 ], [ -70.60586848210967, 41.66550269334283 ], [ -70.60587163566484, 41.665495284417212 ], [ -70.605854900412169, 41.665471149962237 ], [ -70.60582284885102, 41.665474098932997 ], [ -70.605779005059091, 41.665480954774168 ], [ -70.60575472473343, 41.665462361485652 ], [ -70.60574625468476, 41.665455044863236 ], [ -70.605730992214319, 41.665441861846674 ], [ -70.605712563548764, 41.665425226106542 ], [ -70.605678624575361, 41.665410557347769 ], [ -70.605640239527958, 41.66540865552944 ], [ -70.605608299876423, 41.665403603451118 ], [ -70.605563237654522, 41.665410864713508 ], [ -70.605456606103644, 41.66540443918452 ], [ -70.605314310355126, 41.66539586470747 ], [ -70.605070888101437, 41.665373958168779 ], [ -70.604782569146195, 41.665348009722074 ], [ -70.604249545586057, 41.665357132170065 ], [ -70.604104156835618, 41.665359619366264 ], [ -70.60326953501675, 41.665373900426829 ], [ -70.603002244707696, 41.665349493556974 ], [ -70.602311659406013, 41.66528643423645 ], [ -70.602136481984331, 41.665270438976556 ], [ -70.596486173907948, 41.665134821772021 ], [ -70.595943251515962, 41.665130501605404 ], [ -70.595716071664185, 41.66512869304654 ], [ -70.590102238840657, 41.665083934304377 ], [ -70.587722113389162, 41.66488434795555 ], [ -70.583952491424725, 41.665098726716899 ], [ -70.581065793120786, 41.665435603906623 ], [ -70.577788920150951, 41.665894739287268 ], [ -70.574806835753606, 41.666465352857841 ], [ -70.572455817017229, 41.66697472687656 ], [ -70.571963002764164, 41.66708149402541 ], [ -70.571044367215407, 41.667280506204456 ], [ -70.567418871185666, 41.668131648692636 ], [ -70.567377585693137, 41.668141340729733 ], [ -70.5652065479849, 41.66920400649483 ], [ -70.564613487380512, 41.669480177793197 ], [ -70.561914367113062, 41.670737011753801 ], [ -70.561022903386956, 41.671152093337355 ], [ -70.560020969551445, 41.671618629216518 ], [ -70.559886373647672, 41.671681300874191 ], [ -70.557642271898942, 41.67299134733895 ], [ -70.557125478790795, 41.673293022556315 ], [ -70.556078093606857, 41.673904414661123 ], [ -70.555525898398486, 41.674226747757743 ], [ -70.555307629065695, 41.674354157363318 ], [ -70.554865580419715, 41.674644469534663 ], [ -70.55387442837025, 41.675295408151946 ], [ -70.552564147516989, 41.676155900764094 ], [ -70.551248445575283, 41.677020056544215 ], [ -70.550487416641673, 41.677533103102085 ], [ -70.549506956334199, 41.678194057529296 ], [ -70.54929074897683, 41.678319023913694 ], [ -70.549122900342951, 41.678416038440915 ], [ -70.548115645205513, 41.67899820826392 ], [ -70.546320952319817, 41.680256103378511 ], [ -70.540971019823346, 41.683768966239363 ], [ -70.540377184598043, 41.684204214174549 ], [ -70.540326691002576, 41.684239751523592 ], [ -70.540054376133213, 41.684439488982655 ], [ -70.537570334233109, 41.686261395882021 ], [ -70.534811825356158, 41.688057994741214 ], [ -70.534684008733478, 41.688141236507562 ], [ -70.534683973549321, 41.688141259619705 ], [ -70.534584115972621, 41.688206292679105 ], [ -70.53320308154882, 41.689105682384259 ], [ -70.532570630369733, 41.689567200015375 ], [ -70.531745234869987, 41.690169498477779 ], [ -70.530344664919241, 41.691224551568652 ], [ -70.530277512629027, 41.69128006315097 ], [ -70.529859736353046, 41.69162541817299 ], [ -70.529828332548561, 41.691651377574104 ], [ -70.52953477246102, 41.691894046980011 ], [ -70.529455037176362, 41.691959957658959 ], [ -70.529314220787398, 41.692076360887619 ], [ -70.528597786516528, 41.692668577828186 ], [ -70.528336375232826, 41.69288466031783 ], [ -70.528163190940177, 41.693027813378272 ], [ -70.527906981328073, 41.693239593949194 ], [ -70.527855077058859, 41.693281174486771 ], [ -70.527689389161281, 41.693413904707995 ], [ -70.527534711454749, 41.693537815623891 ], [ -70.52752221525779, 41.693549588845677 ], [ -70.525277000291666, 41.695478420977778 ], [ -70.52414471451398, 41.696463261801938 ], [ -70.524195056084508, 41.696407746470193 ], [ -70.524744613914891, 41.695801704532968 ], [ -70.525767462527611, 41.694672077814168 ], [ -70.526032416702463, 41.694404683723008 ], [ -70.526073660717458, 41.694363059586692 ], [ -70.526080143542202, 41.694357590151789 ], [ -70.526095640666711, 41.694340877004947 ], [ -70.526344717658432, 41.694089500586308 ], [ -70.526649840422849, 41.693766953792391 ], [ -70.527091418109663, 41.693300149474723 ], [ -70.527174538683241, 41.693213432967589 ], [ -70.527758595648223, 41.692604094508368 ], [ -70.527916806088527, 41.692376687936623 ], [ -70.52806217650668, 41.692167737940274 ], [ -70.528249286624842, 41.691964272049418 ], [ -70.528523283426878, 41.691666321201147 ], [ -70.528547502659606, 41.691637690532211 ], [ -70.528905165376301, 41.691214873736854 ], [ -70.529640061325765, 41.690531203835967 ], [ -70.530278773791281, 41.689962173729981 ], [ -70.530559812834767, 41.689711790959748 ], [ -70.530707539746118, 41.689557907029268 ], [ -70.530951522658356, 41.68930375368334 ], [ -70.531712520586325, 41.688231991348935 ], [ -70.532258834238746, 41.687578214432719 ], [ -70.532940077824051, 41.686938701706239 ], [ -70.532999077259788, 41.686883314708076 ], [ -70.533782153412517, 41.686109986399948 ], [ -70.533965065085624, 41.685845247894832 ], [ -70.533995140689171, 41.685801716325642 ], [ -70.534541530391024, 41.685140050857285 ], [ -70.534908510564009, 41.68462599153289 ], [ -70.535344009208885, 41.684073119102344 ], [ -70.535557746034655, 41.683714205443458 ], [ -70.535638474863617, 41.683617314154013 ], [ -70.53600844270899, 41.683173276358097 ], [ -70.536376732065875, 41.682742241300254 ], [ -70.536427389926857, 41.682691489269146 ], [ -70.536496086347469, 41.682613453605036 ], [ -70.536967629892786, 41.682115539750754 ], [ -70.537274461716876, 41.681804682417884 ], [ -70.537565973163922, 41.681543770038211 ], [ -70.537808256945766, 41.681326916329297 ], [ -70.53824677971258, 41.680919249693211 ], [ -70.53860755357239, 41.680657634395793 ], [ -70.538995478716132, 41.680376326672146 ], [ -70.539480740631532, 41.680004503778392 ], [ -70.539945580960563, 41.67959255089184 ], [ -70.540278775216422, 41.679274029546939 ], [ -70.540855827867858, 41.678686876183001 ], [ -70.540881480088103, 41.678656816198028 ], [ -70.541709289637666, 41.677686735940284 ], [ -70.542339972434618, 41.676975097097802 ], [ -70.542938569318636, 41.676392769948023 ], [ -70.543270786927664, 41.676069576761606 ], [ -70.54391151726945, 41.67536138959769 ], [ -70.54456740742441, 41.674657868817313 ], [ -70.544631845691953, 41.674591739243297 ], [ -70.544638177258577, 41.674584657579061 ], [ -70.545744413758115, 41.67334725854888 ], [ -70.54649042829648, 41.672596608261976 ], [ -70.54720381419223, 41.6719441620777 ], [ -70.547743815813845, 41.671341470977396 ], [ -70.54849602338318, 41.670524454661845 ], [ -70.550707737397829, 41.668467511165836 ] ] ] } },
{ "type": "Feature", "properties": { "TMDL_BASIN": "New Bedford Inner Harbor", "BBP_SYS_ID": "NBDHRB", "SHED_ACRES": 19494.666, "HECTARES": 7889.243, "DELIN_YEAR": 2023 }, "geometry": { "type": "Polygon", "coordinates": [ [ [ -70.919305162029161, 41.780703820300758 ], [ -70.918322587570159, 41.780347664797993 ], [ -70.916296170543021, 41.781180274356196 ], [ -70.913658965646832, 41.782080611230214 ], [ -70.911730613880309, 41.78245726949833 ], [ -70.910624305650657, 41.782678896690641 ], [ -70.910549871664585, 41.782775278064413 ], [ -70.910549464076993, 41.78277642443372 ], [ -70.910548591334447, 41.782776935905829 ], [ -70.910208314678073, 41.782976354409428 ], [ -70.910205795356759, 41.782977830844636 ], [ -70.909744039564501, 41.78300132048922 ], [ -70.909275039935636, 41.782974707737445 ], [ -70.909261772823697, 41.782969616147128 ], [ -70.908798684190515, 41.782791892659738 ], [ -70.908795658743799, 41.782790731548694 ], [ -70.908460912385877, 41.782596821611577 ], [ -70.907954696703371, 41.782317328566798 ], [ -70.907386948415137, 41.782359286221521 ], [ -70.906113531459667, 41.78067188760464 ], [ -70.905611124578328, 41.779158333433095 ], [ -70.905608412943025, 41.779149614890869 ], [ -70.905419603383706, 41.778542549841063 ], [ -70.90543928116314, 41.77775173294296 ], [ -70.905439256158672, 41.777751568611379 ], [ -70.905327882865265, 41.777019600273839 ], [ -70.904960448843539, 41.776414996304062 ], [ -70.904064137403253, 41.775188621184263 ], [ -70.903447018230651, 41.774276017087097 ], [ -70.902726981078033, 41.773297593158816 ], [ -70.902308355724472, 41.772786125462794 ], [ -70.90178586572388, 41.771587014988413 ], [ -70.901021036791519, 41.770200926573381 ], [ -70.900521746340829, 41.769557911351022 ], [ -70.900256489391381, 41.768908247803282 ], [ -70.899801034602177, 41.768121963296842 ], [ -70.899234731120245, 41.767054851709176 ], [ -70.898779300928439, 41.766268563048399 ], [ -70.898507014210537, 41.765690325089778 ], [ -70.898226956276403, 41.764920153622768 ], [ -70.898079268288754, 41.764121981499677 ], [ -70.897990198492721, 41.763444543668079 ], [ -70.89784220262797, 41.76267957074657 ], [ -70.897701887340403, 41.762156613195266 ], [ -70.897311608939546, 41.761022893915985 ], [ -70.896914543722971, 41.76013167501079 ], [ -70.896458385720052, 41.759152355267211 ], [ -70.896032055779116, 41.758437676112941 ], [ -70.895818956907618, 41.757964413317325 ], [ -70.895502472568438, 41.756940811597126 ], [ -70.895210807592775, 41.756134555543603 ], [ -70.894611941996757, 41.754756055308135 ], [ -70.894281523440682, 41.753878123640881 ], [ -70.893956476996024, 41.752791445598511 ], [ -70.893589425331683, 41.752192432390387 ], [ -70.893156005587841, 41.751559863128882 ], [ -70.892839967047649, 41.751070289383719 ], [ -70.892597919554333, 41.750663268350365 ], [ -70.892597216480112, 41.750660661428711 ], [ -70.892465085739346, 41.75017073120955 ], [ -70.892465026290452, 41.750170681186681 ], [ -70.892165585617832, 41.74991871708103 ], [ -70.892154151617476, 41.749911214485749 ], [ -70.891717754884084, 41.74962486386211 ], [ -70.891714245191949, 41.749622560888717 ], [ -70.891711075185825, 41.749619358938503 ], [ -70.891357809661386, 41.749262530954667 ], [ -70.891350195085423, 41.749254839534366 ], [ -70.891085196829337, 41.748892148443311 ], [ -70.890952068255146, 41.748491333354721 ], [ -70.890789019002312, 41.747958115758649 ], [ -70.890522009494859, 41.746940953797548 ], [ -70.890255998505381, 41.746292386757169 ], [ -70.889799348655885, 41.745660805287564 ], [ -70.889570845514115, 41.7451773183612 ], [ -70.889570835433233, 41.745176717163766 ], [ -70.889560712627002, 41.744330350470818 ], [ -70.889560710309325, 41.744330274085236 ], [ -70.889394037197405, 41.742725104122471 ], [ -70.889394017153947, 41.742724503122417 ], [ -70.889338898955216, 41.741498612153634 ], [ -70.888990674216117, 41.740355521300884 ], [ -70.888649237156457, 41.738937288753803 ], [ -70.887854566016344, 41.737893651059487 ], [ -70.887273263988391, 41.737146591035426 ], [ -70.886626268730694, 41.736454884752618 ], [ -70.885972222077967, 41.735736125463916 ], [ -70.885111007688749, 41.734472643066582 ], [ -70.884301503614211, 41.733401325754578 ], [ -70.883771407749862, 41.732572365021056 ], [ -70.883358631405557, 41.731692828338105 ], [ -70.882879344546254, 41.730758907166717 ], [ -70.882222984528227, 41.729396345473951 ], [ -70.881205946768731, 41.727407185402875 ], [ -70.880542796763706, 41.726132363116477 ], [ -70.880126520348952, 41.725138559994448 ], [ -70.880126692071457, 41.725138399605164 ], [ -70.880640463355164, 41.724658531066048 ], [ -70.881174228768614, 41.724283276138898 ], [ -70.881803220509937, 41.72396368377639 ], [ -70.882439426526375, 41.723615990399111 ], [ -70.882979908169361, 41.723262710157222 ], [ -70.883389524446457, 41.722964992098717 ], [ -70.883623166387878, 41.722766486669677 ], [ -70.883827444960204, 41.722458088721773 ], [ -70.883906443113091, 41.721957682970171 ], [ -70.884050281513822, 41.721198207599798 ], [ -70.88407099426675, 41.720802717639707 ], [ -70.884070960378253, 41.720802493424237 ], [ -70.884011153565069, 41.720406791852476 ], [ -70.883746061285095, 41.719934348811918 ], [ -70.883407903005221, 41.719484018783277 ], [ -70.882907326828558, 41.718780702566534 ], [ -70.882862141237908, 41.718384855540592 ], [ -70.882862133797744, 41.718384254351413 ], [ -70.882860835397068, 41.717994311029159 ], [ -70.882984282716862, 41.717636518475331 ], [ -70.88342235196076, 41.717130180297701 ], [ -70.884086777198178, 41.716535027895709 ], [ -70.884817731995341, 41.716088230276547 ], [ -70.885227104866885, 41.71575167587433 ], [ -70.885438142915362, 41.715459630927747 ], [ -70.885509791405525, 41.7149209184835 ], [ -70.885509739239723, 41.714920612106717 ], [ -70.885241077990784, 41.71334268676592 ], [ -70.884942433068943, 41.711500932977742 ], [ -70.884496560901042, 41.709488999222771 ], [ -70.884480126654054, 41.709417138108023 ], [ -70.884005912801598, 41.707343498984457 ], [ -70.884005644614561, 41.707342326218779 ], [ -70.883721031919251, 41.707186596400732 ], [ -70.883435835079666, 41.70609897473399 ], [ -70.883336671142985, 41.705519383937045 ], [ -70.883336663935893, 41.705518782749238 ], [ -70.883336119481427, 41.704582991129293 ], [ -70.883336116586847, 41.704582758933803 ], [ -70.88330831597932, 41.704119147348848 ], [ -70.882999130068185, 41.702659989738237 ], [ -70.882738985684242, 41.701489217150794 ], [ -70.882738425058733, 41.701481711703082 ], [ -70.882694685453458, 41.700896136204292 ], [ -70.88269463524864, 41.700895962475144 ], [ -70.88249296568452, 41.700198095356498 ], [ -70.882493052391638, 41.70019783278336 ], [ -70.882788824604248, 41.699302138851557 ], [ -70.883272162393382, 41.698838252258462 ], [ -70.885009155267184, 41.69748414651572 ], [ -70.886500725645718, 41.696738133057046 ], [ -70.887412903681039, 41.696492067313898 ], [ -70.887414412029301, 41.696491175342167 ], [ -70.887720797215195, 41.696309991510866 ], [ -70.887378796774328, 41.695056348686009 ], [ -70.886812186173245, 41.694227765897026 ], [ -70.886633639844916, 41.692862735763597 ], [ -70.886452530214385, 41.691785248690586 ], [ -70.886059666799412, 41.691152304625959 ], [ -70.885649583248835, 41.690632375797946 ], [ -70.88462865890277, 41.689314562748947 ], [ -70.883679181743162, 41.688552546232636 ], [ -70.883187031851136, 41.687953943680448 ], [ -70.882657835045677, 41.687344445998669 ], [ -70.882495755631453, 41.687025621511701 ], [ -70.882495739495567, 41.687025020359869 ], [ -70.882487799078604, 41.686761644950451 ], [ -70.882574333243994, 41.686371024874099 ], [ -70.882822142529818, 41.686013344614331 ], [ -70.883318851735027, 41.685748176060329 ], [ -70.884226086624778, 41.685493668779166 ], [ -70.884701074436435, 41.685300406702844 ], [ -70.885038906768145, 41.684420428144762 ], [ -70.885151365600265, 41.682698505656155 ], [ -70.886122571926791, 41.681268214188407 ], [ -70.887145027499869, 41.679479166136375 ], [ -70.887147254540821, 41.679470755220308 ], [ -70.887450708033839, 41.678324674448078 ], [ -70.887135180061648, 41.677354227864733 ], [ -70.886825261344697, 41.676563041499492 ], [ -70.886236714002962, 41.675574519799603 ], [ -70.885369797623028, 41.674558605570688 ], [ -70.884576089302072, 41.673542517892507 ], [ -70.883840984879683, 41.672620155902656 ], [ -70.883143154027792, 41.671823480989403 ], [ -70.882592593835241, 41.671263949654858 ], [ -70.88192421990918, 41.670451107646329 ], [ -70.881556662914903, 41.6699454623988 ], [ -70.881283068699076, 41.669327066360857 ], [ -70.881291378227942, 41.66928822001082 ], [ -70.881320206175999, 41.669153451401449 ], [ -70.881344334174514, 41.669040654280842 ], [ -70.881884200882439, 41.669117762176 ], [ -70.881931409319733, 41.669124504809538 ], [ -70.882217539607211, 41.669115743703053 ], [ -70.882410179579068, 41.669109846340739 ], [ -70.884583107234207, 41.668951676766739 ], [ -70.886178539262119, 41.668888266858396 ], [ -70.887181253095676, 41.668864410878676 ], [ -70.888037231601118, 41.668802616298109 ], [ -70.888097417246797, 41.668798374890613 ], [ -70.888500229607502, 41.668784703082558 ], [ -70.888595423145716, 41.668781471925712 ], [ -70.888759645769795, 41.668795860089766 ], [ -70.888759179558591, 41.668768190857534 ], [ -70.888757730271109, 41.668682177439969 ], [ -70.888751772525438, 41.668336974032627 ], [ -70.888734594668776, 41.667341635656292 ], [ -70.888795442591771, 41.666956894841626 ], [ -70.888866312640204, 41.666509991538838 ], [ -70.888885382175175, 41.665966099908303 ], [ -70.88893339668995, 41.665221182833285 ], [ -70.888933345153674, 41.665219544463632 ], [ -70.888933421168034, 41.665218365355493 ], [ -70.88891421961371, 41.664608055579869 ], [ -70.889085577416523, 41.664080156414819 ], [ -70.889348907230939, 41.663557664639136 ], [ -70.889612691754849, 41.663144345195235 ], [ -70.89012045241472, 41.662780728742078 ], [ -70.890819332459998, 41.662382681530559 ], [ -70.891648037467107, 41.662121506224253 ], [ -70.892362902533961, 41.661895169077873 ], [ -70.892809917855601, 41.661584113242419 ], [ -70.893188110959329, 41.661210225020511 ], [ -70.893420758976362, 41.660653796331523 ], [ -70.893420744137856, 41.660651670691195 ], [ -70.893420774893272, 41.660651597134695 ], [ -70.893416379263016, 41.660012512719717 ], [ -70.893519060757086, 41.659405169226538 ], [ -70.893518738108227, 41.659404455066898 ], [ -70.893519104688608, 41.659402288657354 ], [ -70.893278960418186, 41.658870349448833 ], [ -70.893014805384567, 41.658121066135763 ], [ -70.892772644968147, 41.657734732930614 ], [ -70.892628423282602, 41.65750464485469 ], [ -70.892627481801782, 41.657505360745091 ], [ -70.89256001414563, 41.657397723714801 ], [ -70.892520100106381, 41.657346250613209 ], [ -70.892519188625215, 41.657341871719048 ], [ -70.892447428863747, 41.657247592063932 ], [ -70.892434091772301, 41.657230069452133 ], [ -70.892029757879953, 41.656698839741445 ], [ -70.891330997716125, 41.655968049472634 ], [ -70.8907233510878, 41.655146017254445 ], [ -70.890139625361599, 41.654472671875595 ], [ -70.889815628766087, 41.653906511331378 ], [ -70.889444118016812, 41.653071670395192 ], [ -70.889149064334077, 41.652265375611094 ], [ -70.888854566801243, 41.651538991310005 ], [ -70.888504738608646, 41.650538256968986 ], [ -70.888092069472407, 41.649245124114266 ], [ -70.887812710068999, 41.648507563721004 ], [ -70.887806366973479, 41.648494362991435 ], [ -70.887542858157161, 41.647840603162557 ], [ -70.887542807718518, 41.647838841575805 ], [ -70.887528451238623, 41.647337433559322 ], [ -70.887739652424017, 41.646407764224492 ], [ -70.887740190001139, 41.646405397872421 ], [ -70.888153070781755, 41.645300721170727 ], [ -70.8886298998531, 41.644548658727118 ], [ -70.889106046914762, 41.643847236787565 ], [ -70.890143701632056, 41.643136727030672 ], [ -70.890657505945242, 41.642899475289958 ], [ -70.891197886659754, 41.642500014647311 ], [ -70.892208625162141, 41.642002337147396 ], [ -70.893083641535483, 41.641654739215909 ], [ -70.894161009475837, 41.641208046221173 ], [ -70.895102668800405, 41.640910871281982 ], [ -70.895641866331786, 41.640612112893272 ], [ -70.896113824500205, 41.640363078232149 ], [ -70.896451318735657, 41.640113327966773 ], [ -70.896655862093255, 41.639762141888511 ], [ -70.896792318452285, 41.639511323689142 ], [ -70.896812169124672, 41.639491179958881 ], [ -70.897056550133769, 41.63924318979916 ], [ -70.897063184079215, 41.63923645784584 ], [ -70.89746860767093, 41.638911658423439 ], [ -70.897605534621221, 41.638610195690731 ], [ -70.898278970343426, 41.63831213608173 ], [ -70.898819265934762, 41.637912639218214 ], [ -70.90318215259073, 41.637482623133266 ], [ -70.90318203310018, 41.637482032443167 ], [ -70.902910657741018, 41.636140484090554 ], [ -70.900768600500669, 41.636340521345808 ], [ -70.899628076298129, 41.636456617892982 ], [ -70.899321447059108, 41.634460668652331 ], [ -70.898233422419906, 41.634780175438458 ], [ -70.897723880417772, 41.631277270706597 ], [ -70.897621061147646, 41.630666159357922 ], [ -70.897621128436754, 41.630666035709254 ], [ -70.897841832986998, 41.630260472098641 ], [ -70.89828164303006, 41.629652234196556 ], [ -70.898773532089805, 41.629247979832897 ], [ -70.89915627902657, 41.628924180301659 ], [ -70.899539205209408, 41.628600943182711 ], [ -70.900032228297491, 41.628074013415116 ], [ -70.900416100609931, 41.627628665092125 ], [ -70.900473525969105, 41.627303144925435 ], [ -70.900585709091175, 41.626896879766775 ], [ -70.900585653303409, 41.62689642889778 ], [ -70.900535334662251, 41.626489757410454 ], [ -70.900535338892226, 41.626489305829175 ], [ -70.900539145504396, 41.626082920774849 ], [ -70.900544864312138, 41.625472384467976 ], [ -70.900544845590431, 41.625472257417414 ], [ -70.900442791811074, 41.624779683256193 ], [ -70.900442818338476, 41.624779359005338 ], [ -70.900492444995308, 41.624172755065203 ], [ -70.900498764881917, 41.624172219261467 ], [ -70.902443700279974, 41.62400730936362 ], [ -70.902554551005878, 41.623997909369542 ], [ -70.903072841309779, 41.624313512251376 ], [ -70.903285939856247, 41.624543663773977 ], [ -70.904025986037354, 41.624463135956255 ], [ -70.905484981050236, 41.62440268491914 ], [ -70.906639462901623, 41.624017335534909 ], [ -70.908246863654711, 41.623242850799258 ], [ -70.908439995013609, 41.623149792627338 ], [ -70.908444038246003, 41.623147844434904 ], [ -70.909566948082997, 41.622440886520018 ], [ -70.910412648657029, 41.621779655993848 ], [ -70.910414041940911, 41.621778294872904 ], [ -70.912999660584845, 41.619252234112899 ], [ -70.913000258840952, 41.619251649607264 ], [ -70.913960780272077, 41.61959312048257 ], [ -70.919830465460777, 41.618266481696608 ], [ -70.919830357702907, 41.61826590160458 ], [ -70.919127634713576, 41.614482712728424 ], [ -70.919127685665174, 41.614482726567658 ], [ -70.919135081732819, 41.61448473545245 ], [ -70.920792517413503, 41.614934904947511 ], [ -70.920793645786759, 41.614935211410078 ], [ -70.922054335285239, 41.614941628870184 ], [ -70.923854558887498, 41.615007041852543 ], [ -70.925657627279833, 41.614734800924523 ], [ -70.928437721537762, 41.614298066330363 ], [ -70.930765002641209, 41.614140926070235 ], [ -70.931010427123908, 41.614142154967709 ], [ -70.932190609826606, 41.614148057015065 ], [ -70.934290752410945, 41.614214802691137 ], [ -70.936760241159988, 41.614959182107953 ], [ -70.938106250723763, 41.615472303426131 ], [ -70.940873005831548, 41.616556264281016 ], [ -70.941339525962078, 41.617222740626488 ], [ -70.941338604233749, 41.617224350737949 ], [ -70.942500451382401, 41.61898208912519 ], [ -70.942523654769019, 41.619017498428718 ], [ -70.943197579364906, 41.620196285423809 ], [ -70.943610495921305, 41.621017532399492 ], [ -70.944550249850607, 41.622408789755482 ], [ -70.944876149179606, 41.622928905256359 ], [ -70.944912161461332, 41.62303787973071 ], [ -70.945003132834941, 41.623372880399124 ], [ -70.945160671215149, 41.623953004567532 ], [ -70.946127388224369, 41.624971199303864 ], [ -70.946876446148678, 41.625143666087212 ], [ -70.948153577371031, 41.624981053488888 ], [ -70.948757792689122, 41.624533799505429 ], [ -70.949438452219908, 41.623917530316085 ], [ -70.949438399310182, 41.623917271552912 ], [ -70.949331390610354, 41.623393925065578 ], [ -70.949203556848047, 41.622768718278742 ], [ -70.949154234817428, 41.62252749178154 ], [ -70.949154131128196, 41.622526721695287 ], [ -70.94912015965204, 41.62227441920777 ], [ -70.948985108188282, 41.621126465457735 ], [ -70.94894563596813, 41.620348833175846 ], [ -70.949983626151962, 41.620269979034475 ], [ -70.951200469535664, 41.620368853164059 ], [ -70.951259034724686, 41.621617706691971 ], [ -70.951259041310124, 41.621618007431898 ], [ -70.951469243008859, 41.623364616038955 ], [ -70.95163783325485, 41.623752079990069 ], [ -70.951760906477816, 41.624083774559409 ], [ -70.952275275165732, 41.625620555205039 ], [ -70.95253351637254, 41.626234616747148 ], [ -70.952979966543552, 41.627373870726331 ], [ -70.951508042040345, 41.627587242035105 ], [ -70.950320204747854, 41.627759424211121 ], [ -70.949765059888293, 41.627874069232639 ], [ -70.949141846900261, 41.627976510879186 ], [ -70.949066602567029, 41.628018305454482 ], [ -70.949065729477923, 41.628018485505258 ], [ -70.94905047285468, 41.628027264713211 ], [ -70.948348963680431, 41.628416914997722 ], [ -70.94835789661704, 41.628616938688786 ], [ -70.948411818511062, 41.629824314422976 ], [ -70.948411826276839, 41.629824615169071 ], [ -70.948643623594663, 41.630196067265011 ], [ -70.949152218808237, 41.631011067492871 ], [ -70.949465959099669, 41.631429258836853 ], [ -70.950355929970669, 41.632699717403099 ], [ -70.950359035867308, 41.632704691680814 ], [ -70.950788359947566, 41.63347825636297 ], [ -70.950898819387049, 41.634085094926292 ], [ -70.950899386422535, 41.634088527096331 ], [ -70.950992033721406, 41.634876084702235 ], [ -70.950994973750525, 41.634916008496695 ], [ -70.950992347130338, 41.6352221490028 ], [ -70.950992353650989, 41.635222449743367 ], [ -70.950994094391206, 41.635233213817926 ], [ -70.951038864627208, 41.635510054635972 ], [ -70.951039789971816, 41.635522581293642 ], [ -70.95104322697496, 41.635569108956389 ], [ -70.951059856496556, 41.636144505411337 ], [ -70.951053554227371, 41.636729475643811 ], [ -70.950989009001589, 41.637586618535622 ], [ -70.950991175489008, 41.637610442748091 ], [ -70.95099692666372, 41.637673686602085 ], [ -70.950996132971795, 41.63767997549607 ], [ -70.951012003443253, 41.637839480602139 ], [ -70.951051329633614, 41.638271959818312 ], [ -70.951078692002028, 41.638509736975465 ], [ -70.951078880250378, 41.638511612682542 ], [ -70.951080962380473, 41.638529466332571 ], [ -70.951129374586273, 41.638950160564391 ], [ -70.951227204417165, 41.639866030211593 ], [ -70.951306254547774, 41.640684858977004 ], [ -70.951338067912332, 41.640788611360378 ], [ -70.950705240587766, 41.640842528316668 ], [ -70.950705011410975, 41.640842547786001 ], [ -70.950704782219248, 41.64084256720227 ], [ -70.950704552960119, 41.640842586625745 ], [ -70.950704328445894, 41.640842605645204 ], [ -70.9507041277963, 41.640842622641998 ], [ -70.950703898194988, 41.640842642091108 ], [ -70.950703668691659, 41.640842661531785 ], [ -70.950702979161491, 41.640842719939485 ], [ -70.949842855266098, 41.64091599602552 ], [ -70.949207652857709, 41.640969590820148 ], [ -70.947926977479753, 41.64107806033514 ], [ -70.946434582948058, 41.641204443190475 ], [ -70.944269983263865, 41.641387715784234 ], [ -70.942914567651428, 41.641502454766922 ], [ -70.941293080447849, 41.641639845409166 ], [ -70.941425343680663, 41.642083041503824 ], [ -70.941425615561641, 41.642083952530555 ], [ -70.94158685508107, 41.642455022271108 ], [ -70.941919642035785, 41.643220283646407 ], [ -70.943163446922142, 41.645010972309265 ], [ -70.943613208766436, 41.64565846017566 ], [ -70.944650416774962, 41.647492972252074 ], [ -70.944801891909776, 41.647761009613255 ], [ -70.944929491594635, 41.648209280878561 ], [ -70.945061266483478, 41.648672213333612 ], [ -70.94579833601567, 41.649562891380327 ], [ -70.946136213971656, 41.649971174691458 ], [ -70.946577296943971, 41.65104307549889 ], [ -70.946723028636086, 41.651521544009455 ], [ -70.946842204495297, 41.651912749136798 ], [ -70.945820228070261, 41.652164581034221 ], [ -70.945816907329004, 41.652165399301509 ], [ -70.944441336759837, 41.65232525653591 ], [ -70.943511875217638, 41.652433043265368 ], [ -70.94405139104903, 41.653533439942009 ], [ -70.944056005053852, 41.653542850493139 ], [ -70.944293908718677, 41.654017912124665 ], [ -70.94460455015161, 41.65466736528392 ], [ -70.944847845120023, 41.655186196772284 ], [ -70.945112327219135, 41.655750385618049 ], [ -70.945331215913512, 41.656217515459069 ], [ -70.945735933361405, 41.656856501096385 ], [ -70.946218263066015, 41.657618154029642 ], [ -70.946368293072808, 41.657855153837552 ], [ -70.946428693649978, 41.659544368300217 ], [ -70.946428702103262, 41.659544572698962 ], [ -70.946150096126644, 41.659704328113655 ], [ -70.94504851695153, 41.660335537099769 ], [ -70.944005046730496, 41.660966964946169 ], [ -70.942877879122221, 41.662061314063564 ], [ -70.942640980252662, 41.663411273123053 ], [ -70.942636370601178, 41.663940253064602 ], [ -70.942625281349848, 41.665212763476731 ], [ -70.942632733595374, 41.665261757679637 ], [ -70.942424069010258, 41.665309129992494 ], [ -70.941808363173408, 41.665431592780273 ], [ -70.941797285506127, 41.665433796073614 ], [ -70.940217981083421, 41.665707963776683 ], [ -70.938189701695961, 41.665810510627608 ], [ -70.936902357339136, 41.666057374680435 ], [ -70.936760464595636, 41.666084808795326 ], [ -70.936832039785358, 41.666479075773807 ], [ -70.93756917788923, 41.668059498595298 ], [ -70.937935193676537, 41.66913106162302 ], [ -70.938587761634167, 41.671780813459833 ], [ -70.940149475608578, 41.673534104769502 ], [ -70.941710291492058, 41.675399916163315 ], [ -70.942600221931016, 41.67669912605318 ], [ -70.943561814847186, 41.67839315434086 ], [ -70.943598525247012, 41.678595354623532 ], [ -70.943402969536308, 41.678694996934659 ], [ -70.943015035857272, 41.679003746762682 ], [ -70.942772208814546, 41.679235783865209 ], [ -70.942522672624051, 41.679482973962095 ], [ -70.942242718760994, 41.67979685536136 ], [ -70.942008051572259, 41.680263644758085 ], [ -70.941948732398444, 41.680531152336044 ], [ -70.942004932712322, 41.680875059483149 ], [ -70.942024701980401, 41.680994212029503 ], [ -70.942224650799588, 41.682199310427158 ], [ -70.942224673768607, 41.682199448859635 ], [ -70.942224652468312, 41.682199656450088 ], [ -70.942172656536215, 41.682706399018805 ], [ -70.942172626141726, 41.682706695235034 ], [ -70.942171559372071, 41.682707641644107 ], [ -70.941870235775312, 41.682974966238106 ], [ -70.941869305916427, 41.6829757911743 ], [ -70.941868051252811, 41.68297612314921 ], [ -70.941295990693575, 41.683127484463149 ], [ -70.941292834823699, 41.683128319463762 ], [ -70.940309197130631, 41.683294403137893 ], [ -70.939398510344731, 41.683465948810593 ], [ -70.938826647861518, 41.683616870920574 ], [ -70.938448191585664, 41.683750121917328 ], [ -70.938599706642449, 41.684225133773005 ], [ -70.938611831258754, 41.68426314510377 ], [ -70.938911039652268, 41.684832039442483 ], [ -70.93909493305398, 41.68519456543487 ], [ -70.939401190481149, 41.685783274959121 ], [ -70.939403410356121, 41.685787443013027 ], [ -70.939741353666335, 41.686421961022212 ], [ -70.93995654006909, 41.686833551722025 ], [ -70.940219594726457, 41.68734776201611 ], [ -70.940438708209584, 41.687736478695292 ], [ -70.940641852838979, 41.688052717411985 ], [ -70.940837440809844, 41.688357189248769 ], [ -70.940856680824254, 41.688387140008345 ], [ -70.941121360425328, 41.68878867389666 ], [ -70.941389474718974, 41.689151100330406 ], [ -70.941597225342534, 41.68941200273072 ], [ -70.941682455977286, 41.689519038394565 ], [ -70.941744219277894, 41.689906546138687 ], [ -70.941488823061235, 41.6901532212013 ], [ -70.941205361294422, 41.690340095004686 ], [ -70.941106074400096, 41.690405550036147 ], [ -70.94108393203804, 41.690420147391308 ], [ -70.940831186337377, 41.690619196544503 ], [ -70.940420851340917, 41.690891192220548 ], [ -70.940333618742315, 41.690948446911911 ], [ -70.94004064893268, 41.691140734979676 ], [ -70.939677597950208, 41.691481575901257 ], [ -70.939247997723996, 41.691944818260517 ], [ -70.939175568655344, 41.69263088548874 ], [ -70.939186457783805, 41.692992717536917 ], [ -70.939271110559389, 41.69345027008363 ], [ -70.939403831846292, 41.693912134073926 ], [ -70.939445747053171, 41.694057995649374 ], [ -70.93955120727685, 41.69462755337878 ], [ -70.939551389559654, 41.694628621508414 ], [ -70.939668665187213, 41.695315818131697 ], [ -70.939918142260566, 41.696093141380594 ], [ -70.940057508560528, 41.696451018069048 ], [ -70.940060042722919, 41.696463742368302 ], [ -70.940158652279436, 41.696958867443065 ], [ -70.940385449975736, 41.697388606464948 ], [ -70.940200256930851, 41.697855939566544 ], [ -70.939705388069271, 41.698172068740938 ], [ -70.939664506306869, 41.698196816976399 ], [ -70.939270029450398, 41.698435616245881 ], [ -70.939030817157729, 41.698659757919685 ], [ -70.938800774028223, 41.698958770121735 ], [ -70.938797056683669, 41.698967855314187 ], [ -70.938397037212482, 41.699945487357205 ], [ -70.938162424754807, 41.700478314794495 ], [ -70.938158642422451, 41.700486904758009 ], [ -70.937819828882652, 41.70125266639652 ], [ -70.937600806588193, 41.701962975801798 ], [ -70.937508056071835, 41.702320885214753 ], [ -70.937418955039504, 41.702661836819622 ], [ -70.937327102108512, 41.70311141297956 ], [ -70.937327030027035, 41.703111764582708 ], [ -70.937268632285608, 41.703396619163009 ], [ -70.937153093847215, 41.703762756583053 ], [ -70.936998833259764, 41.704047766410703 ], [ -70.936328980692338, 41.704891092094833 ], [ -70.9360693905913, 41.705230053873315 ], [ -70.936056521630334, 41.705246857509394 ], [ -70.936189428173961, 41.705732637672156 ], [ -70.93619004754386, 41.705734901480611 ], [ -70.936369171163847, 41.706411044681914 ], [ -70.936165615018695, 41.706729407509421 ], [ -70.935811647287295, 41.70707740950261 ], [ -70.935360790846332, 41.707458663594323 ], [ -70.934978115203364, 41.707717948466346 ], [ -70.934671875742509, 41.707920058018622 ], [ -70.933989796362951, 41.708287516309596 ], [ -70.933410210605487, 41.708516558650487 ], [ -70.932902565097493, 41.708700549446846 ], [ -70.932432247599337, 41.708860376762111 ], [ -70.931937768713098, 41.709425978820711 ], [ -70.931699925186166, 41.709785174295384 ], [ -70.931665624889405, 41.710500986945611 ], [ -70.931906589697618, 41.711062010257052 ], [ -70.932117963910528, 41.711357742343822 ], [ -70.932210727253349, 41.711487525856796 ], [ -70.932650635218707, 41.712196242317283 ], [ -70.932826282618109, 41.712539469296019 ], [ -70.932888052109433, 41.712660170146513 ], [ -70.93324953051696, 41.713347794461626 ], [ -70.933700764754931, 41.714156062427044 ], [ -70.934021070950081, 41.714764308169578 ], [ -70.934023570316256, 41.71476905429396 ], [ -70.934268698612101, 41.715251364562619 ], [ -70.935036889721374, 41.716642513488722 ], [ -70.93557671141879, 41.717988779414839 ], [ -70.935950746066879, 41.718973276793214 ], [ -70.935962550601019, 41.719001279913165 ], [ -70.936117281339008, 41.719368335077959 ], [ -70.936397079296313, 41.719997069183947 ], [ -70.93701847138648, 41.721331456849441 ], [ -70.937154904526082, 41.721612319180601 ], [ -70.937163958698122, 41.721630958074911 ], [ -70.937993031829194, 41.723222429449656 ], [ -70.938673478913543, 41.724586407175416 ], [ -70.938705757119294, 41.724646476206097 ], [ -70.939138211482074, 41.725553680267595 ], [ -70.939469906961691, 41.725986606443954 ], [ -70.939992098315173, 41.726668152390133 ], [ -70.940169794949654, 41.727083221382372 ], [ -70.940374512296529, 41.727561399109234 ], [ -70.940546760517989, 41.727964598493159 ], [ -70.940546922344623, 41.727965562015449 ], [ -70.941153812297983, 41.729459981391784 ], [ -70.941523315802286, 41.730201223207729 ], [ -70.941871372873678, 41.731141002766954 ], [ -70.942109970224479, 41.732179627174226 ], [ -70.942110021095772, 41.732179848615012 ], [ -70.942032483859236, 41.73299374073072 ], [ -70.9419914027348, 41.733614856360937 ], [ -70.941991369607663, 41.733615357212571 ], [ -70.942205771164581, 41.734076721743527 ], [ -70.942884790593951, 41.735361947331924 ], [ -70.943121666713637, 41.735961289116752 ], [ -70.94351819196298, 41.737940045558176 ], [ -70.943518192197388, 41.73794010176821 ], [ -70.943521389669968, 41.738714959546598 ], [ -70.943521403135321, 41.738715560718184 ], [ -70.943443273048189, 41.739342435834786 ], [ -70.94344324961358, 41.739342623861504 ], [ -70.943512524934789, 41.740117342662799 ], [ -70.943512569692587, 41.740117843189957 ], [ -70.943215636595838, 41.741150622084845 ], [ -70.943215616699405, 41.741150691286379 ], [ -70.943129534199954, 41.741797896960854 ], [ -70.943128177613545, 41.741808096263242 ], [ -70.943128004968699, 41.741809821411742 ], [ -70.943084096595527, 41.742248571973334 ], [ -70.943063826567425, 41.742335584850679 ], [ -70.943661746478682, 41.742933914937367 ], [ -70.943666997396548, 41.742940130349915 ], [ -70.944101136445369, 41.743346291044503 ], [ -70.944432436228979, 41.743763203049639 ], [ -70.944705997667, 41.744318264350355 ], [ -70.944862335031658, 41.744961102375328 ], [ -70.945070438293229, 41.745653624382172 ], [ -70.945070459526633, 41.745653695041447 ], [ -70.945068800357717, 41.745715325224246 ], [ -70.945057440202703, 41.746137297414592 ], [ -70.945015281179906, 41.746496562879621 ], [ -70.944988102209805, 41.746728171061989 ], [ -70.944944438906091, 41.747099860682027 ], [ -70.944897308773776, 41.747353583244383 ], [ -70.944837722530551, 41.747673666625914 ], [ -70.944808347550392, 41.747831460964861 ], [ -70.9448082674311, 41.747831891342663 ], [ -70.944459353931279, 41.748465513059934 ], [ -70.944328967134695, 41.748877884798986 ], [ -70.944371615075084, 41.750084023385966 ], [ -70.944371621845676, 41.750084419070674 ], [ -70.944243276154026, 41.751368244607235 ], [ -70.944243254459721, 41.751368461607619 ], [ -70.945002010851923, 41.753035280922049 ], [ -70.9459887139069, 41.755158202196789 ], [ -70.946894447698256, 41.756962215861058 ], [ -70.94789531768474, 41.758677771668658 ], [ -70.94790177504683, 41.758689329973507 ], [ -70.948924209948558, 41.760519371825232 ], [ -70.948989779570155, 41.76063673007004 ], [ -70.949047563403596, 41.760730699175006 ], [ -70.949335940885973, 41.761199659223792 ], [ -70.952953137618792, 41.767081304189176 ], [ -70.952615986884354, 41.767146513920153 ], [ -70.952614028882977, 41.76714689262203 ], [ -70.952152329534329, 41.767130834924259 ], [ -70.951463832874069, 41.767281710170124 ], [ -70.950987597478957, 41.767376205846482 ], [ -70.950570169800031, 41.767493492354731 ], [ -70.950035943926949, 41.767709816824642 ], [ -70.949560529350549, 41.76801364642629 ], [ -70.949085065861553, 41.768257261397174 ], [ -70.948660023858181, 41.768341302744538 ], [ -70.948176225309425, 41.768265805618704 ], [ -70.946651786583175, 41.7680552663236 ], [ -70.946543148328033, 41.768534747510813 ], [ -70.946530428301898, 41.769222402820724 ], [ -70.946530424575428, 41.769222604275079 ], [ -70.946655867905761, 41.769751297833288 ], [ -70.946655868106362, 41.769751355059661 ], [ -70.946657312084326, 41.770169432438429 ], [ -70.946657325733639, 41.770169732832485 ], [ -70.946560171702799, 41.770361230888149 ], [ -70.946525803968697, 41.770428972035965 ], [ -70.946525599617388, 41.770429374825866 ], [ -70.946299342597399, 41.770710766052318 ], [ -70.946091545700753, 41.771109055867008 ], [ -70.94613994204127, 41.771551867327652 ], [ -70.946140184718786, 41.7715540877333 ], [ -70.946302422978121, 41.7718508723203 ], [ -70.946552380107931, 41.772131200878128 ], [ -70.946765321128211, 41.7723894026742 ], [ -70.946704007173622, 41.772735704115377 ], [ -70.946703930632893, 41.772736136415922 ], [ -70.946696413761799, 41.772734709065752 ], [ -70.946077734156574, 41.772617228405856 ], [ -70.946047946764921, 41.77261157200207 ], [ -70.945600264183753, 41.772442263740061 ], [ -70.944969585179734, 41.772289507067448 ], [ -70.944378616627191, 41.772352364106723 ], [ -70.943644262450661, 41.772618430603742 ], [ -70.943190593964019, 41.772834553840369 ], [ -70.942970149038686, 41.772576308620962 ], [ -70.942526507813028, 41.772450900960919 ], [ -70.942047021587427, 41.772556598198335 ], [ -70.941921262897139, 41.77225942342654 ], [ -70.941744582018146, 41.771918668784153 ], [ -70.941472807077574, 41.771599956956692 ], [ -70.94103968020795, 41.771358672536941 ], [ -70.940570516455111, 41.771134091430589 ], [ -70.940210361723004, 41.770865588297475 ], [ -70.939586298145599, 41.770283470834052 ], [ -70.939043162849302, 41.769838491871283 ], [ -70.938602753327956, 41.769679883903066 ], [ -70.938119133629314, 41.769648237626335 ], [ -70.937819449629188, 41.769770560040087 ], [ -70.937570855100546, 41.770002303608898 ], [ -70.93742461691096, 41.770283509645076 ], [ -70.937278859206145, 41.770680640365512 ], [ -70.937276753836329, 41.770682690499214 ], [ -70.936848894751819, 41.77109932080235 ], [ -70.936847912033357, 41.771100277722176 ], [ -70.93684288139174, 41.771101469399213 ], [ -70.936298013864615, 41.771230538051917 ], [ -70.936283612681351, 41.771233949373112 ], [ -70.935976527341879, 41.771405750659284 ], [ -70.935815544717869, 41.771631734074809 ], [ -70.935677220387134, 41.77195180550202 ], [ -70.935436390503341, 41.772342797628596 ], [ -70.93543602885623, 41.772343396627555 ], [ -70.935033899648872, 41.772636274241087 ], [ -70.934514443114935, 41.772935320986733 ], [ -70.93392194762481, 41.773311096637869 ], [ -70.933343926143479, 41.773791609121297 ], [ -70.933165542050673, 41.774208536079641 ], [ -70.933155469164475, 41.774591136981464 ], [ -70.932929117963752, 41.774938641765175 ], [ -70.932622001057453, 41.775258994543243 ], [ -70.932278494307482, 41.775507698715131 ], [ -70.931934247802417, 41.775712505181836 ], [ -70.931634095119605, 41.775861820229615 ], [ -70.931392560748364, 41.776055320013498 ], [ -70.930873590430153, 41.776695367563725 ], [ -70.930486491086199, 41.777109854208554 ], [ -70.930267345093171, 41.777468343625742 ], [ -70.93011455689151, 41.777909323196262 ], [ -70.92984565662529, 41.778829730927221 ], [ -70.9294375400967, 41.779932328520928 ], [ -70.929322747486466, 41.781083663351865 ], [ -70.929149368261136, 41.782081079101616 ], [ -70.929106620342424, 41.782500755135011 ], [ -70.929041623837492, 41.7831388451797 ], [ -70.929041604450575, 41.783139035505904 ], [ -70.928677552152763, 41.78410288670689 ], [ -70.928677410252803, 41.784103262389827 ], [ -70.928869202300646, 41.784593392899595 ], [ -70.929098189011953, 41.785303018013586 ], [ -70.929386573316904, 41.786602118860728 ], [ -70.929888654612625, 41.788137509348772 ], [ -70.930846997105036, 41.790365604950374 ], [ -70.930847015125806, 41.790365646845999 ], [ -70.930846714307023, 41.790400417627858 ], [ -70.930840873940824, 41.791075481482203 ], [ -70.930799375180797, 41.792040094436615 ], [ -70.930720705277949, 41.793042317977118 ], [ -70.930804197249842, 41.794050190939707 ], [ -70.930989857289617, 41.79513437356254 ], [ -70.931351105065474, 41.796114201382082 ], [ -70.931889472333907, 41.797473065478123 ], [ -70.932685044257155, 41.799150586926665 ], [ -70.933465100500825, 41.800272048209486 ], [ -70.934141788661535, 41.801349660678461 ], [ -70.934745233473848, 41.802377948299089 ], [ -70.935202168580247, 41.80328564534048 ], [ -70.935438303954854, 41.803939986175763 ], [ -70.935438340088282, 41.80394008630158 ], [ -70.935388464715615, 41.804458171475233 ], [ -70.935296091680826, 41.804757727299346 ], [ -70.935213468911613, 41.805025661610109 ], [ -70.935103453150077, 41.805272321935099 ], [ -70.934994587025443, 41.805516402737155 ], [ -70.934988399897321, 41.805526983965223 ], [ -70.934718549402092, 41.805988478607709 ], [ -70.934718257652918, 41.805988977549397 ], [ -70.934321089495214, 41.805854076954738 ], [ -70.933755458525013, 41.805519821025797 ], [ -70.933204574508153, 41.805113606165563 ], [ -70.932550847317358, 41.804559441510044 ], [ -70.931749043490456, 41.803173383261786 ], [ -70.931196495005722, 41.802156025158574 ], [ -70.931041785540373, 41.80181536418629 ], [ -70.929996678042514, 41.800038669208433 ], [ -70.92870226636964, 41.798164487786565 ], [ -70.927605517418172, 41.796101643470294 ], [ -70.927281718025355, 41.795689786564779 ], [ -70.926583833632634, 41.795003123148192 ], [ -70.926135299003647, 41.79431039556529 ], [ -70.925855358442021, 41.793727122506517 ], [ -70.925604734427779, 41.793061257996762 ], [ -70.925273139630164, 41.792412463438417 ], [ -70.925265717674634, 41.792395946423447 ], [ -70.92491773058029, 41.791621516641932 ], [ -70.924917535018551, 41.791621081422193 ], [ -70.924912696161883, 41.791596639155166 ], [ -70.924728671246029, 41.790667069437077 ], [ -70.924728082252258, 41.79066409419309 ], [ -70.924652652761125, 41.790216694704583 ], [ -70.92465266094041, 41.790216538628997 ], [ -70.924695094143132, 41.789406816824581 ], [ -70.924789339821771, 41.78887776301012 ], [ -70.92497133587068, 41.788414991373813 ], [ -70.924971283151578, 41.78841448864322 ], [ -70.924922506759174, 41.787949351736117 ], [ -70.924915245660031, 41.787941178250101 ], [ -70.924566949025248, 41.78754911367399 ], [ -70.924544392105403, 41.787523721984726 ], [ -70.924411629240183, 41.787237747089037 ], [ -70.924411615714476, 41.787237146222104 ], [ -70.924403788622371, 41.786939986333003 ], [ -70.92447648459796, 41.786653397737233 ], [ -70.924578010902209, 41.786317397130794 ], [ -70.92459180746792, 41.785953858954358 ], [ -70.924591789587609, 41.785953603159193 ], [ -70.924569502503871, 41.785634761810527 ], [ -70.924171559159149, 41.784781902900761 ], [ -70.923796475658904, 41.784188014573914 ], [ -70.92358534847979, 41.783878437886017 ], [ -70.923399982549313, 41.783629701291005 ], [ -70.922988479235713, 41.78328693308756 ], [ -70.922541032369139, 41.783089961765363 ], [ -70.92199042123795, 41.782765851001876 ], [ -70.921660004528562, 41.782535705855281 ], [ -70.921659187566135, 41.782534071745758 ], [ -70.921502434815025, 41.782220528876245 ], [ -70.9215022935836, 41.782220246378095 ], [ -70.921502327423624, 41.78221991469303 ], [ -70.921548763789588, 41.781764762878616 ], [ -70.921665139128976, 41.781401183618499 ], [ -70.921665055265763, 41.781401095828521 ], [ -70.921442119389468, 41.781167720297098 ], [ -70.921364988728541, 41.78111470764641 ], [ -70.919305162029161, 41.780703820300758 ] ] ] } },
{ "type": "Feature", "properties": { "TMDL_BASIN": "Onset Bay", "BBP_SYS_ID": "ONSBAY", "SHED_ACRES": 3440.749, "HECTARES": 1392.4273, "DELIN_YEAR": 2023 }, "geometry": { "type": "Polygon", "coordinates": [ [ [ -70.645881340376178, 41.773274496846362 ], [ -70.646395280011646, 41.771381892753851 ], [ -70.646383874064483, 41.770351418474576 ], [ -70.646255150241927, 41.77016279557526 ], [ -70.646506132476475, 41.768955955900232 ], [ -70.646515168504223, 41.76827992729379 ], [ -70.646523337141431, 41.767668780000172 ], [ -70.645930227715752, 41.76714903590026 ], [ -70.645156899639048, 41.766775213179081 ], [ -70.644264402369828, 41.765985663799555 ], [ -70.642995074304153, 41.76494418517143 ], [ -70.641353255877092, 41.763330539157991 ], [ -70.640937992784984, 41.762402222635693 ], [ -70.640285773293542, 41.760860520183591 ], [ -70.639358676938727, 41.759685911146384 ], [ -70.639096783915363, 41.759431089427331 ], [ -70.639064863150978, 41.758722327772134 ], [ -70.638580499637314, 41.756435600110137 ], [ -70.638354419626253, 41.755845651714381 ], [ -70.638667318469246, 41.755659573435643 ], [ -70.638754753269012, 41.755649340665109 ], [ -70.639324616410107, 41.755559026223764 ], [ -70.639809818262137, 41.755499610503264 ], [ -70.64099377369746, 41.75516160023939 ], [ -70.641799576143768, 41.754752917802989 ], [ -70.642665726650435, 41.754554427483015 ], [ -70.642544667983231, 41.754159261006905 ], [ -70.642389113521219, 41.753980675100493 ], [ -70.642337261834442, 41.753921145814346 ], [ -70.641984143999167, 41.753555771994435 ], [ -70.641980914798268, 41.753552242429834 ], [ -70.64169356814277, 41.753238177822013 ], [ -70.641549341600722, 41.753000538106036 ], [ -70.641280464564559, 41.752635795985789 ], [ -70.641120696093438, 41.751988012754715 ], [ -70.641122816537262, 41.751830326245347 ], [ -70.64120081008933, 41.751752070286869 ], [ -70.641435155228947, 41.751516936583833 ], [ -70.641528419887109, 41.751423358233048 ], [ -70.641975497701296, 41.751064012536787 ], [ -70.642460662941687, 41.751004585514607 ], [ -70.642514958276394, 41.751020300109474 ], [ -70.642796309402925, 41.751101732831224 ], [ -70.643385067795336, 41.751169243073647 ], [ -70.644039113571168, 41.75107953936881 ], [ -70.644043064800613, 41.751072705348385 ], [ -70.644211586202047, 41.750781200905507 ], [ -70.644214107166789, 41.750593048919178 ], [ -70.644246969123515, 41.750545042735979 ], [ -70.644237804891077, 41.75040430961451 ], [ -70.644237714195228, 41.750402912419787 ], [ -70.64417972998028, 41.750293971901066 ], [ -70.644185372591238, 41.750223625889241 ], [ -70.644106275950506, 41.749976173735391 ], [ -70.643993557848873, 41.749777840222038 ], [ -70.643956304058463, 41.749713334125417 ], [ -70.643973947012483, 41.749656576142051 ], [ -70.644061977896612, 41.74937337366255 ], [ -70.644089796611127, 41.748868936284843 ], [ -70.644071064118535, 41.748695322622325 ], [ -70.643969585238679, 41.748410695881439 ], [ -70.643562729674116, 41.748049132162315 ], [ -70.643328468647752, 41.747538513626033 ], [ -70.64291538531026, 41.746936137578309 ], [ -70.642501252539091, 41.746412603312059 ], [ -70.642412439036704, 41.746360130325918 ], [ -70.64239528203629, 41.74629567596444 ], [ -70.642375378211028, 41.745906049111269 ], [ -70.642815914225508, 41.745697940992606 ], [ -70.643377545233122, 41.745587478776507 ], [ -70.643890720836652, 41.745506925377903 ], [ -70.644516093601297, 41.745352507585771 ], [ -70.645021012059573, 41.745219598428349 ], [ -70.645348736120809, 41.745108758754249 ], [ -70.645688399033475, 41.744973715934584 ], [ -70.646065082335241, 41.744809405022579 ], [ -70.646400915432224, 41.74456009282374 ], [ -70.64673600538805, 41.744281793060054 ], [ -70.646919944966356, 41.744059010399582 ], [ -70.646984174874717, 41.743666224939439 ], [ -70.646944825451627, 41.743218077169168 ], [ -70.646881223271308, 41.742818332130781 ], [ -70.646737006206109, 41.74247707062451 ], [ -70.64640021819099, 41.742081889749862 ], [ -70.646087627102418, 41.741858246240824 ], [ -70.645728334873453, 41.741563861325133 ], [ -70.64535917978057, 41.741154975361248 ], [ -70.645141174566632, 41.740901041059423 ], [ -70.644954366938109, 41.740617889526973 ], [ -70.64489252415288, 41.740274993913197 ], [ -70.64480674382817, 41.739970934442773 ], [ -70.644796685871242, 41.7396465291867 ], [ -70.644636303247026, 41.739401092311077 ], [ -70.644374214976182, 41.739157329350618 ], [ -70.643989583174402, 41.739068901173489 ], [ -70.643593112462924, 41.739008895491217 ], [ -70.643263557627634, 41.738847440945648 ], [ -70.643945530605819, 41.736615629785881 ], [ -70.643945254351223, 41.736596234983011 ], [ -70.643918436162807, 41.734714629137819 ], [ -70.643918140028617, 41.734693848474713 ], [ -70.643915657806986, 41.734519631113606 ], [ -70.643914573987502, 41.734443615142432 ], [ -70.64390841391608, 41.734011366173718 ], [ -70.64388558725372, 41.73240974127522 ], [ -70.643839915545286, 41.729204890142952 ], [ -70.643831602962251, 41.728621558243844 ], [ -70.643831248071677, 41.728596645216349 ], [ -70.643845254355696, 41.728596296736185 ], [ -70.644604915565978, 41.72857739496061 ], [ -70.645139723722821, 41.72858211477417 ], [ -70.645597451058308, 41.728574108246555 ], [ -70.646055399528279, 41.728565913355474 ], [ -70.646647038552914, 41.728555154916492 ], [ -70.647123056141552, 41.728518203758675 ], [ -70.64750551382167, 41.728539920440589 ], [ -70.647889087595289, 41.728590625224527 ], [ -70.648351748682146, 41.728509565739131 ], [ -70.648696822980227, 41.728633344957188 ], [ -70.649189930657897, 41.728681951473995 ], [ -70.649728187410915, 41.728801616382441 ], [ -70.650267947817909, 41.728963637350219 ], [ -70.650693119263352, 41.7291278957155 ], [ -70.651068130764045, 41.729316961658455 ], [ -70.651431893236818, 41.729559028019452 ], [ -70.65180273626008, 41.729810197614924 ], [ -70.652343628526467, 41.730015407222595 ], [ -70.652790402579114, 41.730265215553921 ], [ -70.653252942680808, 41.73039560290087 ], [ -70.653674043588552, 41.730435968593 ], [ -70.654018381567326, 41.730458223621653 ], [ -70.654439171594831, 41.730479638957711 ], [ -70.654819583024235, 41.730444196517645 ], [ -70.65519924984531, 41.730379765375297 ], [ -70.655617917748984, 41.730324814333443 ], [ -70.656127553333405, 41.730148677455261 ], [ -70.656597679086374, 41.729911094456256 ], [ -70.657007079269164, 41.729574255153054 ], [ -70.657225763874592, 41.729284229870565 ], [ -70.657495084404204, 41.729061265699663 ], [ -70.657939402372762, 41.728862849734938 ], [ -70.658400195664612, 41.728947644192573 ], [ -70.65871117004464, 41.729128473465146 ], [ -70.659214807208869, 41.729351524293193 ], [ -70.659696620887104, 41.729497737822534 ], [ -70.660164780493488, 41.729613272093168 ], [ -70.660521574288012, 41.729625939014142 ], [ -70.660901487515261, 41.729562053498576 ], [ -70.661421928107671, 41.729462583643816 ], [ -70.661940916140495, 41.729225392641602 ], [ -70.662294432230567, 41.728935563185217 ], [ -70.66262859775685, 41.728637345432873 ], [ -70.663041886314801, 41.72842066009833 ], [ -70.663344035902341, 41.728315255732383 ], [ -70.66351141393838, 41.728175856581572 ], [ -70.664033161328703, 41.728374481547029 ], [ -70.664460810502391, 41.728610175235332 ], [ -70.664655082668602, 41.728731894228595 ], [ -70.664772083372554, 41.728805200049898 ], [ -70.665179162259093, 41.72899853413756 ], [ -70.665626263648264, 41.729248153733415 ], [ -70.665898656516575, 41.729415315037002 ], [ -70.666326976291614, 41.729679706569719 ], [ -70.666690924113951, 41.729916895383369 ], [ -70.666760830119955, 41.729960210789081 ], [ -70.666543650671727, 41.73015293793793 ], [ -70.66666276448673, 41.73021683732712 ], [ -70.667204144391519, 41.73045082814383 ], [ -70.667700729285073, 41.730578845753811 ], [ -70.667926741330774, 41.730784559182595 ], [ -70.66812027517517, 41.730828285481806 ], [ -70.668237943144732, 41.730876784913022 ], [ -70.668282278830574, 41.730981033088291 ], [ -70.668383647020576, 41.731055839851933 ], [ -70.668535279330442, 41.731130666923399 ], [ -70.668600281873736, 41.731189920153575 ], [ -70.668784746655902, 41.731260101980354 ], [ -70.668848585097948, 41.731355276767438 ], [ -70.668888706808531, 41.731446207730215 ], [ -70.66884891832612, 41.731547722986342 ], [ -70.668861631330103, 41.731590924819209 ], [ -70.668876758237545, 41.731642331547285 ], [ -70.668900122024354, 41.731745434155066 ], [ -70.668911078561081, 41.731784231042184 ], [ -70.668932175145628, 41.731862684131571 ], [ -70.668950664601681, 41.731940490614207 ], [ -70.66896913129429, 41.732018202385881 ], [ -70.669253417673048, 41.732423724198092 ], [ -70.669293952355432, 41.732516825265535 ], [ -70.669448115158545, 41.732548986400182 ], [ -70.669584871929644, 41.732658152579454 ], [ -70.669681207259757, 41.732723287241136 ], [ -70.669697756283384, 41.732807221925192 ], [ -70.669645998178581, 41.732941954818649 ], [ -70.669748773193774, 41.733021343684264 ], [ -70.66980743061211, 41.733152581396304 ], [ -70.669908880053015, 41.733162324934241 ], [ -70.669985855938094, 41.733141444993088 ], [ -70.670134805840917, 41.733077014417219 ], [ -70.670228394346239, 41.733032300422437 ], [ -70.670363255001277, 41.732935538204885 ], [ -70.670593168019295, 41.732893908701875 ], [ -70.670856030418548, 41.732940123321342 ], [ -70.671135489046804, 41.733019189230731 ], [ -70.671436168083872, 41.733124290661728 ], [ -70.671489429973875, 41.733168636302281 ], [ -70.671571462353398, 41.73323693370105 ], [ -70.67174268717406, 41.733273283813702 ], [ -70.671813146929665, 41.733288242209625 ], [ -70.672002339214714, 41.733357314136057 ], [ -70.672042576152691, 41.733465396364473 ], [ -70.67202963272436, 41.733496545888144 ], [ -70.672011672978442, 41.733539765619462 ], [ -70.671792674806881, 41.733809473110988 ], [ -70.671704641207015, 41.73407947202341 ], [ -70.671619114454387, 41.734457839705513 ], [ -70.671732744016751, 41.734748274093519 ], [ -70.671865219325952, 41.735247473676637 ], [ -70.672043224627132, 41.735505045135163 ], [ -70.672298400435068, 41.735685903732083 ], [ -70.672346605115962, 41.735720069262392 ], [ -70.672357625365123, 41.735801949156802 ], [ -70.672730996894259, 41.736154159659463 ], [ -70.672928131979759, 41.736307396972947 ], [ -70.673081595859884, 41.736404893137902 ], [ -70.673124232786691, 41.73644179651199 ], [ -70.673232504327999, 41.736445743034068 ], [ -70.673262339035233, 41.736464992144583 ], [ -70.673458615946529, 41.736591631891557 ], [ -70.673503098378418, 41.736876449158856 ], [ -70.673521494706591, 41.736994239701836 ], [ -70.673726510225549, 41.737178078614093 ], [ -70.673868401662986, 41.73709006824572 ], [ -70.673933361998181, 41.737049775115594 ], [ -70.674099535733674, 41.736924925463612 ], [ -70.674387051063732, 41.736872986802972 ], [ -70.674909031906026, 41.736835517675132 ], [ -70.675233136237523, 41.736893149651465 ], [ -70.675579517652722, 41.736980669343517 ], [ -70.675641043966479, 41.737054558879223 ], [ -70.675743075575184, 41.737054198076493 ], [ -70.676092477172574, 41.737283203225189 ], [ -70.67637494813205, 41.737516139640533 ], [ -70.676734974266708, 41.73781024236137 ], [ -70.676741047196487, 41.73781520330823 ], [ -70.676766378348276, 41.737844501523647 ], [ -70.677058031677916, 41.738181834650838 ], [ -70.677156102808695, 41.738272007212942 ], [ -70.677175244542667, 41.738293277732559 ], [ -70.67713928334102, 41.738397472405566 ], [ -70.677089266278315, 41.738423766194749 ], [ -70.676980484915987, 41.738480952721758 ], [ -70.676909212795238, 41.738529816918515 ], [ -70.676853546393019, 41.738567981063589 ], [ -70.676982649915132, 41.738811561832399 ], [ -70.677114395494115, 41.738839094386357 ], [ -70.677256534625613, 41.738868798892248 ], [ -70.677423812469996, 41.738846183831107 ], [ -70.677677532628408, 41.738835452169198 ], [ -70.677812895295659, 41.739028727229567 ], [ -70.677963292540269, 41.739177094639125 ], [ -70.677965803584286, 41.73918785804625 ], [ -70.678208590262926, 41.739647649766823 ], [ -70.67829515545192, 41.739682796352504 ], [ -70.678373321660771, 41.739646217358747 ], [ -70.678498896206648, 41.739710974604073 ], [ -70.678663269578351, 41.739758158568662 ], [ -70.678791245963879, 41.739884216200942 ], [ -70.678927744016903, 41.740011100459668 ], [ -70.678973216051148, 41.740138217918428 ], [ -70.679133019288173, 41.74029727347704 ], [ -70.67930520665486, 41.740402638534597 ], [ -70.679441608216308, 41.740543938541968 ], [ -70.679585178098108, 41.740660688610816 ], [ -70.679859130199361, 41.740725829763079 ], [ -70.680270480373522, 41.741264833487051 ], [ -70.680669472861538, 41.741523388132592 ], [ -70.68122699255234, 41.741664564429342 ], [ -70.681711133443812, 41.741848070302133 ], [ -70.682217802804402, 41.742104169684211 ], [ -70.682525037640914, 41.742410622322836 ], [ -70.682593807121719, 41.742794004792422 ], [ -70.682537979141486, 41.743138636863407 ], [ -70.682433918193084, 41.743452174288628 ], [ -70.682659385296404, 41.743732145114379 ], [ -70.683015903296607, 41.743903010700151 ], [ -70.683789690727551, 41.744225751542736 ], [ -70.684650493593125, 41.744503796963848 ], [ -70.685838029646632, 41.744788041001044 ], [ -70.686752898123387, 41.745023748640023 ], [ -70.688087011950259, 41.745308253019836 ], [ -70.688620517079968, 41.74529241215955 ], [ -70.689311126671697, 41.745297330136459 ], [ -70.690247089935127, 41.745258156050511 ], [ -70.690751897515824, 41.745290302689853 ], [ -70.69077742267325, 41.745291928283486 ], [ -70.691036544973173, 41.745306715849786 ], [ -70.691037647820878, 41.745308015744037 ], [ -70.691037566131087, 41.745308010661844 ], [ -70.691085436061641, 41.745368258169691 ], [ -70.691133921062359, 41.745421525694198 ], [ -70.691197190647301, 41.745613882502163 ], [ -70.691088271424647, 41.745913271302328 ], [ -70.691041066133607, 41.746008889754236 ], [ -70.690993861903323, 41.746104508194762 ], [ -70.690806848754335, 41.746344294359908 ], [ -70.690403521938947, 41.746543176793644 ], [ -70.689922724880631, 41.746633251937425 ], [ -70.689768564468906, 41.746667578517979 ], [ -70.689237445280014, 41.746785837870291 ], [ -70.688920208795267, 41.74693120001735 ], [ -70.688859765839609, 41.747034104722815 ], [ -70.688799323902856, 41.747137008504083 ], [ -70.68881540972383, 41.747422524475475 ], [ -70.688903767346972, 41.747708554245747 ], [ -70.689182035622352, 41.748045143332213 ], [ -70.689682071286526, 41.748511248034937 ], [ -70.689765416580215, 41.748552953711815 ], [ -70.690676267289277, 41.749008733641531 ], [ -70.690759423913022, 41.749050343599784 ], [ -70.691457273320339, 41.749463718668743 ], [ -70.692081987546089, 41.749945459517313 ], [ -70.692830739008741, 41.750492045081074 ], [ -70.693186845047478, 41.750657132714579 ], [ -70.693261900977049, 41.750691927805818 ], [ -70.693593577067375, 41.750964914959845 ], [ -70.694487153611504, 41.751492832160743 ], [ -70.695247226146961, 41.752187103249184 ], [ -70.695980785144869, 41.752900864505172 ], [ -70.696393941392401, 41.753489343317199 ], [ -70.696672026783446, 41.753845594804524 ], [ -70.695031188737048, 41.753985426705725 ], [ -70.692729103609835, 41.754174673018859 ], [ -70.690260429655524, 41.754377560522244 ], [ -70.687056682957902, 41.754641970641714 ], [ -70.683596246731284, 41.755016009828068 ], [ -70.680310859619439, 41.756216690059709 ], [ -70.678472859864371, 41.757151969261422 ], [ -70.675905926158222, 41.758697313639445 ], [ -70.674341895994885, 41.76073184242896 ], [ -70.674389236743863, 41.761978419694181 ], [ -70.6744209727987, 41.762814048513206 ], [ -70.673774748161307, 41.763233346346844 ], [ -70.6732804287753, 41.763664290214628 ], [ -70.672753337184389, 41.764266518667981 ], [ -70.672040154257502, 41.765084657931389 ], [ -70.671697047801274, 41.765631043706946 ], [ -70.671305893814306, 41.766348604567845 ], [ -70.671040175999522, 41.766815506467992 ], [ -70.670696457705844, 41.767407624780667 ], [ -70.670369789704409, 41.767862646505812 ], [ -70.669967791862931, 41.768237073684503 ], [ -70.669504401305844, 41.768633921929961 ], [ -70.669072293837559, 41.768973820684714 ], [ -70.668456011016247, 41.76938098454599 ], [ -70.668425359864273, 41.76939620435909 ], [ -70.667979414162986, 41.769617640581536 ], [ -70.667564802318694, 41.769786136758235 ], [ -70.667220041295479, 41.769593271676264 ], [ -70.666834012853855, 41.769577878119541 ], [ -70.666615850430105, 41.769577496269648 ], [ -70.666449948091724, 41.769588691834151 ], [ -70.666423349004873, 41.769590317821937 ], [ -70.666188212194839, 41.769604691746096 ], [ -70.666066600427612, 41.769603801674315 ], [ -70.665944985055987, 41.769602911446306 ], [ -70.665631504933373, 41.769600616164155 ], [ -70.665844308028881, 41.769232186940286 ], [ -70.665885411444961, 41.769114025941882 ], [ -70.66592651349454, 41.76899586581952 ], [ -70.666205234632343, 41.768829510051049 ], [ -70.666410551496185, 41.768651288728712 ], [ -70.66647271601579, 41.76858033792616 ], [ -70.666534880397322, 41.768509387089466 ], [ -70.666499355658914, 41.768354532531283 ], [ -70.666485275781085, 41.768293156021407 ], [ -70.666308861438921, 41.767938652102728 ], [ -70.666245754229536, 41.767853123918833 ], [ -70.666019414192419, 41.767639684198272 ], [ -70.665694238565578, 41.767437408165783 ], [ -70.665407711511207, 41.767222746694287 ], [ -70.664981865882368, 41.767015519948792 ], [ -70.664548814652605, 41.766921597283869 ], [ -70.664134968840415, 41.766822541170924 ], [ -70.663797255039754, 41.766751380084017 ], [ -70.663433532567737, 41.766701915561299 ], [ -70.663293377849158, 41.766711921541138 ], [ -70.663153223098377, 41.766721926448191 ], [ -70.662716644645016, 41.766754639040244 ], [ -70.662158270986993, 41.767031617809138 ], [ -70.661818682376662, 41.767674272164307 ], [ -70.661508272361928, 41.768049343627688 ], [ -70.660953343494711, 41.768434048756532 ], [ -70.660090690005788, 41.76898800795454 ], [ -70.659136684995673, 41.769518416565241 ], [ -70.658076654620174, 41.769979423897908 ], [ -70.657430348799679, 41.770340566852617 ], [ -70.657061070523852, 41.770543665266132 ], [ -70.656828648046186, 41.770793516254685 ], [ -70.656678608131116, 41.7707337118552 ], [ -70.656557477947928, 41.770652769346327 ], [ -70.656465407331709, 41.770539256734601 ], [ -70.656390022335017, 41.77046437111354 ], [ -70.656314637515166, 41.770389485442408 ], [ -70.656071320612554, 41.770307638447875 ], [ -70.655964331753523, 41.770312563413448 ], [ -70.655697584285647, 41.770505104407015 ], [ -70.655669930516055, 41.770539958997205 ], [ -70.655636252754206, 41.770553940136431 ], [ -70.655580884632329, 41.770576925616176 ], [ -70.655410079384836, 41.770787207918808 ], [ -70.655270273804049, 41.77096341391978 ], [ -70.655231219075333, 41.771028875589117 ], [ -70.655192165469117, 41.771094337253764 ], [ -70.655045327052804, 41.771224751751404 ], [ -70.654958035512394, 41.771302278321585 ], [ -70.654944838413996, 41.771315486455229 ], [ -70.654896255516405, 41.771357270826755 ], [ -70.654790210844212, 41.771457276955431 ], [ -70.65472043048689, 41.771508489592179 ], [ -70.654651386045359, 41.771559162008593 ], [ -70.654622843084894, 41.771592420558733 ], [ -70.654594297677534, 41.771625679984197 ], [ -70.654295350273586, 41.771769587179328 ], [ -70.65385074581242, 41.771892071186294 ], [ -70.653705189795531, 41.771925295123346 ], [ -70.653559634829861, 41.77195851888338 ], [ -70.653240554721535, 41.771830363000589 ], [ -70.653095985504066, 41.771789265999445 ], [ -70.65295141527001, 41.771748168805814 ], [ -70.652509086021453, 41.771699139509714 ], [ -70.65217154622421, 41.771810978308309 ], [ -70.651803913499506, 41.771888287092125 ], [ -70.651573592587113, 41.771978053163686 ], [ -70.651462276372982, 41.771942354649752 ], [ -70.651391067792972, 41.771919517951389 ], [ -70.651177234733609, 41.771917925113385 ], [ -70.651008007732571, 41.772008145176528 ], [ -70.650991213660603, 41.772122370055335 ], [ -70.651156944858997, 41.772295129909693 ], [ -70.651193913339057, 41.772386886233278 ], [ -70.651230881937437, 41.772478641644177 ], [ -70.651015223833895, 41.7726142549404 ], [ -70.650884635665079, 41.77267045682823 ], [ -70.650754047266375, 41.772726658566278 ], [ -70.650183433405132, 41.773134065037929 ], [ -70.64925708889146, 41.773870429161171 ], [ -70.648746027890823, 41.774392623233936 ], [ -70.648528375770454, 41.774676872953037 ], [ -70.647908855033094, 41.775312602840664 ], [ -70.647012086709864, 41.77611778027277 ], [ -70.646157449352771, 41.777197706636969 ], [ -70.645376558411087, 41.778472575886234 ], [ -70.645064315073341, 41.778973374794759 ], [ -70.644704862923817, 41.779576734498818 ], [ -70.644529783289443, 41.780101431445431 ], [ -70.644521969436909, 41.78068455899998 ], [ -70.64447885365712, 41.781621907587386 ], [ -70.644605867738079, 41.782213656481474 ], [ -70.644706880451864, 41.782847167514056 ], [ -70.644504303484538, 41.783142957032751 ], [ -70.644424397128176, 41.783405363143864 ], [ -70.644327527797088, 41.783793426883392 ], [ -70.644236347286366, 41.783903667153005 ], [ -70.643970341381745, 41.78422527542763 ], [ -70.643629192586076, 41.784600068372839 ], [ -70.643361663278213, 41.785181243832575 ], [ -70.643214657050351, 41.785889109915722 ], [ -70.643035096504917, 41.786745387878639 ], [ -70.643029263650135, 41.787179875090672 ], [ -70.642986428590717, 41.788094354216703 ], [ -70.642910520884854, 41.788685331431182 ], [ -70.642775974947668, 41.78879388034256 ], [ -70.642617246588372, 41.788921938792221 ], [ -70.64228860921736, 41.789288331292887 ], [ -70.642288417446224, 41.789288545944196 ], [ -70.642288378235662, 41.78928877795078 ], [ -70.642285864760382, 41.789303924371289 ], [ -70.642285738697467, 41.789294324321801 ], [ -70.642042199968984, 41.78804059677914 ], [ -70.64195855648768, 41.786471656916156 ], [ -70.641723640196304, 41.784470422939847 ], [ -70.641745775805603, 41.782823956582263 ], [ -70.641764071321404, 41.781451780749286 ], [ -70.641647120393998, 41.780313246966784 ], [ -70.64288155034761, 41.778561484314487 ], [ -70.643930582467661, 41.776608198763121 ], [ -70.644610460990179, 41.775859224370379 ], [ -70.645881340376178, 41.773274496846362 ] ] ] } },
{ "type": "Feature", "properties": { "TMDL_BASIN": "Phinneys Harbor System", "BBP_SYS_ID": "PHNHRB", "SHED_ACRES": 3650.203, "HECTARES": 1477.1907, "DELIN_YEAR": 2023 }, "geometry": { "type": "Polygon", "coordinates": [ [ [ -70.585900564518738, 41.72942715813339 ], [ -70.584632191744234, 41.728869973706864 ], [ -70.583383261717273, 41.728242024771909 ], [ -70.582895368831032, 41.728004553969647 ], [ -70.581905299796105, 41.72742650724043 ], [ -70.581329267149954, 41.727128667168508 ], [ -70.579704849122052, 41.726314752570723 ], [ -70.578965106831717, 41.725962678272722 ], [ -70.578279731542011, 41.725643678871656 ], [ -70.577676276558165, 41.725348411790605 ], [ -70.577121935444012, 41.725059729860078 ], [ -70.576086597200657, 41.724657968954283 ], [ -70.575959692396609, 41.724615858127493 ], [ -70.575959614647161, 41.724615832285174 ], [ -70.575832787759694, 41.724573747159219 ], [ -70.575099042224991, 41.724329181770287 ], [ -70.574333233699917, 41.72409448046519 ], [ -70.573503310591036, 41.723826612581007 ], [ -70.572667393247897, 41.723584013629875 ], [ -70.571942268921802, 41.723264651820969 ], [ -70.571423359887817, 41.723047700182583 ], [ -70.570780332790193, 41.722765579370112 ], [ -70.570163890845464, 41.722541072792424 ], [ -70.569307368549261, 41.722245381865655 ], [ -70.568578468173769, 41.721981117273067 ], [ -70.567776114980234, 41.72173200360676 ], [ -70.566912663056684, 41.721475067693156 ], [ -70.565910841422223, 41.721101062814093 ], [ -70.564978014527085, 41.720786704784977 ], [ -70.564048849085864, 41.720453798279522 ], [ -70.563362939299296, 41.720180286562361 ], [ -70.562552450299876, 41.7198742306905 ], [ -70.561813753743778, 41.719641355841937 ], [ -70.561097239354652, 41.71938164693465 ], [ -70.56030501492782, 41.719086417834546 ], [ -70.559615889313093, 41.718803852675869 ], [ -70.559008746280995, 41.718590616921908 ], [ -70.558221393852151, 41.718348312273974 ], [ -70.557650684746278, 41.718135370605488 ], [ -70.556909730365234, 41.71787993476957 ], [ -70.555536171427207, 41.717458862571107 ], [ -70.554958412719301, 41.717291994597652 ], [ -70.554302517405219, 41.717050753808557 ], [ -70.55364102733374, 41.716781887738584 ], [ -70.553101513603977, 41.71654385840872 ], [ -70.552184512670195, 41.71620926692993 ], [ -70.551237723810218, 41.715832775904708 ], [ -70.549433641137725, 41.714998355154464 ], [ -70.547572400176577, 41.714147107296824 ], [ -70.546183591430648, 41.713524327266072 ], [ -70.544781287850839, 41.713002149916321 ], [ -70.543623614323536, 41.712445431621042 ], [ -70.542451350085301, 41.711836242424781 ], [ -70.541320206498838, 41.711341063812768 ], [ -70.540240040236952, 41.710728125066211 ], [ -70.539387840440043, 41.710164371434118 ], [ -70.538162332013286, 41.709455643042524 ], [ -70.538109742263686, 41.709428569956323 ], [ -70.53809783877935, 41.709422442029023 ], [ -70.537005365369168, 41.708860032210126 ], [ -70.535734791221017, 41.708105312739178 ], [ -70.534954696431669, 41.707620359106684 ], [ -70.534165221420949, 41.707160644429088 ], [ -70.533412004689296, 41.706712487209543 ], [ -70.532718614758096, 41.706355999794745 ], [ -70.531864800909958, 41.705906977193727 ], [ -70.531322874853032, 41.705616486303398 ], [ -70.530738921210897, 41.70527498685815 ], [ -70.530102679012245, 41.704965115881848 ], [ -70.529573131851308, 41.704676410273471 ], [ -70.528870391815857, 41.704320382061042 ], [ -70.528331802607198, 41.704034407208404 ], [ -70.527528917095225, 41.703647689491859 ], [ -70.526832386380732, 41.703279883667449 ], [ -70.525839783961501, 41.702728894937721 ], [ -70.525112784980692, 41.702390643707474 ], [ -70.524431140724886, 41.702057841354424 ], [ -70.523794686136085, 41.701765940944775 ], [ -70.523212160240348, 41.701532463710066 ], [ -70.522399630296874, 41.701191209763422 ], [ -70.521325410771766, 41.700776792555935 ], [ -70.520899126919872, 41.700516508952582 ], [ -70.520056729131881, 41.700312856510607 ], [ -70.519295664517472, 41.700192061181923 ], [ -70.518845888265162, 41.700068880020886 ], [ -70.519517660744228, 41.700062851605715 ], [ -70.52001912287794, 41.699998514398345 ], [ -70.520367325333481, 41.699988006027134 ], [ -70.520955768798942, 41.700029648901001 ], [ -70.521577872871873, 41.700055258172334 ], [ -70.522093707919211, 41.700057440692802 ], [ -70.522762648811522, 41.700040113665146 ], [ -70.523730271943336, 41.700034349376132 ], [ -70.524610233226682, 41.699991246418456 ], [ -70.525193275296331, 41.699968666834792 ], [ -70.526307506663784, 41.699975391436006 ], [ -70.526777405292549, 41.699986163810102 ], [ -70.527246738932291, 41.700034071326897 ], [ -70.527724851820437, 41.700097246322976 ], [ -70.528258764982468, 41.700120377317965 ], [ -70.528945032946851, 41.700148745153356 ], [ -70.529417902332881, 41.70016178298296 ], [ -70.529958173175643, 41.700161887217291 ], [ -70.530830539340897, 41.700198582800731 ], [ -70.531358831738089, 41.700196327352579 ], [ -70.531801294996271, 41.700209096476122 ], [ -70.533050509631607, 41.700351964681722 ], [ -70.533516021719123, 41.700429639869888 ], [ -70.534694866948371, 41.700608471465735 ], [ -70.535154316966967, 41.700690027791929 ], [ -70.535735699315879, 41.700802441456524 ], [ -70.53643315966562, 41.700886008923064 ], [ -70.537768639228133, 41.701186001486533 ], [ -70.538197824082431, 41.701258285482723 ], [ -70.539442524050443, 41.701504029303919 ], [ -70.54084789554679, 41.701827085574521 ], [ -70.541331619925771, 41.701918388230972 ], [ -70.541521446530965, 41.701956367140149 ], [ -70.541536983023391, 41.701959475632229 ], [ -70.541915960143228, 41.702035297092642 ], [ -70.542414296240821, 41.702179054348413 ], [ -70.543010895324841, 41.702305064774606 ], [ -70.543539846146274, 41.702435568362404 ], [ -70.54390741208401, 41.702561900081633 ], [ -70.544657281531627, 41.702808493325051 ], [ -70.545057709870036, 41.702972238956136 ], [ -70.545677177466089, 41.703201974064108 ], [ -70.546254920719448, 41.703334562299496 ], [ -70.546780849741353, 41.703467276391606 ], [ -70.547377293347537, 41.703605080300207 ], [ -70.547793949290195, 41.703688478105128 ], [ -70.548402176159186, 41.703842132318186 ], [ -70.549715663878118, 41.704189633949269 ], [ -70.550458570742009, 41.704301069407308 ], [ -70.551605181221191, 41.704585253733882 ], [ -70.552513952904931, 41.704855628898351 ], [ -70.55340071675235, 41.70514213358058 ], [ -70.554248974908973, 41.705366971128605 ], [ -70.555413343519291, 41.70569684742442 ], [ -70.556075208298822, 41.705933067538645 ], [ -70.556764509281777, 41.706167822871919 ], [ -70.557501918424506, 41.706450806449013 ], [ -70.558376537336784, 41.706748989248368 ], [ -70.559145757213926, 41.706963569255102 ], [ -70.559854628438984, 41.70712024468024 ], [ -70.561201692945161, 41.707465638979691 ], [ -70.562360661670908, 41.707733496147185 ], [ -70.562920962187306, 41.70783152749047 ], [ -70.563505189815899, 41.707962392630741 ], [ -70.565233521129002, 41.708326632288049 ], [ -70.566437857954512, 41.708626897177858 ], [ -70.567262576163515, 41.70879854509154 ], [ -70.568112474002277, 41.708917494349642 ], [ -70.568874142292302, 41.709035715517459 ], [ -70.569613366454107, 41.709199893859122 ], [ -70.570382488657344, 41.709425651624983 ], [ -70.571307957123125, 41.709590777056427 ], [ -70.572026225131808, 41.709724942741076 ], [ -70.57288556272006, 41.709841682132264 ], [ -70.574386799480763, 41.710103199301926 ], [ -70.575097233036502, 41.71015680817581 ], [ -70.575947562151512, 41.710248127293099 ], [ -70.576597132875946, 41.710304046438637 ], [ -70.578142512017337, 41.71044881945538 ], [ -70.578971739175316, 41.710519685928688 ], [ -70.580486962106775, 41.710673187053949 ], [ -70.581245554445189, 41.710773292162585 ], [ -70.582013769621327, 41.710857149991192 ], [ -70.582721052693799, 41.710921940796581 ], [ -70.583486385201141, 41.710971437554782 ], [ -70.584233922174136, 41.711005028936256 ], [ -70.584883644804975, 41.711051335113474 ], [ -70.585523652158813, 41.711120632349939 ], [ -70.586757677595031, 41.711271790322485 ], [ -70.586973594496584, 41.711298283492603 ], [ -70.587193721513472, 41.71131918249602 ], [ -70.588446346027396, 41.711456965206494 ], [ -70.589945819228376, 41.711427319684077 ], [ -70.590594136719346, 41.711440942378971 ], [ -70.59064782166007, 41.71144193402062 ], [ -70.591356287947676, 41.711424518791794 ], [ -70.592171210931696, 41.71144677808703 ], [ -70.592958023393876, 41.711491880353151 ], [ -70.593790077912274, 41.711603742009558 ], [ -70.596069590179241, 41.71185934770299 ], [ -70.596987109619192, 41.711956107531662 ], [ -70.599820825499364, 41.712137810680929 ], [ -70.601089559914925, 41.712227747502446 ], [ -70.602962041357273, 41.712377579136636 ], [ -70.604557594746694, 41.71243291071648 ], [ -70.605445336478027, 41.712485473420017 ], [ -70.606420984436696, 41.712589366826244 ], [ -70.607192009164322, 41.712664072346918 ], [ -70.607959928849169, 41.712773076064167 ], [ -70.608850234713827, 41.712857709010201 ], [ -70.609605423149077, 41.712991362922963 ], [ -70.610395261848922, 41.713063942841053 ], [ -70.611323146321368, 41.713066125809149 ], [ -70.61206136721475, 41.713097210408392 ], [ -70.612775689580587, 41.713118537199321 ], [ -70.613504837775125, 41.713154043711945 ], [ -70.614126630533008, 41.713213471119495 ], [ -70.614787937253539, 41.713294024149654 ], [ -70.615997972773968, 41.713449742443686 ], [ -70.616448792522945, 41.713517395997883 ], [ -70.616877051380172, 41.713560111748279 ], [ -70.617240207798631, 41.713558426569932 ], [ -70.617244713614099, 41.713558461511965 ], [ -70.617398831983451, 41.713622809683685 ], [ -70.617522128587041, 41.713674287903714 ], [ -70.61838196631426, 41.713818824098752 ], [ -70.618946038479493, 41.713855491364463 ], [ -70.619040424367157, 41.713861626055753 ], [ -70.619775445836169, 41.713853243307796 ], [ -70.620341215662393, 41.713727621654236 ], [ -70.620545561056758, 41.713532238291826 ], [ -70.620800329376223, 41.713220192161629 ], [ -70.620975581765563, 41.712928353197768 ], [ -70.621198948511335, 41.712687532879904 ], [ -70.621642694716343, 41.71239551443675 ], [ -70.62214657735052, 41.712154042766223 ], [ -70.622443360911547, 41.71211750146162 ], [ -70.622875123904336, 41.712232816357428 ], [ -70.623400943347548, 41.712417509366325 ], [ -70.623811368911859, 41.71252815436852 ], [ -70.624299458914663, 41.712561735995585 ], [ -70.624666143865781, 41.712521224628027 ], [ -70.624978530460965, 41.712387135865384 ], [ -70.625013081649442, 41.712372305374615 ], [ -70.625065413673468, 41.712349842004365 ], [ -70.625481069744907, 41.712078414552337 ], [ -70.625568226789028, 41.712069885646791 ], [ -70.625747667914027, 41.712052324973627 ], [ -70.625962544824915, 41.71210124601641 ], [ -70.632868066264422, 41.714556548980575 ], [ -70.632950231277533, 41.714585759765207 ], [ -70.633315660952576, 41.714721351212916 ], [ -70.63364176210159, 41.714932613211467 ], [ -70.633951954698347, 41.715237169472395 ], [ -70.634325804430574, 41.715583289599813 ], [ -70.634750881287943, 41.715946117545919 ], [ -70.635286024233125, 41.716334540909713 ], [ -70.635641488524769, 41.716680516945161 ], [ -70.635839599343484, 41.717137847124199 ], [ -70.635789046863863, 41.717488055555613 ], [ -70.635525665494157, 41.718191179429162 ], [ -70.635299200797505, 41.71888557916062 ], [ -70.635183744307326, 41.719285941685378 ], [ -70.635070275870333, 41.719733590061445 ], [ -70.635006274334089, 41.720161355253104 ], [ -70.634957606998711, 41.720593738912712 ], [ -70.634920300831809, 41.721074605234811 ], [ -70.634930084134979, 41.721683573223167 ], [ -70.634857377997534, 41.722088199506899 ], [ -70.634754152323694, 41.722472334864968 ], [ -70.634825639525957, 41.722823470317728 ], [ -70.634967270663509, 41.723181328922522 ], [ -70.635100871083011, 41.723438957140765 ], [ -70.634261857937858, 41.723602530216979 ], [ -70.633804594080573, 41.723781945399722 ], [ -70.633362282031769, 41.723966537314055 ], [ -70.63295295535103, 41.724183455393465 ], [ -70.632495989234087, 41.724340357708428 ], [ -70.632087497940262, 41.724495376752969 ], [ -70.631639136595368, 41.724682166923621 ], [ -70.631194303748586, 41.724830152628272 ], [ -70.630814194069131, 41.724941489341475 ], [ -70.630040788989646, 41.7252220213391 ], [ -70.629319792947484, 41.725459617292401 ], [ -70.627616440018457, 41.726067290248118 ], [ -70.627051690848958, 41.726276243379772 ], [ -70.626313370144914, 41.726433214556103 ], [ -70.625568158961741, 41.726654281418554 ], [ -70.625078356648402, 41.726765319376241 ], [ -70.62454467610516, 41.726926102514781 ], [ -70.624136742912384, 41.727037765920663 ], [ -70.623691815757397, 41.727190223827989 ], [ -70.62335089447231, 41.727345169104467 ], [ -70.623116624787244, 41.727501497557235 ], [ -70.622771524026291, 41.727714372079362 ], [ -70.622574453780871, 41.728033620499048 ], [ -70.622469998846071, 41.72830968800556 ], [ -70.622281469443678, 41.729100585434566 ], [ -70.622229026763719, 41.729363547692266 ], [ -70.621933323673659, 41.729752941007362 ], [ -70.621696191746537, 41.729897989566986 ], [ -70.6212600658762, 41.730064012024506 ], [ -70.620872795669655, 41.730228159055038 ], [ -70.620455255514372, 41.730380815981277 ], [ -70.620096718784609, 41.730476526958256 ], [ -70.61971448956794, 41.730519717976463 ], [ -70.619339223166705, 41.730493743419579 ], [ -70.618965214060907, 41.73037661198029 ], [ -70.618153234507858, 41.730150291268558 ], [ -70.617735877172052, 41.730071649724586 ], [ -70.617263017432606, 41.73004097280559 ], [ -70.616868753080709, 41.730058174490729 ], [ -70.616444213647654, 41.730064447647116 ], [ -70.616133105014939, 41.730044025075813 ], [ -70.615601151626237, 41.730076473198487 ], [ -70.615179904922371, 41.73006194548789 ], [ -70.614825988224609, 41.730040623923585 ], [ -70.614478612573279, 41.729981085160695 ], [ -70.614341893899066, 41.729939785655183 ], [ -70.614205177817752, 41.729898485103845 ], [ -70.614187817971612, 41.72989047605887 ], [ -70.614183257439294, 41.729889016147474 ], [ -70.614029011791231, 41.729817204035577 ], [ -70.613846932170162, 41.729756135651861 ], [ -70.613640914315738, 41.729633540923444 ], [ -70.613760862399474, 41.73022029690857 ], [ -70.613793414345977, 41.730500236802683 ], [ -70.613782862600146, 41.73059751035084 ], [ -70.613772310822085, 41.730694783897697 ], [ -70.613661427929188, 41.730970793597734 ], [ -70.613199258024821, 41.731468604915676 ], [ -70.612925820184913, 41.731791744265223 ], [ -70.612535172844872, 41.732196693703898 ], [ -70.611894741068596, 41.732789340541451 ], [ -70.611463688656599, 41.73301951884622 ], [ -70.610907964904769, 41.7332194591771 ], [ -70.610315874295821, 41.733414047934886 ], [ -70.609811663008983, 41.733636895427999 ], [ -70.609272776761884, 41.734056431910773 ], [ -70.608988311546668, 41.734629336677102 ], [ -70.608845164820181, 41.735008072620815 ], [ -70.608803149577454, 41.735596380106806 ], [ -70.608712045954974, 41.735987340933541 ], [ -70.608600717104338, 41.736293168148663 ], [ -70.608344972576603, 41.736664269024971 ], [ -70.608047002419241, 41.736992269622029 ], [ -70.607756930945186, 41.73721172062767 ], [ -70.607292237482625, 41.73745343761319 ], [ -70.606761522320625, 41.737607408637977 ], [ -70.60607270878188, 41.737730310494534 ], [ -70.605486760768983, 41.737911416775994 ], [ -70.60492752924246, 41.73814281481576 ], [ -70.604417598847419, 41.738340832874535 ], [ -70.603574832702193, 41.738537917371694 ], [ -70.602821895851946, 41.738651290898723 ], [ -70.60219057866037, 41.738584412815499 ], [ -70.601185288947178, 41.738183120209008 ], [ -70.600618040866948, 41.737915274412764 ], [ -70.600160951499092, 41.737641543269248 ], [ -70.599701438724523, 41.737326710318456 ], [ -70.599321512499046, 41.736989432216589 ], [ -70.598910808560035, 41.736677233041135 ], [ -70.598557182427527, 41.73642007100193 ], [ -70.598237339087817, 41.736138414348588 ], [ -70.597918073414533, 41.735842692584114 ], [ -70.597612084874157, 41.735458160522228 ], [ -70.597351385049691, 41.735112253656062 ], [ -70.596848633471822, 41.734616423190914 ], [ -70.596449753426953, 41.734320065697155 ], [ -70.595993908690986, 41.733961351965057 ], [ -70.595450264842583, 41.733542850104399 ], [ -70.595114262066758, 41.733343217676463 ], [ -70.592819703046217, 41.732162316604438 ], [ -70.592200743883851, 41.731891765116245 ], [ -70.591657931253437, 41.731629133459172 ], [ -70.591060061884392, 41.731381816721644 ], [ -70.590431760714083, 41.731108929911557 ], [ -70.589721275354478, 41.730830880588051 ], [ -70.588924513288134, 41.730597719320997 ], [ -70.588286266319599, 41.730391145606369 ], [ -70.587563321666536, 41.730145059737808 ], [ -70.586467308607425, 41.729694511615712 ], [ -70.585900564518738, 41.72942715813339 ] ] ] } },
{ "type": "Feature", "properties": { "TMDL_BASIN": "Pocasset River", "BBP_SYS_ID": "POCRIV", "SHED_ACRES": 1970.279, "HECTARES": 797.3468, "DELIN_YEAR": 2023 }, "geometry": { "type": "Polygon", "coordinates": [ [ [ -70.568839455994507, 41.702086556196022 ], [ -70.566217143471746, 41.701348123507351 ], [ -70.563274609774425, 41.700636820643389 ], [ -70.561803844438288, 41.700184632350307 ], [ -70.557805505811018, 41.698668744357313 ], [ -70.556181987733098, 41.698167946601721 ], [ -70.554866511582787, 41.697630854115516 ], [ -70.553170705360145, 41.696716350891435 ], [ -70.551142372584948, 41.695722515265622 ], [ -70.549902601671803, 41.695301360507571 ], [ -70.546909590904335, 41.694531245420826 ], [ -70.545859759114023, 41.694341240847528 ], [ -70.54450183811403, 41.694168336511574 ], [ -70.542308499137221, 41.694104315849565 ], [ -70.540642063558352, 41.693932946414563 ], [ -70.540615797540681, 41.693930245252261 ], [ -70.540001762596646, 41.693867093158374 ], [ -70.533714397425911, 41.693684441282215 ], [ -70.533751207234673, 41.693668054849383 ], [ -70.532491754695428, 41.693694081525663 ], [ -70.534826246107173, 41.692804122250791 ], [ -70.534816234076587, 41.692784255339951 ], [ -70.534797828972359, 41.692747731700202 ], [ -70.539344954111087, 41.691659173165228 ], [ -70.539810251200194, 41.691582429102169 ], [ -70.540713482555489, 41.691433447079142 ], [ -70.543715157744586, 41.690902526271117 ], [ -70.544983449381036, 41.690678171202713 ], [ -70.545100726023463, 41.690644956112379 ], [ -70.545939156032318, 41.690407493886063 ], [ -70.547210254233036, 41.690029400241549 ], [ -70.547316941368251, 41.690066998632361 ], [ -70.547491263015118, 41.690128432332642 ], [ -70.547511140302916, 41.690124789993668 ], [ -70.550007490547159, 41.689667299890928 ], [ -70.550031217587133, 41.689636489744366 ], [ -70.550402001735279, 41.689608763679722 ], [ -70.551707282041832, 41.689511149078562 ], [ -70.554302526875603, 41.689317019144724 ], [ -70.554302571368993, 41.689317015912891 ], [ -70.554302631503219, 41.689317011010239 ], [ -70.55745670444702, 41.689062392541864 ], [ -70.557667264194649, 41.689065239474942 ], [ -70.560352179373041, 41.689101512532787 ], [ -70.560433754250937, 41.689142091243433 ], [ -70.561047973429993, 41.689087978469068 ], [ -70.576545525766605, 41.689315838973606 ], [ -70.576729024520503, 41.689360917487953 ], [ -70.577203513438903, 41.689321775737703 ], [ -70.577392758265276, 41.689306163901918 ], [ -70.577644962889877, 41.689368245670003 ], [ -70.579420626578383, 41.689805314345989 ], [ -70.580635693710803, 41.689981077002592 ], [ -70.583160183387122, 41.690346205587822 ], [ -70.58388523899778, 41.690451062601973 ], [ -70.584628386422366, 41.690522371017138 ], [ -70.585064926553201, 41.690557079921746 ], [ -70.58532004654181, 41.690577363188275 ], [ -70.585895042179786, 41.690735517756501 ], [ -70.58633822940736, 41.690857414386798 ], [ -70.587490388105394, 41.691078479354537 ], [ -70.588623658903501, 41.691295906663356 ], [ -70.589742256577921, 41.691450475981021 ], [ -70.589857758341893, 41.691466434776984 ], [ -70.590143144565673, 41.691476499185555 ], [ -70.590764091935668, 41.691498395387406 ], [ -70.591006283451392, 41.691500330302873 ], [ -70.591423500399102, 41.691503662321729 ], [ -70.591552646606985, 41.691588438966491 ], [ -70.592014491822979, 41.691562048036616 ], [ -70.592735007390246, 41.691405027365228 ], [ -70.593020717301314, 41.691372552120669 ], [ -70.593327406706052, 41.691327054226512 ], [ -70.593620347904789, 41.691270152254852 ], [ -70.593896077282906, 41.691199575830368 ], [ -70.594153095529776, 41.691114478470709 ], [ -70.594260110310302, 41.691072645837643 ], [ -70.594640245294798, 41.690924045863689 ], [ -70.594758895511632, 41.69087291594483 ], [ -70.594875218915305, 41.690822789352438 ], [ -70.595324982825161, 41.690606697535479 ], [ -70.59666283162791, 41.689963406189008 ], [ -70.59728902351074, 41.689662298274783 ], [ -70.59780245200885, 41.689547653110324 ], [ -70.597938695366679, 41.689551588428841 ], [ -70.598085645494677, 41.689415269090169 ], [ -70.598249835419153, 41.689266485062781 ], [ -70.598298613014975, 41.689188254803746 ], [ -70.598347792420441, 41.689081439945568 ], [ -70.59831573520718, 41.688988276142503 ], [ -70.598305171069399, 41.688957572459124 ], [ -70.598999499090283, 41.689062319205128 ], [ -70.604693462348578, 41.689921139783031 ], [ -70.605602716538627, 41.690060537515294 ], [ -70.609824342346741, 41.69070765152636 ], [ -70.613314681159792, 41.691917190073518 ], [ -70.613815839160935, 41.69216079404859 ], [ -70.614088063819452, 41.692293116065386 ], [ -70.614470982265701, 41.692345442939875 ], [ -70.615814968045569, 41.692613070389321 ], [ -70.618235807519866, 41.693003269356097 ], [ -70.619055288107063, 41.693195886439156 ], [ -70.620514611074242, 41.693459848906727 ], [ -70.621230395015445, 41.693714113962898 ], [ -70.621802915932619, 41.694149599835683 ], [ -70.623101622907996, 41.696327325685942 ], [ -70.623736178122172, 41.697279320712887 ], [ -70.623741360499508, 41.697288548287723 ], [ -70.624072980967497, 41.697878990606426 ], [ -70.624235367610851, 41.698302865104644 ], [ -70.624321218400453, 41.698668187291346 ], [ -70.624236302574573, 41.699111543107712 ], [ -70.624109527386196, 41.699431334607468 ], [ -70.623911678599299, 41.699639621809794 ], [ -70.623907115278598, 41.699635088288176 ], [ -70.623593539504029, 41.699770997745901 ], [ -70.623601488660654, 41.699780157491873 ], [ -70.623591453505739, 41.699784692057705 ], [ -70.622942382554683, 41.699834278562435 ], [ -70.621550309337351, 41.699801594867232 ], [ -70.620781636704038, 41.699729817425123 ], [ -70.620351978350683, 41.699713554067245 ], [ -70.619960114364801, 41.699733597319351 ], [ -70.619124586220565, 41.699881889547271 ], [ -70.618454942595264, 41.700088861181996 ], [ -70.616519504777486, 41.701122256060067 ], [ -70.615061415125083, 41.701842502863428 ], [ -70.613192507941463, 41.702646194472067 ], [ -70.612136228181768, 41.703032447093833 ], [ -70.61109474164428, 41.703217903732337 ], [ -70.608040191355897, 41.703255346033153 ], [ -70.60684831635642, 41.703131760738103 ], [ -70.605489072267019, 41.703055806922251 ], [ -70.602656102319827, 41.702768450527117 ], [ -70.600238292701462, 41.702089817865918 ], [ -70.598060128264663, 41.701806395867685 ], [ -70.597008905543092, 41.701722651562299 ], [ -70.596200623613129, 41.701717361199016 ], [ -70.594005579692933, 41.701779256668949 ], [ -70.592707924442436, 41.701943372255876 ], [ -70.590563756317181, 41.702043874109691 ], [ -70.588892950767118, 41.702282060964592 ], [ -70.585438588668069, 41.702527289857485 ], [ -70.584230622047002, 41.702692029758389 ], [ -70.581507555357248, 41.70294189598858 ], [ -70.58019587936964, 41.703163156953323 ], [ -70.578564952661111, 41.703286713513577 ], [ -70.576946339352574, 41.703467184628998 ], [ -70.575524358908737, 41.703265432826079 ], [ -70.571746931812385, 41.702557695426947 ], [ -70.570286172184382, 41.702365691143278 ], [ -70.568839455994507, 41.702086556196022 ] ] ] } },
{ "type": "Feature", "properties": { "TMDL_BASIN": "Sippican Harbor", "BBP_SYS_ID": "SIPHRB", "SHED_ACRES": 4184.998, "HECTARES": 1693.6155, "DELIN_YEAR": 2023 }, "geometry": { "type": "Polygon", "coordinates": [ [ [ -70.749902926724403, 41.730743103467915 ], [ -70.749296837255002, 41.73025539189252 ], [ -70.749027438059585, 41.730004788465408 ], [ -70.748865670674959, 41.729779587982058 ], [ -70.748630572747146, 41.729554329385614 ], [ -70.748274106169532, 41.729217237688388 ], [ -70.747925203715553, 41.728993851438894 ], [ -70.74758936734753, 41.728685838448698 ], [ -70.747077121185654, 41.728193627923552 ], [ -70.746743333492859, 41.727870268517023 ], [ -70.746582069647872, 41.727644456529809 ], [ -70.746419241237859, 41.727418565536738 ], [ -70.745990754200434, 41.727082299883023 ], [ -70.745716819987379, 41.726857883147566 ], [ -70.745440773426409, 41.726634110246778 ], [ -70.745110642963041, 41.726425058679347 ], [ -70.744775617691815, 41.72613113494414 ], [ -70.744462215018146, 41.725878592402921 ], [ -70.74414908492264, 41.725655795785563 ], [ -70.743798862579425, 41.725460722081948 ], [ -70.743528866946974, 41.725265883646244 ], [ -70.743288483689483, 41.725032030447586 ], [ -70.742988447080378, 41.724788228139793 ], [ -70.742863026674641, 41.724532063738756 ], [ -70.742934723712281, 41.724271851971231 ], [ -70.743151298959546, 41.723985382044717 ], [ -70.743618578038294, 41.723682079908222 ], [ -70.744015247689887, 41.72355547157283 ], [ -70.74453620329561, 41.723526571944767 ], [ -70.745060036336199, 41.723593167465559 ], [ -70.745416938647722, 41.723605662837606 ], [ -70.745903537427708, 41.723496479289743 ], [ -70.746425336565707, 41.723300395559711 ], [ -70.746827088277414, 41.723140234221958 ], [ -70.747281130071769, 41.723012493455442 ], [ -70.74777493361249, 41.722931345967169 ], [ -70.748403487176603, 41.722912846836778 ], [ -70.749353658202295, 41.721876496920046 ], [ -70.749597762971206, 41.721557906435855 ], [ -70.749848642319634, 41.721248551517881 ], [ -70.750105238942766, 41.720862513348983 ], [ -70.750323115574432, 41.720458024357669 ], [ -70.750482187629245, 41.720226659666409 ], [ -70.750613587244416, 41.719923644490095 ], [ -70.750742399687653, 41.719515567137229 ], [ -70.750707339334667, 41.719153306281029 ], [ -70.750516304188096, 41.718850532085277 ], [ -70.750233720695732, 41.718549180523006 ], [ -70.750017790268501, 41.718313657885197 ], [ -70.749877713463889, 41.718057531869292 ], [ -70.749611212510871, 41.717718060487087 ], [ -70.749274676259745, 41.717282695100181 ], [ -70.749067419547089, 41.717007460752129 ], [ -70.748849354072746, 41.716693475612004 ], [ -70.748600687713662, 41.716389867594124 ], [ -70.748393514028365, 41.716124011543371 ], [ -70.748231288213503, 41.715881524333327 ], [ -70.747978352188596, 41.715539676577329 ], [ -70.747706565950097, 41.715212334942116 ], [ -70.74751257160564, 41.714972788072181 ], [ -70.747318343097547, 41.714727780720857 ], [ -70.747104646454758, 41.714442745904236 ], [ -70.746846517484371, 41.71412948061618 ], [ -70.746523644005535, 41.713715779002847 ], [ -70.746241795822201, 41.713309839649774 ], [ -70.746020423585023, 41.712947053020102 ], [ -70.745843202804267, 41.712713251069736 ], [ -70.745693558488952, 41.712474782643774 ], [ -70.745454136007524, 41.712119606397806 ], [ -70.745117786233905, 41.711721112738445 ], [ -70.744890883728729, 41.71142726353937 ], [ -70.744606215834096, 41.711160042139895 ], [ -70.744309071954561, 41.710884296061614 ], [ -70.744065039119249, 41.710594833371097 ], [ -70.743802816009065, 41.710325637042558 ], [ -70.743606270522875, 41.71011092302404 ], [ -70.743433049974868, 41.709882705565782 ], [ -70.743260582499175, 41.709654492840812 ], [ -70.743058072797581, 41.709442399578144 ], [ -70.742814416147212, 41.709153780735569 ], [ -70.742602493873946, 41.708896604686579 ], [ -70.742364574885471, 41.70861213998046 ], [ -70.742028425750405, 41.708411375256212 ], [ -70.741597358171092, 41.70822728358408 ], [ -70.741172258887644, 41.708073072832278 ], [ -70.740740798944415, 41.707917129824629 ], [ -70.740417201799744, 41.707800452842264 ], [ -70.74009418642045, 41.707682371960985 ], [ -70.739679503048166, 41.707504859684462 ], [ -70.73927089640118, 41.707296651063544 ], [ -70.738781709203451, 41.70680486911229 ], [ -70.738440537519978, 41.706517417395531 ], [ -70.738236214165383, 41.706207667488265 ], [ -70.738021554419007, 41.705898973485219 ], [ -70.737861512904914, 41.705670272800063 ], [ -70.737625660132807, 41.705470326701061 ], [ -70.737396511299949, 41.7051649108787 ], [ -70.737192728184098, 41.704952235657515 ], [ -70.736927606312292, 41.704655478318493 ], [ -70.736668243609287, 41.704335330436486 ], [ -70.736389120036804, 41.704049554690769 ], [ -70.736111684015526, 41.703779827720126 ], [ -70.735887414337554, 41.703585583089115 ], [ -70.735673610430922, 41.703345725895247 ], [ -70.735378914378416, 41.703140978184599 ], [ -70.735149873427247, 41.702937977508256 ], [ -70.734961691573872, 41.702724840282791 ], [ -70.734725713811855, 41.702427251400231 ], [ -70.734544731299493, 41.702059970481343 ], [ -70.734307196205876, 41.701492138655183 ], [ -70.73410497677807, 41.701136084218042 ], [ -70.733973621334428, 41.700896878801082 ], [ -70.733893856444908, 41.700644989257036 ], [ -70.733721386247893, 41.700343411915824 ], [ -70.733526705666492, 41.700031467176593 ], [ -70.733372183199933, 41.699705161302887 ], [ -70.733220674252991, 41.699472009378965 ], [ -70.732988937689413, 41.699276301691697 ], [ -70.732705774413859, 41.699017501031015 ], [ -70.732390693529567, 41.698752896669312 ], [ -70.732035437994526, 41.698532960286713 ], [ -70.731723368879628, 41.698274524811438 ], [ -70.731484477883228, 41.698083595358085 ], [ -70.731264356600974, 41.697872722121055 ], [ -70.730967542033682, 41.697610729741037 ], [ -70.73068459826996, 41.697350518563539 ], [ -70.730392629722715, 41.697076177070088 ], [ -70.730129628216147, 41.696781490665686 ], [ -70.729819959889028, 41.696512092610604 ], [ -70.729602906902329, 41.696299032222754 ], [ -70.72934518607758, 41.696111863555132 ], [ -70.729088606040278, 41.695923576535328 ], [ -70.728832785522215, 41.69573473133012 ], [ -70.72846948609714, 41.695524054070695 ], [ -70.728105813233796, 41.695313373101186 ], [ -70.727782739601025, 41.695051756859904 ], [ -70.727502938725081, 41.694766516864618 ], [ -70.72718251111894, 41.694503791356844 ], [ -70.726958260393047, 41.694297429843573 ], [ -70.726701694667909, 41.694109137434964 ], [ -70.726283343440372, 41.693857490595505 ], [ -70.725766472563038, 41.69358927554989 ], [ -70.725428646406471, 41.693303324831255 ], [ -70.725302828847973, 41.692847520030604 ], [ -70.725392888513042, 41.692494167773901 ], [ -70.725700109480968, 41.692141167806064 ], [ -70.726015111675281, 41.691873756880383 ], [ -70.726305487866128, 41.691593797324074 ], [ -70.726650384515096, 41.691298450778284 ], [ -70.727060779964219, 41.690956840466079 ], [ -70.727261819737905, 41.69067570892657 ], [ -70.727332672838088, 41.690357396213429 ], [ -70.72732818713267, 41.689998617171355 ], [ -70.727286583696696, 41.689651685051011 ], [ -70.727242909803365, 41.689305301592228 ], [ -70.72723959594687, 41.68903600661347 ], [ -70.727198655324258, 41.688774053125925 ], [ -70.727156213668223, 41.688512089425124 ], [ -70.727152896816904, 41.688243075787987 ], [ -70.727149579993721, 41.687974062149294 ], [ -70.727145702692098, 41.6877047633307 ], [ -70.727184785857872, 41.687359504631011 ], [ -70.727157802678761, 41.686983268408035 ], [ -70.726882240455126, 41.686567921064579 ], [ -70.72666794019392, 41.686363595958788 ], [ -70.726485766062225, 41.686141199692464 ], [ -70.72623406769786, 41.685879219723518 ], [ -70.725868779151327, 41.68569862690471 ], [ -70.72524891934053, 41.685749416118732 ], [ -70.724750210182975, 41.685822974448222 ], [ -70.724414668609271, 41.685867114099914 ], [ -70.724055610396064, 41.685869449406695 ], [ -70.723591959579608, 41.685845465126086 ], [ -70.72317430129003, 41.685774241164978 ], [ -70.722765939035611, 41.685679443949603 ], [ -70.722333117957248, 41.685558873279646 ], [ -70.721996262918864, 41.685340758471575 ], [ -70.721695805154511, 41.685200831565119 ], [ -70.721425216630323, 41.685027906390609 ], [ -70.721072582315998, 41.684826844502993 ], [ -70.720719246948548, 41.684637312943472 ], [ -70.720358668170675, 41.684410870949677 ], [ -70.720021203080023, 41.684166859826739 ], [ -70.719638578935204, 41.683917332594575 ], [ -70.71911014975008, 41.683728142501614 ], [ -70.718879628891202, 41.683456443313474 ], [ -70.718601817416328, 41.683184700249022 ], [ -70.718416510910671, 41.682883766567556 ], [ -70.718374773103378, 41.682536829856701 ], [ -70.718457280471583, 41.682204533853856 ], [ -70.718720939148085, 41.681944668911804 ], [ -70.718921096814356, 41.681659606741626 ], [ -70.71906543188922, 41.681335331790578 ], [ -70.719225300341918, 41.680803671708738 ], [ -70.719340271032635, 41.680420508808325 ], [ -70.719336570829725, 41.680114913720175 ], [ -70.719294360981266, 41.679800191176149 ], [ -70.71925287927489, 41.679542704619912 ], [ -70.719248903651575, 41.679227428443255 ], [ -70.719157553798226, 41.678904671079145 ], [ -70.719067700101618, 41.678483644771603 ], [ -70.718869524633035, 41.678215600159824 ], [ -70.718633276899894, 41.677856298090077 ], [ -70.718295760071442, 41.677520610259421 ], [ -70.717887605942622, 41.677245685769911 ], [ -70.717465332248878, 41.677068308067071 ], [ -70.71694784714019, 41.676898738093826 ], [ -70.7165068245409, 41.676753890330687 ], [ -70.716162730794565, 41.67668770498161 ], [ -70.715920226808464, 41.676319673962055 ], [ -70.744763041800454, 41.672478489902247 ], [ -70.745108922820293, 41.672366641455589 ], [ -70.745427835333501, 41.672611208386066 ], [ -70.745660330158756, 41.672838409809764 ], [ -70.745892069295735, 41.673066168479203 ], [ -70.746143102355404, 41.673265073310418 ], [ -70.746490311480699, 41.67353495738304 ], [ -70.746857327447046, 41.673833389969474 ], [ -70.747097613363223, 41.674089227254434 ], [ -70.747349458699858, 41.674459977349052 ], [ -70.747442897485982, 41.67480349285669 ], [ -70.747523005278325, 41.675089332856693 ], [ -70.747526658280989, 41.675347655521641 ], [ -70.747530041188227, 41.675634254175712 ], [ -70.747573247135705, 41.676021002890188 ], [ -70.747570250480109, 41.676379337065079 ], [ -70.747574007737327, 41.67666602259866 ], [ -70.747738770471571, 41.67700858389891 ], [ -70.748010112501746, 41.677293436865419 ], [ -70.748288822383543, 41.677578000204349 ], [ -70.748628539938395, 41.677843007197858 ], [ -70.748936522785613, 41.67801789629285 ], [ -70.749220844185388, 41.678231645160366 ], [ -70.749498640250096, 41.678533864837974 ], [ -70.749925195906201, 41.67891814635221 ], [ -70.750303534872231, 41.679231179626974 ], [ -70.75057255706966, 41.679430192950598 ], [ -70.750880320683791, 41.679686297620606 ], [ -70.751360908194229, 41.680055805707404 ], [ -70.751726183790637, 41.680369123357849 ], [ -70.752072661621781, 41.680653335052057 ], [ -70.75241853307692, 41.680909404610333 ], [ -70.752764407602555, 41.681165473117929 ], [ -70.753187870697076, 41.681535160892523 ], [ -70.753609857647533, 41.681790600864375 ], [ -70.754121960123328, 41.682150549619642 ], [ -70.754493512037669, 41.682415972545122 ], [ -70.754648772473971, 41.682644337255411 ], [ -70.754994064842023, 41.682871413865044 ], [ -70.755225248267138, 41.683099149388937 ], [ -70.760385228026308, 41.687772326558509 ], [ -70.760616587986632, 41.68799611282752 ], [ -70.760809709368075, 41.68822387077384 ], [ -70.761002825921622, 41.688452191092047 ], [ -70.761234007187397, 41.688651214312102 ], [ -70.76156642110152, 41.688830822950287 ], [ -70.761886231706256, 41.689048240071045 ], [ -70.762251900696498, 41.68934717586685 ], [ -70.762617230889433, 41.689626975080294 ], [ -70.762867400347488, 41.689859319668777 ], [ -70.763117712676987, 41.690072672118063 ], [ -70.763402349834948, 41.690294631038142 ], [ -70.763920400275538, 41.690258929081587 ], [ -70.764414583367653, 41.690131756427803 ], [ -70.764970023595865, 41.690030975962259 ], [ -70.765417639364756, 41.690049510611388 ], [ -70.765703319934673, 41.690315045344335 ], [ -70.76594479657733, 41.690600083913026 ], [ -70.766197111305516, 41.690999850241965 ], [ -70.766423682751949, 41.691361558837038 ], [ -70.766604659995224, 41.691647096934616 ], [ -70.766850207514807, 41.692013006811543 ], [ -70.767134281114053, 41.692407723340644 ], [ -70.767341373667279, 41.692740745502306 ], [ -70.767609893010516, 41.69291129614593 ], [ -70.767916660990707, 41.693052829709472 ], [ -70.768248727608764, 41.69322266214018 ], [ -70.768607235009384, 41.693430367140358 ], [ -70.769048114470252, 41.693647603965516 ], [ -70.769475985887581, 41.693845434805652 ], [ -70.770075301825827, 41.694013835155836 ], [ -70.7704967618659, 41.694202382676444 ], [ -70.770828336822191, 41.694295765450974 ], [ -70.771185470422282, 41.694408444112192 ], [ -70.771556461852782, 41.694635259042315 ], [ -70.771825707179147, 41.694805522885275 ], [ -70.772234526493065, 41.695022635871823 ], [ -70.772632397068023, 41.695373984716383 ], [ -70.772884135093094, 41.695716332606132 ], [ -70.77303383832006, 41.696021074901431 ], [ -70.77313883650929, 41.696345133581332 ], [ -70.773218491540121, 41.696630951560614 ], [ -70.773165765921277, 41.697018483468206 ], [ -70.773048732433026, 41.697357865470195 ], [ -70.772963249825438, 41.697664200358261 ], [ -70.772870893474519, 41.698258356108262 ], [ -70.772474948456804, 41.698114356817626 ], [ -70.772015665485696, 41.698250254054678 ], [ -70.771553375184524, 41.698488031050452 ], [ -70.770991038295875, 41.698853623359582 ], [ -70.770475132146359, 41.699278791015814 ], [ -70.770211872511652, 41.699600083929795 ], [ -70.770035384800494, 41.700015681387057 ], [ -70.770055312261917, 41.700437234859614 ], [ -70.770142206706211, 41.700734918997142 ], [ -70.770287125971933, 41.700981765744757 ], [ -70.770627344697033, 41.701272069575637 ], [ -70.771171738638628, 41.701576973764404 ], [ -70.770962576969538, 41.702822878456466 ], [ -70.770828176337616, 41.703478988439826 ], [ -70.770648948575356, 41.704079421170597 ], [ -70.77057144042999, 41.70452603789699 ], [ -70.770531881457188, 41.705018288495715 ], [ -70.770541859613687, 41.705456620570665 ], [ -70.770677581988011, 41.705868853378767 ], [ -70.770827138231326, 41.706204079234901 ], [ -70.771145351941414, 41.706549951585856 ], [ -70.771485791907992, 41.706889775141633 ], [ -70.771818475860613, 41.707201973770644 ], [ -70.772174185815359, 41.707586349369024 ], [ -70.772736806200299, 41.708150997363028 ], [ -70.7734039499001, 41.708952097813629 ], [ -70.774158422476461, 41.709636701233912 ], [ -70.774351628434985, 41.70994969098988 ], [ -70.774568749047106, 41.710504810960416 ], [ -70.774710699330896, 41.710851237798423 ], [ -70.774795101136064, 41.711295399584074 ], [ -70.774769859964508, 41.711825717415095 ], [ -70.774642865365294, 41.712421092967126 ], [ -70.774463037645901, 41.713032296259783 ], [ -70.774308133682837, 41.713721696838306 ], [ -70.774054537252738, 41.714543098338716 ], [ -70.773620921530181, 41.715249896929329 ], [ -70.773105505067235, 41.715999103686983 ], [ -70.772193809585517, 41.716896310263891 ], [ -70.771638757759163, 41.717311142415682 ], [ -70.770762410040518, 41.71778980525427 ], [ -70.770177703326027, 41.718156260335306 ], [ -70.76968770769048, 41.718578842803502 ], [ -70.769332934469958, 41.719089304852609 ], [ -70.769138777682542, 41.719483721137642 ], [ -70.769246558633924, 41.719816001600286 ], [ -70.769729118826618, 41.720036922870243 ], [ -70.770288323756404, 41.720201431129126 ], [ -70.770715999142439, 41.720419117286418 ], [ -70.771366681715776, 41.720861182703445 ], [ -70.771904435063362, 41.721173813116231 ], [ -70.772286857898834, 41.721171316134601 ], [ -70.772910883006972, 41.721135911406499 ], [ -70.773542365000679, 41.721088733309848 ], [ -70.774083942184731, 41.721098603101524 ], [ -70.774460334127511, 41.721191843842533 ], [ -70.774718484175096, 41.721360843353622 ], [ -70.774926297497146, 41.721595175490187 ], [ -70.775187589201366, 41.721979248554753 ], [ -70.775496421018431, 41.722346072542571 ], [ -70.775372766799038, 41.723028307449397 ], [ -70.774594839856888, 41.723553494796541 ], [ -70.774194649604681, 41.724804005268965 ], [ -70.772828962445402, 41.726096546924438 ], [ -70.770626928143656, 41.727383717068463 ], [ -70.769836979555564, 41.728001785249077 ], [ -70.769588280043294, 41.728196368428648 ], [ -70.768678819996722, 41.728961645452742 ], [ -70.767317354615372, 41.7298685913252 ], [ -70.766665177025089, 41.730635507796826 ], [ -70.765569847770465, 41.730773032716534 ], [ -70.763768146564473, 41.730636093913773 ], [ -70.763396542552854, 41.730683258714734 ], [ -70.763016112714766, 41.730717656512304 ], [ -70.762485543043127, 41.730840274990946 ], [ -70.762067261543436, 41.730875268562151 ], [ -70.761726458556225, 41.730966474264818 ], [ -70.761158431132728, 41.731104037702949 ], [ -70.760560600085569, 41.731258126423505 ], [ -70.760437074540008, 41.73208369288605 ], [ -70.760270437545856, 41.732817073907455 ], [ -70.759851325212324, 41.733501428453266 ], [ -70.759087595285735, 41.733899231595906 ], [ -70.758736850086947, 41.733980029169082 ], [ -70.757787281700232, 41.734198764383571 ], [ -70.755151401158827, 41.735105555116888 ], [ -70.753724254627841, 41.735427904816845 ], [ -70.752962124423888, 41.735683523138491 ], [ -70.752394559722902, 41.735769368631807 ], [ -70.751668519145028, 41.735389798179703 ], [ -70.751520256606909, 41.734560513459492 ], [ -70.751282779873208, 41.733232179625432 ], [ -70.751196505075981, 41.732497148195115 ], [ -70.750923301409586, 41.731687388286112 ], [ -70.750625904746002, 41.731420338824847 ], [ -70.750447636048932, 41.731194134023326 ], [ -70.750212359850323, 41.730968399041885 ], [ -70.749902926724403, 41.730743103467915 ] ] ] } },
{ "type": "Feature", "properties": { "TMDL_BASIN": "Slocums River", "BBP_SYS_ID": "SLORIV", "SHED_ACRES": 24038.371, "HECTARES": 9728.0224, "DELIN_YEAR": 2023 }, "geometry": { "type": "Polygon", "coordinates": [ [ [ -70.95911535122768, 41.733398617351583 ], [ -70.95820420278838, 41.732834346407145 ], [ -70.957711640629043, 41.732379026151087 ], [ -70.95727746312653, 41.731956575368393 ], [ -70.956703175618486, 41.731303860394441 ], [ -70.956319541293013, 41.731007196069051 ], [ -70.955644610779274, 41.730547559305876 ], [ -70.954793264896054, 41.730043781252697 ], [ -70.953690978703449, 41.72936997382147 ], [ -70.952369413040898, 41.72862475980682 ], [ -70.952365981556468, 41.728622880997222 ], [ -70.950974515013641, 41.727897206602378 ], [ -70.950012733208467, 41.727382145450122 ], [ -70.949139878063392, 41.72706558766798 ], [ -70.947014445461136, 41.725024410805496 ], [ -70.946323539244062, 41.724492625988603 ], [ -70.946008106506554, 41.724334157130663 ], [ -70.946007536643179, 41.724334053631992 ], [ -70.945619441941972, 41.724263567081643 ], [ -70.945451211932038, 41.724272330827198 ], [ -70.945451055603357, 41.724272313482516 ], [ -70.945450812641269, 41.724272351627491 ], [ -70.945282773974725, 41.724281105154105 ], [ -70.944914309058788, 41.724356581062423 ], [ -70.944901778257545, 41.724358548327352 ], [ -70.944851464711135, 41.724376135298563 ], [ -70.944492366568525, 41.724497211793242 ], [ -70.944410825982075, 41.724530158073335 ], [ -70.94440976896621, 41.724530527544353 ], [ -70.944096939247402, 41.724656982399836 ], [ -70.943958431903923, 41.72471294514682 ], [ -70.943852218309516, 41.724762424737435 ], [ -70.943519486241442, 41.724917345478559 ], [ -70.943293656943609, 41.725052823620537 ], [ -70.943205928370887, 41.725105452937719 ], [ -70.943107996891527, 41.725190783517661 ], [ -70.94278226792882, 41.725474760437947 ], [ -70.94244704159216, 41.725904756745557 ], [ -70.94187792230008, 41.726472622940292 ], [ -70.941096894692777, 41.727178373438058 ], [ -70.940539915499997, 41.727633656322269 ], [ -70.940712104671178, 41.728036877668025 ], [ -70.940546760518885, 41.727964598493159 ], [ -70.940374512296529, 41.727561399109234 ], [ -70.940169794949654, 41.727083221382372 ], [ -70.939992098315173, 41.726668152390133 ], [ -70.939469906961691, 41.725986606443954 ], [ -70.939138211482074, 41.725553680267595 ], [ -70.938705757119294, 41.724646476206097 ], [ -70.938673478913543, 41.724586407175416 ], [ -70.937993031829194, 41.723222429449656 ], [ -70.937163958698122, 41.721630958074911 ], [ -70.937154904522913, 41.721612319174952 ], [ -70.93701847138648, 41.721331456849441 ], [ -70.936397079296313, 41.719997069183947 ], [ -70.936117281339008, 41.719368335077959 ], [ -70.935962550601019, 41.719001279913165 ], [ -70.935950746066879, 41.718973276793214 ], [ -70.93557671141879, 41.717988779414839 ], [ -70.935036889721374, 41.716642513488722 ], [ -70.934268698612101, 41.715251364562619 ], [ -70.934023570316256, 41.71476905429396 ], [ -70.934021070950081, 41.714764308169578 ], [ -70.933700764754931, 41.714156062427044 ], [ -70.93324953051696, 41.713347794461626 ], [ -70.932888052109433, 41.712660170146513 ], [ -70.932826282618109, 41.712539469296019 ], [ -70.932650635218707, 41.712196242317283 ], [ -70.932210727253349, 41.711487525856796 ], [ -70.932117963910528, 41.711357742343822 ], [ -70.931906589697618, 41.711062010257052 ], [ -70.931665624889405, 41.710500986945611 ], [ -70.931699925186166, 41.709785174295384 ], [ -70.931937768713098, 41.709425978820711 ], [ -70.932432247599507, 41.70886037676366 ], [ -70.932902565097493, 41.708700549446846 ], [ -70.933410210605487, 41.708516558650487 ], [ -70.933989796362951, 41.708287516309596 ], [ -70.934671875742509, 41.707920058018622 ], [ -70.934978115203364, 41.707717948466346 ], [ -70.935360790846332, 41.707458663594323 ], [ -70.935811647287295, 41.70707740950261 ], [ -70.936165615018695, 41.706729407509421 ], [ -70.936369171163847, 41.706411044681914 ], [ -70.93619004754386, 41.705734901480611 ], [ -70.936189428171431, 41.705732637664305 ], [ -70.936056521630334, 41.705246857509394 ], [ -70.9360693905913, 41.705230053873315 ], [ -70.936328980692338, 41.704891092094833 ], [ -70.936998833259764, 41.704047766410703 ], [ -70.937153093847215, 41.703762756583053 ], [ -70.937268632285608, 41.703396619163009 ], [ -70.937327030027035, 41.703111764582708 ], [ -70.937327102108512, 41.70311141297956 ], [ -70.937418955039504, 41.702661836819622 ], [ -70.937508056071835, 41.702320885214753 ], [ -70.937600806588193, 41.701962975801798 ], [ -70.937819828882652, 41.70125266639652 ], [ -70.938158642422451, 41.700486904758009 ], [ -70.938162424754807, 41.700478314794495 ], [ -70.938397037212482, 41.699945487357205 ], [ -70.938797056683669, 41.698967855314187 ], [ -70.938800774028223, 41.698958770121735 ], [ -70.939030817157729, 41.698659757919685 ], [ -70.939270029450398, 41.698435616245881 ], [ -70.939664506306869, 41.698196816976399 ], [ -70.939705388069271, 41.698172068740938 ], [ -70.940200256930851, 41.697855939566544 ], [ -70.940385449975736, 41.697388606464948 ], [ -70.940158652279436, 41.696958867443065 ], [ -70.940060042722919, 41.696463742368302 ], [ -70.940057508560528, 41.696451018069048 ], [ -70.939918142260566, 41.696093141380594 ], [ -70.939668665187213, 41.695315818131697 ], [ -70.939551389559654, 41.694628621508414 ], [ -70.93955120727685, 41.69462755337878 ], [ -70.939445747053171, 41.694057995649374 ], [ -70.939403831846292, 41.693912134073926 ], [ -70.939271110559389, 41.69345027008363 ], [ -70.939186457783805, 41.692992717536917 ], [ -70.939175568655344, 41.69263088548874 ], [ -70.939247997723996, 41.691944818260517 ], [ -70.939677597950208, 41.691481575901257 ], [ -70.94004064893268, 41.691140734979676 ], [ -70.940333618742315, 41.690948446911911 ], [ -70.940420851340917, 41.690891192220548 ], [ -70.940831186337377, 41.690619196544503 ], [ -70.94108393203804, 41.690420147391308 ], [ -70.941106074400096, 41.690405550036147 ], [ -70.941205361294422, 41.690340095004686 ], [ -70.941488823061235, 41.6901532212013 ], [ -70.941744219277894, 41.689906546138687 ], [ -70.941682455977286, 41.689519038394565 ], [ -70.941597225339962, 41.689412002728133 ], [ -70.941389474718974, 41.689151100330406 ], [ -70.941121360425328, 41.68878867389666 ], [ -70.940856680824254, 41.688387140008345 ], [ -70.940837440809844, 41.688357189248769 ], [ -70.940641852838979, 41.688052717411985 ], [ -70.940438708209584, 41.687736478695292 ], [ -70.940219594726457, 41.68734776201611 ], [ -70.93995654006909, 41.686833551722025 ], [ -70.939741353666335, 41.686421961022212 ], [ -70.939403410356121, 41.685787443013027 ], [ -70.939401190481149, 41.685783274959121 ], [ -70.93909493305398, 41.68519456543487 ], [ -70.938911039652268, 41.684832039442483 ], [ -70.938611831258754, 41.68426314510377 ], [ -70.938599706642449, 41.684225133773005 ], [ -70.938448191585664, 41.683750121917328 ], [ -70.938826647861518, 41.683616870920574 ], [ -70.939398510344731, 41.683465948810593 ], [ -70.940309197130631, 41.683294403137893 ], [ -70.941292834823699, 41.683128319463762 ], [ -70.941295990693575, 41.683127484463149 ], [ -70.941868051252811, 41.68297612314921 ], [ -70.941869305916427, 41.6829757911743 ], [ -70.941870235775312, 41.682974966238106 ], [ -70.942171559372071, 41.682707641644107 ], [ -70.942172626141726, 41.682706695235034 ], [ -70.942172656536215, 41.682706399018805 ], [ -70.942224652468312, 41.682199656450088 ], [ -70.942224673768607, 41.682199448859635 ], [ -70.942224650799588, 41.682199310427158 ], [ -70.942024701980401, 41.680994212029503 ], [ -70.942004932712322, 41.680875059483149 ], [ -70.941948732398444, 41.680531152336044 ], [ -70.942008051572259, 41.680263644758085 ], [ -70.942242718760994, 41.67979685536136 ], [ -70.942522672624051, 41.679482973962095 ], [ -70.942772208814546, 41.679235783865209 ], [ -70.943015035857272, 41.679003746762682 ], [ -70.943402969536308, 41.678694996934659 ], [ -70.943598525247012, 41.678595354623532 ], [ -70.943561814847186, 41.67839315434086 ], [ -70.942600221931016, 41.67669912605318 ], [ -70.941710291492058, 41.675399916163315 ], [ -70.940149475608578, 41.673534104769502 ], [ -70.938587761634167, 41.671780813459833 ], [ -70.937935193676537, 41.66913106162302 ], [ -70.93756917788923, 41.668059498595298 ], [ -70.936832039779546, 41.666479075773772 ], [ -70.936760464595636, 41.666084808795326 ], [ -70.936902357339136, 41.666057374680435 ], [ -70.938189701695961, 41.665810510627608 ], [ -70.940217981083421, 41.665707963776683 ], [ -70.941797285506127, 41.665433796073614 ], [ -70.941808363173408, 41.665431592780273 ], [ -70.942424069010258, 41.665309129992494 ], [ -70.942632733595374, 41.665261757679637 ], [ -70.942625281349848, 41.665212763476731 ], [ -70.942636370596603, 41.663940253064567 ], [ -70.942640980243894, 41.66341127312301 ], [ -70.942877879122221, 41.662061314063564 ], [ -70.944005046730496, 41.660966964946169 ], [ -70.94504851695153, 41.660335537099769 ], [ -70.946150096126644, 41.659704328113655 ], [ -70.946428702103262, 41.659544572698962 ], [ -70.946428693648912, 41.659544368300217 ], [ -70.946368293075579, 41.657855153837566 ], [ -70.946218263066015, 41.657618154029642 ], [ -70.945735933361405, 41.656856501096385 ], [ -70.945331215913512, 41.656217515459069 ], [ -70.945112327219135, 41.655750385618049 ], [ -70.944847845120023, 41.655186196772284 ], [ -70.94460455015161, 41.65466736528392 ], [ -70.944293908718677, 41.654017912124665 ], [ -70.944056005053852, 41.653542850493139 ], [ -70.94405139104903, 41.653533439942009 ], [ -70.943511875217638, 41.652433043265368 ], [ -70.944441336759837, 41.65232525653591 ], [ -70.945816907329004, 41.652165399301509 ], [ -70.945820228070261, 41.652164581034221 ], [ -70.946842204495297, 41.651912749136798 ], [ -70.946723028636086, 41.651521544009455 ], [ -70.946577296943971, 41.65104307549889 ], [ -70.946136213971656, 41.649971174691458 ], [ -70.94579833601567, 41.649562891380327 ], [ -70.945061266483478, 41.648672213333612 ], [ -70.944929491594635, 41.648209280878561 ], [ -70.944801891909776, 41.647761009613255 ], [ -70.944650416774962, 41.647492972252074 ], [ -70.943613208766436, 41.64565846017566 ], [ -70.943163446922142, 41.645010972309265 ], [ -70.941919642035785, 41.643220283646407 ], [ -70.94158685508107, 41.642455022271108 ], [ -70.941425615561641, 41.642083952530555 ], [ -70.941425343679782, 41.64208304150187 ], [ -70.941293080447849, 41.641639845409166 ], [ -70.942914567651428, 41.641502454766922 ], [ -70.944269983263865, 41.641387715784234 ], [ -70.946434582948058, 41.641204443190475 ], [ -70.947926977479753, 41.64107806033514 ], [ -70.949207652857709, 41.640969590820148 ], [ -70.949842855266098, 41.64091599602552 ], [ -70.950702979138029, 41.640842719786527 ], [ -70.950703668668197, 41.640842661379239 ], [ -70.950703898171696, 41.640842641938939 ], [ -70.950704127773008, 41.640842622490347 ], [ -70.950704328422418, 41.640842605494122 ], [ -70.950704552937339, 41.640842586476339 ], [ -70.950704782196794, 41.640842567056602 ], [ -70.950705011389118, 41.640842547642585 ], [ -70.950705240735118, 41.640842528215408 ], [ -70.951338067912332, 41.640788611360378 ], [ -70.951338160511952, 41.640788914330415 ], [ -70.951624340147973, 41.641722210195582 ], [ -70.952247391830824, 41.642352828805585 ], [ -70.952285521381228, 41.642419234030122 ], [ -70.952522350082333, 41.643546990236374 ], [ -70.952889420064196, 41.64437586034343 ], [ -70.953217826494352, 41.645029132717127 ], [ -70.953940809500352, 41.646678799865796 ], [ -70.954482689265021, 41.647118122362897 ], [ -70.954541320082996, 41.647173280375803 ], [ -70.954588015970629, 41.647274804441601 ], [ -70.954927140317551, 41.648025780050865 ], [ -70.954936973558105, 41.648033484980026 ], [ -70.954954330025984, 41.648071220336149 ], [ -70.955688500151084, 41.648658310308022 ], [ -70.955896355110724, 41.648785204508947 ], [ -70.956051200310398, 41.648906530423261 ], [ -70.957290020041242, 41.649700929709105 ], [ -70.957840640280125, 41.649735490424462 ], [ -70.958964799653756, 41.650080889769626 ], [ -70.960433120362993, 41.650598969996999 ], [ -70.960410140235822, 41.651479649895421 ], [ -70.960708389704024, 41.652049509707986 ], [ -70.961121360120416, 41.652619370335366 ], [ -70.961534340424336, 41.652947470198889 ], [ -70.963048630172977, 41.654000839962123 ], [ -70.96334691944682, 41.654138979873281 ], [ -70.964126969688394, 41.653017589980024 ], [ -70.964654659796963, 41.652516650469593 ], [ -70.965090559762601, 41.651963899943269 ], [ -70.965664109651868, 41.651462959928594 ], [ -70.966008220132778, 41.650841109737343 ], [ -70.966467010375737, 41.649734999705885 ], [ -70.966719309595717, 41.648819780445557 ], [ -70.967269880205706, 41.64809448046028 ], [ -70.968279230277261, 41.647196480265983 ], [ -70.969173850509776, 41.646229420307499 ], [ -70.969196710079956, 41.64546959973498 ], [ -70.969058929915349, 41.644277799874352 ], [ -70.968255959577803, 41.643777069856064 ], [ -70.967842990316569, 41.6432763097012 ], [ -70.966558199610859, 41.6411696305329 ], [ -70.966030540317021, 41.640047209871241 ], [ -70.965663439579941, 41.638821170435669 ], [ -70.965938660038233, 41.638147700179466 ], [ -70.966557959665025, 41.637560559909993 ], [ -70.96749840965505, 41.637232420319137 ], [ -70.968048870513798, 41.636853170021148 ], [ -70.968048669742828, 41.634590380506289 ], [ -70.967819229811781, 41.633726730017131 ], [ -70.967337500183646, 41.633053099830995 ], [ -70.967062220189348, 41.632569460042042 ], [ -70.966557570466634, 41.631567630548382 ], [ -70.966465779740346, 41.631049440319728 ], [ -70.966075790290546, 41.62970213987699 ], [ -70.966056510590079, 41.629562130043894 ], [ -70.965505480300379, 41.628490319878736 ], [ -70.96461009962492, 41.626813460462408 ], [ -70.964770750233853, 41.625655200360455 ], [ -70.966630120169413, 41.624929070269289 ], [ -70.966951490122071, 41.624738899732229 ], [ -70.967892609954646, 41.624202940248999 ], [ -70.968535270077865, 41.623269380248139 ], [ -70.968541308504072, 41.622995077521196 ], [ -70.968544050349294, 41.623006350364122 ], [ -70.969094850188995, 41.622349270093075 ], [ -70.969336792262027, 41.622174907859531 ], [ -70.970150610426714, 41.621588400185892 ], [ -70.971542029451044, 41.620935999563834 ], [ -70.97269067021881, 41.620243769881959 ], [ -70.973012210449895, 41.619759280330051 ], [ -70.971770520370228, 41.615537820099888 ], [ -70.971678369436077, 41.61443051980654 ], [ -70.971650445710026, 41.61437166520237 ], [ -70.972174517731958, 41.61392816786946 ], [ -70.972580664587113, 41.613528004098313 ], [ -70.972996382749002, 41.61326890454567 ], [ -70.973512647630258, 41.613038661542127 ], [ -70.974204999207714, 41.612788261356755 ], [ -70.974763027363366, 41.612639297674015 ], [ -70.975427039188091, 41.612500288761034 ], [ -70.975921893841033, 41.612396690046573 ], [ -70.976322802561441, 41.612312757101222 ], [ -70.976814532059961, 41.612209808188034 ], [ -70.9770479451673, 41.612179431618934 ], [ -70.977645669402776, 41.61212639974449 ], [ -70.978368848219617, 41.61206223218926 ], [ -70.978978285747431, 41.612008148625264 ], [ -70.97933348458487, 41.61202432365576 ], [ -70.980169032946009, 41.612373253468697 ], [ -70.980813397969726, 41.612784742116233 ], [ -70.981414027614875, 41.613049551913903 ], [ -70.981656209840367, 41.613220455441002 ], [ -70.981590712138882, 41.61283360673913 ], [ -70.981530991981984, 41.612530298068883 ], [ -70.98142980103016, 41.612234704493694 ], [ -70.981172584721122, 41.611968743815872 ], [ -70.980954318829248, 41.611733065171144 ], [ -70.980685574106445, 41.611429478327643 ], [ -70.980577864378986, 41.611180206976918 ], [ -70.980467561943527, 41.610835416131216 ], [ -70.980332132487746, 41.610468363908844 ], [ -70.980304403711685, 41.610069975111806 ], [ -70.980304326413886, 41.609696912280434 ], [ -70.980308329831971, 41.609307224789674 ], [ -70.980323732255542, 41.608863332289779 ], [ -70.980339134465524, 41.608419439788655 ], [ -70.980349876578117, 41.60795505699145 ], [ -70.980349761066847, 41.607422331563903 ], [ -70.980349703009608, 41.607155636612951 ], [ -70.980349596002014, 41.606658219194458 ], [ -70.98057206599907, 41.606166664202405 ], [ -70.980760655384771, 41.605678379898983 ], [ -70.980894958799993, 41.605196289477647 ], [ -70.98098631007629, 41.604713883000144 ], [ -70.981005743341612, 41.6042853745491 ], [ -70.981021350947785, 41.603823712349545 ], [ -70.980931265263678, 41.60312801983725 ], [ -70.980820055160336, 41.602678006236005 ], [ -70.980765564116069, 41.601939816719423 ], [ -70.980715942885965, 41.60129483850946 ], [ -70.980715806185813, 41.600708596892609 ], [ -70.980715662262995, 41.600087604607396 ], [ -70.980705934049709, 41.599704897970746 ], [ -70.980574068733858, 41.599298831253378 ], [ -70.980409590499903, 41.598792330366521 ], [ -70.980288601445849, 41.598419750936394 ], [ -70.980194490387376, 41.598000476047297 ], [ -70.980143348672058, 41.597414438662014 ], [ -70.980091876510784, 41.596824601983926 ], [ -70.980016269045493, 41.596369903750102 ], [ -70.979893294996728, 41.595973207413067 ], [ -70.979819971998111, 41.595538790403282 ], [ -70.979757975427134, 41.595171470273939 ], [ -70.979753958576339, 41.594552810201193 ], [ -70.979786692628622, 41.59411658637918 ], [ -70.97979557187756, 41.593700407195357 ], [ -70.97974382331661, 41.593323372174609 ], [ -70.979673755030561, 41.592888467558929 ], [ -70.979593084087767, 41.59236340001268 ], [ -70.979545599791564, 41.592006201546958 ], [ -70.979505111149479, 41.591528099357397 ], [ -70.979479180737073, 41.591022253255538 ], [ -70.979164867750882, 41.590214532475493 ], [ -70.978936464998796, 41.589331707999236 ], [ -70.978769871364491, 41.588783804944526 ], [ -70.978644528860485, 41.588371562250231 ], [ -70.978546505667111, 41.587999613864753 ], [ -70.978283405091361, 41.587489686726066 ], [ -70.977982274675583, 41.587014995739189 ], [ -70.977720303162371, 41.586513985203091 ], [ -70.977612464895827, 41.586100609900988 ], [ -70.977509983266486, 41.58558617830387 ], [ -70.977452686617767, 41.585327019079735 ], [ -70.977683030111422, 41.585233519784182 ], [ -70.978096219784604, 41.584714400411713 ], [ -70.97860111022348, 41.583710810409777 ], [ -70.978922310097261, 41.582811069826668 ], [ -70.978646179895847, 41.580907919557582 ], [ -70.978186650546476, 41.57990448962255 ], [ -70.977773109697495, 41.579108679982895 ], [ -70.977588890265508, 41.577274719689193 ], [ -70.977404809994724, 41.575856009858072 ], [ -70.97726655985538, 41.574125849758921 ], [ -70.977128599674685, 41.573399199641848 ], [ -70.976761109659734, 41.572880210342277 ], [ -70.976531430196772, 41.572568810223608 ], [ -70.976439369977939, 41.571738340340062 ], [ -70.97643900963277, 41.570388800086349 ], [ -70.976622520467956, 41.569835120380581 ], [ -70.976622299701503, 41.569004629952694 ], [ -70.976667850080219, 41.567689690018149 ], [ -70.976437969890597, 41.566513209866947 ], [ -70.975913734258157, 41.565967823606755 ], [ -70.975819548759318, 41.565845718954833 ], [ -70.97558226372945, 41.565622973645077 ], [ -70.975473530101326, 41.565509850087935 ], [ -70.975362091194, 41.565407238032002 ], [ -70.975232825080496, 41.565288211890724 ], [ -70.975370045241476, 41.564208339928065 ], [ -70.976045228475797, 41.563473913122472 ], [ -70.976751821458834, 41.563276107366178 ], [ -70.977244150691249, 41.562964076799645 ], [ -70.977761871749365, 41.562635947712195 ], [ -70.978186304403394, 41.56224406569045 ], [ -70.978652808735632, 41.561813331198572 ], [ -70.978717864361471, 41.561474660204858 ], [ -70.979093252606958, 41.561043978123188 ], [ -70.979713012742621, 41.560576818222629 ], [ -70.980447552948775, 41.560265378501441 ], [ -70.981159133060459, 41.560057738668725 ], [ -70.981601213794036, 41.559965917017493 ], [ -70.983910911482411, 41.559512976872277 ], [ -70.98420774139116, 41.559311346702614 ], [ -70.984624600760256, 41.5588624697819 ], [ -70.984824768352794, 41.558580452214308 ], [ -70.984903645996752, 41.558008081443738 ], [ -70.984815970607642, 41.557322180109551 ], [ -70.984701256118257, 41.556776207586744 ], [ -70.984515033400939, 41.555969960859478 ], [ -70.984386631294058, 41.555537006019755 ], [ -70.984070078477799, 41.554737446039603 ], [ -70.983813842894122, 41.554115621828281 ], [ -70.983683470504786, 41.553851740429614 ], [ -70.983517080792069, 41.553561204575914 ], [ -70.982988125556091, 41.552749503462231 ], [ -70.982536705517674, 41.552054942735374 ], [ -70.981938978408607, 41.551195000438369 ], [ -70.981735359525146, 41.550910782698772 ], [ -70.981321138725775, 41.550325392977967 ], [ -70.981110565547667, 41.54975814413401 ], [ -70.980803579081908, 41.548949416731517 ], [ -70.980661959622907, 41.54865707811723 ], [ -70.980305100244863, 41.548112108559593 ], [ -70.979801827609222, 41.547002708064703 ], [ -70.979922005590396, 41.546367438168204 ], [ -70.979829002817951, 41.545668249310424 ], [ -70.979746332708856, 41.545253791188635 ], [ -70.979256035760613, 41.544330450560786 ], [ -70.978845114143269, 41.543705937489563 ], [ -70.977366181659164, 41.541537047064892 ], [ -70.977429367545213, 41.541062623776853 ], [ -70.977500093596134, 41.540429078743969 ], [ -70.976587265126085, 41.540634791972607 ], [ -70.974800770298089, 41.540703355971537 ], [ -70.974358566530157, 41.540707609168543 ], [ -70.973783482888308, 41.540461786945052 ], [ -70.973581784588788, 41.540331948776675 ], [ -70.973279046044397, 41.540160626885218 ], [ -70.972801377711505, 41.539924040423791 ], [ -70.972160492424479, 41.53962077682111 ], [ -70.971687166071334, 41.539331472736748 ], [ -70.971447040311816, 41.539134070738008 ], [ -70.97133996816811, 41.538878695582724 ], [ -70.971349675451137, 41.53864730112015 ], [ -70.971376154540437, 41.538609003317909 ], [ -70.971361798989705, 41.538590445192014 ], [ -70.971398952653203, 41.53781965104811 ], [ -70.971592121969678, 41.537411886583946 ], [ -70.971813722817288, 41.53696424227708 ], [ -70.971722798107152, 41.536718559289945 ], [ -70.971559647619316, 41.536290996931278 ], [ -70.971344113419633, 41.535851949660788 ], [ -70.971316377141349, 41.535795449867074 ], [ -70.971294147864171, 41.535280464288142 ], [ -70.971350849671964, 41.534898300430655 ], [ -70.971810389695221, 41.534346230350174 ], [ -70.972085167917697, 41.534077994957805 ], [ -70.972452254845976, 41.53371964509185 ], [ -70.972729339746337, 41.533449149961342 ], [ -70.972909241057494, 41.532841830728991 ], [ -70.973097349522561, 41.53220679007709 ], [ -70.973521220084848, 41.532047662900617 ], [ -70.972749674838269, 41.53048455291021 ], [ -70.97955209002366, 41.52909013160825 ], [ -70.982426243261301, 41.525847622933888 ], [ -70.985600013866559, 41.521431109590267 ], [ -70.988071994593554, 41.521489931174678 ], [ -70.989858058102868, 41.524094599513738 ], [ -70.990575001752703, 41.525622444240284 ], [ -70.990596477779931, 41.5269089426465 ], [ -70.99112610494366, 41.528078609087714 ], [ -70.99149904162006, 41.528621393727136 ], [ -70.991692688730268, 41.528903229718964 ], [ -70.992156536564693, 41.529634034379967 ], [ -70.992477130532336, 41.530172479597148 ], [ -70.993303720107704, 41.530828079552208 ], [ -70.993994835200169, 41.531293652192161 ], [ -70.994635459676459, 41.531725199635666 ], [ -70.995829409891115, 41.532104689671243 ], [ -70.996640696990966, 41.532365896777236 ], [ -70.997557318900107, 41.532679840596039 ], [ -70.997653896734619, 41.53271291798027 ], [ -70.998582603999026, 41.533110356457307 ], [ -70.99950323976978, 41.533622670085897 ], [ -70.999510030070027, 41.533676162015944 ], [ -70.999559234157275, 41.53406377523055 ], [ -70.999733050007279, 41.534623370111333 ], [ -71.000187023838663, 41.534810929986357 ], [ -71.000651560435074, 41.535002850030892 ], [ -71.001753770191272, 41.535451310051606 ], [ -71.002442590011199, 41.535451209757198 ], [ -71.002878670186888, 41.534778240013289 ], [ -71.00337658944531, 41.534573097138484 ], [ -71.003819949961908, 41.534450270245422 ], [ -71.004107087194853, 41.534108477329106 ], [ -71.004370819618643, 41.533794539642578 ], [ -71.004829839606757, 41.533173320002014 ], [ -71.00568524770388, 41.532820612081274 ], [ -71.006253159856314, 41.532586439648171 ], [ -71.007459594876067, 41.532133747315882 ], [ -71.008763617025735, 41.531620514415955 ], [ -71.009237330484098, 41.531414350127555 ], [ -71.010614910099335, 41.531517729924673 ], [ -71.011407314835566, 41.531867901357344 ], [ -71.011430990541427, 41.53187836373737 ], [ -71.012249897317574, 41.532240236413728 ], [ -71.013348979083872, 41.532725898516851 ], [ -71.014518430120802, 41.533242629934101 ], [ -71.015217379798372, 41.533568995992049 ], [ -71.015352497435984, 41.533632086531583 ], [ -71.016217679722857, 41.534036059621094 ], [ -71.016952470342915, 41.534242990046565 ], [ -71.017480559852018, 41.533945217981959 ], [ -71.018054369677031, 41.53362166018065 ], [ -71.018599879287748, 41.533230300912223 ], [ -71.019157659721415, 41.532830129679702 ], [ -71.019433180433452, 41.532588529934579 ], [ -71.020305730116775, 41.532484960018103 ], [ -71.021178270396305, 41.53245040989637 ], [ -71.021534097071168, 41.532641392069024 ], [ -71.022059241533412, 41.532923246635256 ], [ -71.02249943703157, 41.533527400779903 ], [ -71.022976120054196, 41.534274845337222 ], [ -71.023199180271718, 41.534624600096073 ], [ -71.023629859270571, 41.534990773565596 ], [ -71.024260491378882, 41.53552694215378 ], [ -71.024944549949282, 41.536108520165072 ], [ -71.025524129406634, 41.536483485576873 ], [ -71.026118820055345, 41.536868219637768 ], [ -71.026598079722532, 41.537178270084041 ], [ -71.027073859318989, 41.537833537384813 ], [ -71.027321195774149, 41.538174176170912 ], [ -71.027700619835571, 41.538696720129956 ], [ -71.028288730111868, 41.539672920137626 ], [ -71.028573549843685, 41.540145680187848 ], [ -71.028987110059262, 41.541077339823893 ], [ -71.029506039690972, 41.541902627890288 ], [ -71.029572864447474, 41.542008901978143 ], [ -71.02994589194715, 41.542602134606149 ], [ -71.030549300359013, 41.543561720167027 ], [ -71.030757178710417, 41.543821911232364 ], [ -71.031062657632631, 41.544204259586486 ], [ -71.031642493032663, 41.544929986478948 ], [ -71.03206553031859, 41.545459450090945 ], [ -71.032231603705441, 41.545624596804132 ], [ -71.032231512916795, 41.545624598348837 ], [ -71.032598581247939, 41.54598981790091 ], [ -71.032859328438803, 41.546249247149383 ], [ -71.033196618991667, 41.546582514321429 ], [ -71.03324893733857, 41.546625894874801 ], [ -71.033374741854288, 41.546748317141279 ], [ -71.033743279801371, 41.54704715472446 ], [ -71.034077345947452, 41.547312771437056 ], [ -71.03413306046599, 41.547357070215213 ], [ -71.034376446478831, 41.547683677461613 ], [ -71.034947374120335, 41.548449807711037 ], [ -71.035420030441301, 41.549084050011693 ], [ -71.034960780428378, 41.549567219983878 ], [ -71.034515763727612, 41.549859823914851 ], [ -71.034225899738772, 41.550050410266365 ], [ -71.033800486836782, 41.550180660589952 ], [ -71.033380749310538, 41.550309171536064 ], [ -71.032894837761802, 41.550457939754793 ], [ -71.032217031920979, 41.550665454849934 ], [ -71.031716964016226, 41.550818550810476 ], [ -71.03120082787369, 41.550976562660985 ], [ -71.030468828050502, 41.551186474884211 ], [ -71.030091789734954, 41.551155039726773 ], [ -71.030438090640203, 41.551659895356472 ], [ -71.03087287938223, 41.552293739909302 ], [ -71.030634436622549, 41.55283873781341 ], [ -71.030451092046889, 41.55325779130655 ], [ -71.030204173242993, 41.553822145365828 ], [ -71.029970455290709, 41.554356313886473 ], [ -71.029770679465145, 41.554812900272523 ], [ -71.029770722352353, 41.555141589504153 ], [ -71.029770769517356, 41.555503060386769 ], [ -71.029945484249211, 41.556224494685367 ], [ -71.030046550281824, 41.556641810058814 ], [ -71.029831011367961, 41.55698188260881 ], [ -71.029587230014457, 41.557366510299666 ], [ -71.029032295199102, 41.557687201819789 ], [ -71.029016903333257, 41.557696096063701 ], [ -71.028742948033468, 41.557877933289873 ], [ -71.029126120534542, 41.558519520350579 ], [ -71.029181329394845, 41.558704470797259 ], [ -71.029449879928009, 41.560460999991669 ], [ -71.029595640905924, 41.560898631848829 ], [ -71.029924639938486, 41.56195022451061 ], [ -71.030047660026923, 41.562841979972795 ], [ -71.030051795058938, 41.562859045725901 ], [ -71.030338088086609, 41.564040602854455 ], [ -71.030415550034562, 41.564360289969152 ], [ -71.030938383866953, 41.564979993214131 ], [ -71.031588255692341, 41.56576579712906 ], [ -71.031646124050368, 41.565999418115851 ], [ -71.031715912927297, 41.566439013453106 ], [ -71.031849224344299, 41.567278710804956 ], [ -71.031959052426998, 41.567970483364427 ], [ -71.032030569196408, 41.568420936923083 ], [ -71.031976295976335, 41.568752357493658 ], [ -71.031386688834814, 41.569244524119817 ], [ -71.030592211770895, 41.569714108192599 ], [ -71.030010012709894, 41.569726670939708 ], [ -71.029315024526767, 41.569741664188697 ], [ -71.029630269929399, 41.569944700031925 ], [ -71.030447168116297, 41.570720955572476 ], [ -71.030663588771546, 41.571009860795179 ], [ -71.030734069950768, 41.571128589993528 ], [ -71.031055829942318, 41.571575960032696 ], [ -71.031099332365557, 41.571591536416314 ], [ -71.032400512181852, 41.572108213609035 ], [ -71.033746557447074, 41.572965537710822 ], [ -71.033861517058625, 41.573080281034095 ], [ -71.034382853464336, 41.573972392843174 ], [ -71.034497089989273, 41.574193302459264 ], [ -71.03457817216902, 41.574421351357671 ], [ -71.034779345016517, 41.575309774994686 ], [ -71.034956049026334, 41.575484132395772 ], [ -71.034962065742917, 41.575501054154103 ], [ -71.03501786459401, 41.575545126266391 ], [ -71.035285039981261, 41.575808749994884 ], [ -71.035465915825213, 41.575899011439951 ], [ -71.036004242048421, 41.576324191178777 ], [ -71.036270033936447, 41.576593041272325 ], [ -71.036917804698902, 41.577657974654116 ], [ -71.036918413552868, 41.577665256694758 ], [ -71.036540626934865, 41.578678124147132 ], [ -71.036434470015948, 41.578837060042282 ], [ -71.036703988869618, 41.57935577487693 ], [ -71.03730807001844, 41.580471650019796 ], [ -71.037859789928504, 41.580901789985859 ], [ -71.037977078266607, 41.580912760447724 ], [ -71.03822759000866, 41.580936190038713 ], [ -71.038802275037014, 41.580867335015462 ], [ -71.038948511152057, 41.580774416424099 ], [ -71.039564703345775, 41.580636133044351 ], [ -71.039997604818794, 41.580746825055208 ], [ -71.040355984343066, 41.580839385043433 ], [ -71.041127268345889, 41.581121180081176 ], [ -71.04215112734596, 41.581873076061122 ], [ -71.042989883988255, 41.582472221315449 ], [ -71.0436056609921, 41.583300164441901 ], [ -71.043674385912311, 41.583522497339608 ], [ -71.043685383488139, 41.583718007824238 ], [ -71.043691496308483, 41.583826677834139 ], [ -71.043653119942633, 41.584036389970841 ], [ -71.043883109935763, 41.584621390019706 ], [ -71.044072610921475, 41.584875203000543 ], [ -71.044426637744991, 41.585628395059778 ], [ -71.044478943111585, 41.585812244245709 ], [ -71.044481080037201, 41.586135499980891 ], [ -71.044481149946463, 41.586582870006183 ], [ -71.044702669566689, 41.586842541158134 ], [ -71.045441512855234, 41.587818199515546 ], [ -71.045475371735577, 41.587871603124583 ], [ -71.045653004154431, 41.588321919788733 ], [ -71.045672458195682, 41.588585881955858 ], [ -71.045265432289341, 41.58946943369353 ], [ -71.045148650938216, 41.589608190320703 ], [ -71.044277370356681, 41.59046876167632 ], [ -71.044070157729649, 41.590631636589762 ], [ -71.044056910142089, 41.590903032867381 ], [ -71.043932852852464, 41.591177220037387 ], [ -71.043780812664778, 41.591483432848293 ], [ -71.043562432339542, 41.591919324898917 ], [ -71.043562522781784, 41.592465556951673 ], [ -71.042413010458191, 41.592915029731486 ], [ -71.042196316624825, 41.592953784251193 ], [ -71.041228955019548, 41.593061372510448 ], [ -71.040790736714683, 41.593204547215784 ], [ -71.040786055336255, 41.593205990609405 ], [ -71.040389790010522, 41.593328129976889 ], [ -71.039723064979526, 41.593741119985182 ], [ -71.039337849796141, 41.594012491010126 ], [ -71.03933655773622, 41.594013210536296 ], [ -71.039336435434393, 41.594013487102472 ], [ -71.039332229991317, 41.594016450054582 ], [ -71.039320232882361, 41.594050126609687 ], [ -71.038778624472712, 41.595274862869772 ], [ -71.038596610041097, 41.595496240046472 ], [ -71.038511639354624, 41.595636152248289 ], [ -71.037915911529879, 41.596442285601945 ], [ -71.037814929945284, 41.59652865997046 ], [ -71.037585039983441, 41.597113689990266 ], [ -71.037421373617292, 41.597456679724843 ], [ -71.037355140046301, 41.597595479949995 ], [ -71.037539119994534, 41.598111765030552 ], [ -71.037694245200569, 41.598475453445488 ], [ -71.037922214726862, 41.599157952840649 ], [ -71.038083038384457, 41.60046686285007 ], [ -71.038182019736922, 41.601404396087446 ], [ -71.03818319005434, 41.601415479962839 ], [ -71.038546334498392, 41.60277370398294 ], [ -71.038562915011084, 41.603617130072543 ], [ -71.038269448973352, 41.604437748405545 ], [ -71.038255389741423, 41.604584286607938 ], [ -71.038216975944835, 41.604773819498156 ], [ -71.038197019803889, 41.60519266441225 ], [ -71.038183509964725, 41.605476199995636 ], [ -71.038183528108974, 41.605756990246029 ], [ -71.038205745459507, 41.606037747632278 ], [ -71.038207163948741, 41.606175126767489 ], [ -71.038456784846375, 41.607015341957734 ], [ -71.038522642967521, 41.607248967775249 ], [ -71.038664855279492, 41.608187511533743 ], [ -71.038331392009908, 41.608813141282802 ], [ -71.038095522468296, 41.609255658785614 ], [ -71.038137119467933, 41.609367968356075 ], [ -71.038236191786226, 41.609635460221632 ], [ -71.038231890285445, 41.609660693766607 ], [ -71.037506909710501, 41.610914420395041 ], [ -71.036311970332079, 41.612950870196073 ], [ -71.035806430263364, 41.613951820179615 ], [ -71.035944609793304, 41.614883640669539 ], [ -71.036128730377754, 41.615642900737299 ], [ -71.036164740520533, 41.615710432112749 ], [ -71.036220740196157, 41.615815450416065 ], [ -71.036037100452546, 41.616954399921511 ], [ -71.035945190244817, 41.617161490558267 ], [ -71.035071520268772, 41.617265150223382 ], [ -71.034657730227806, 41.617506800545755 ], [ -71.034473890068796, 41.61795549049593 ], [ -71.034566080314121, 41.618887320633121 ], [ -71.034704140003626, 41.619370489966037 ], [ -71.034543360435549, 41.62011253544307 ], [ -71.03415256007986, 41.62047497017705 ], [ -71.033738759512403, 41.620820150265843 ], [ -71.033278980037551, 41.621130819949954 ], [ -71.033049069446292, 41.621303420329951 ], [ -71.03304907970896, 41.62132068028528 ], [ -71.032635260039598, 41.621614079989314 ], [ -71.032589349493222, 41.622062750576113 ], [ -71.032359510412078, 41.622476930627919 ], [ -71.032175590006858, 41.622718540622856 ], [ -71.031577870526959, 41.623270810745524 ], [ -71.030842140138006, 41.623754070546831 ], [ -71.029593220419088, 41.624166320654339 ], [ -71.028628230241026, 41.624649479852962 ], [ -71.028138935231837, 41.625100601462499 ], [ -71.027558713868842, 41.625475809260031 ], [ -71.027111789746797, 41.625477730143537 ], [ -71.025962860110809, 41.625339769981331 ], [ -71.02320549033918, 41.625581430373238 ], [ -71.021734890439589, 41.62592652989774 ], [ -71.021139629046274, 41.626177946506999 ], [ -71.020039838217969, 41.626642444474022 ], [ -71.019528980055327, 41.626858200115393 ], [ -71.018701730098655, 41.627306780224309 ], [ -71.015714389467277, 41.628755960405208 ], [ -71.015201307682574, 41.629212475970867 ], [ -71.014473420248947, 41.629860100153863 ], [ -71.013921870272199, 41.630377660141249 ], [ -71.013183030021935, 41.631078221068101 ], [ -71.012094138141464, 41.631878744194481 ], [ -71.011531700505685, 41.632275340229533 ], [ -71.010106780297221, 41.63310337049424 ], [ -71.008405989668134, 41.634310920748987 ], [ -71.008038120656678, 41.635242540380069 ], [ -71.007854209668594, 41.635587580008107 ], [ -71.00674693591354, 41.636244187797949 ], [ -71.005877579462393, 41.636484530566086 ], [ -71.004509490403237, 41.636864050148638 ], [ -71.003820340288016, 41.637622820512327 ], [ -71.003912080390023, 41.638174740017263 ], [ -71.004692810349368, 41.638623270075968 ], [ -71.00552313998972, 41.639527726917485 ], [ -71.005611240115371, 41.639623690274526 ], [ -71.006024550309149, 41.640072160648984 ], [ -71.006299789612612, 41.641796890488394 ], [ -71.006483340296811, 41.642762730665446 ], [ -71.006505747915568, 41.642811129696696 ], [ -71.006850670077682, 41.643556129825733 ], [ -71.008008910493345, 41.644899707975391 ], [ -71.008503970547139, 41.645798399912223 ], [ -71.008779450476652, 41.646695270073025 ], [ -71.008657787643386, 41.647113734072697 ], [ -71.008319920399046, 41.64755756995131 ], [ -71.007814529445994, 41.647902459918782 ], [ -71.007079410330803, 41.648385300398402 ], [ -71.006276466877594, 41.648988009605631 ], [ -71.005326475438167, 41.649575258304743 ], [ -71.00532642012557, 41.649575291913386 ], [ -71.005241550037738, 41.649626859855012 ], [ -71.005149539467794, 41.65024773998185 ], [ -71.005361284132988, 41.650989894735851 ], [ -71.004459990558274, 41.652110320179155 ], [ -71.003541040126478, 41.652524120599359 ], [ -71.002440269830444, 41.653075890161709 ], [ -71.002026769422983, 41.653524250581491 ], [ -71.001934870445282, 41.653938109939268 ], [ -71.001649384903132, 41.653788078997572 ], [ -71.001199800030008, 41.653489730322718 ], [ -71.000730787004727, 41.65340847039672 ], [ -70.999178330050256, 41.653248250311442 ], [ -70.997754129932943, 41.652799820319984 ], [ -70.997794772118354, 41.653410853005504 ], [ -70.997662069941214, 41.654731200330723 ], [ -70.997891679928159, 41.655731980266765 ], [ -70.998856400024664, 41.657215050273209 ], [ -70.99900341294672, 41.657435781148202 ], [ -70.999040169945502, 41.657490969923124 ], [ -70.998902289555716, 41.658008299919629 ], [ -70.998856289805303, 41.658732560061928 ], [ -70.998442600373764, 41.660594950470141 ], [ -70.99825871011295, 41.661767560680033 ], [ -70.998442379894684, 41.663216100650871 ], [ -70.999472361180651, 41.664652637369507 ], [ -70.99972886018368, 41.665010370472778 ], [ -71.000693720471659, 41.667390130330958 ], [ -71.001597465700812, 41.669748238247216 ], [ -71.000644457709257, 41.670596390758853 ], [ -70.99977439941793, 41.671321840643003 ], [ -70.999314789776946, 41.672149560457392 ], [ -70.999176810499776, 41.673529110167244 ], [ -70.999774160108771, 41.675012150297903 ], [ -71.000233670440466, 41.676357240584558 ], [ -71.00064727956341, 41.676910059925959 ], [ -71.000785120079541, 41.677530860344675 ], [ -71.00050932028428, 41.678255129788255 ], [ -71.000555230015792, 41.679289790318762 ], [ -71.000909214863086, 41.680850660510906 ], [ -70.999635879890405, 41.681117670614654 ], [ -70.997843309741725, 41.6812900303917 ], [ -70.997061969497182, 41.681048569837905 ], [ -70.996345819565136, 41.680884971293246 ], [ -70.996004860583923, 41.680807080148185 ], [ -70.995637249576305, 41.680082780134946 ], [ -70.994764210475154, 41.678427250637363 ], [ -70.994442569635083, 41.677909890471881 ], [ -70.994085712892073, 41.677563263875427 ], [ -70.993661360289792, 41.677151069998501 ], [ -70.99301803952234, 41.676392249968139 ], [ -70.992512569563786, 41.675943860492993 ], [ -70.991777309897856, 41.67546092985895 ], [ -70.991524389622626, 41.675150243463321 ], [ -70.991271890179931, 41.674840070442869 ], [ -70.990076990346552, 41.674805449977661 ], [ -70.989663319917042, 41.674977840594252 ], [ -70.988606180460764, 41.675426060621092 ], [ -70.9886313069089, 41.676281455981041 ], [ -70.988651769817281, 41.676978070611852 ], [ -70.988651540437147, 41.677943760231798 ], [ -70.988662532098701, 41.678007090989013 ], [ -70.988789219992043, 41.678737020643858 ], [ -70.988671901006356, 41.67923537470768 ], [ -70.98865119975639, 41.679323309800779 ], [ -70.988467170026013, 41.680151020111019 ], [ -70.988328940372028, 41.681496070581737 ], [ -70.988466580185758, 41.682530760313398 ], [ -70.988787970033243, 41.684117299839649 ], [ -70.988925659785167, 41.684979529961346 ], [ -70.989247159683615, 41.686117710517713 ], [ -70.989476849402465, 41.686669560235735 ], [ -70.988695339805702, 41.687014350415154 ], [ -70.989568290210613, 41.688911350621069 ], [ -70.990073780007094, 41.689636659998328 ], [ -70.990188704954491, 41.689619435031382 ], [ -70.990303630315395, 41.689602209877009 ], [ -70.991039169975693, 41.689429840368398 ], [ -70.991371889525453, 41.689804394650238 ], [ -70.991498520448857, 41.691188830012912 ], [ -70.991452400437097, 41.691947580708664 ], [ -70.991360360603792, 41.692464900548629 ], [ -70.991038449803625, 41.693085670215154 ], [ -70.990302619835745, 41.694396160045883 ], [ -70.989980470168987, 41.695948120154483 ], [ -70.9899803894792, 41.696328200088097 ], [ -70.989676025293292, 41.69665515769865 ], [ -70.989290660452852, 41.696879930618877 ], [ -70.988462940390718, 41.697673060200174 ], [ -70.987727229781427, 41.698155819896805 ], [ -70.987221429591912, 41.69839715997098 ], [ -70.985842090488532, 41.698707350386023 ], [ -70.985198400475156, 41.698845200459886 ], [ -70.98464667052005, 41.698914090009382 ], [ -70.983773079677448, 41.699086380574478 ], [ -70.982779442730973, 41.699347232641507 ], [ -70.982716939686227, 41.699363640736578 ], [ -70.982119279700228, 41.699673990596892 ], [ -70.980923929749807, 41.700122240532295 ], [ -70.980837663240521, 41.700181965573542 ], [ -70.980326220132639, 41.700536050226233 ], [ -70.980274236385995, 41.700808767035809 ], [ -70.980050110054876, 41.701984550271611 ], [ -70.980049600105531, 41.704743660325036 ], [ -70.980583510224335, 41.706567181244168 ], [ -70.980968569594793, 41.707882249936738 ], [ -70.982002908439554, 41.709805735241304 ], [ -70.982439439546681, 41.710641489873581 ], [ -70.981979590285846, 41.710952230011763 ], [ -70.981335810383513, 41.71136609046507 ], [ -70.980232219582746, 41.711745420149775 ], [ -70.979220560625905, 41.71219373994051 ], [ -70.978760670055621, 41.712607610451741 ], [ -70.978806430092959, 41.71367692051124 ], [ -70.979265670219334, 41.716608949893867 ], [ -70.979429644443016, 41.717964182448959 ], [ -70.979495219708795, 41.718506140090788 ], [ -70.979809262213251, 41.720209247370995 ], [ -70.97990866013258, 41.720748280515522 ], [ -70.980230050411492, 41.723576809953194 ], [ -70.980308224107532, 41.723889749643931 ], [ -70.980643670393235, 41.72523255025132 ], [ -70.980726403924848, 41.726206855159461 ], [ -70.980765619585711, 41.726668651520626 ], [ -70.980781339453671, 41.726853780239487 ], [ -70.980275410123042, 41.727095179859191 ], [ -70.978757650253854, 41.727336480303265 ], [ -70.977056409626826, 41.727785150554752 ], [ -70.976970821366521, 41.727829279205501 ], [ -70.976851115734746, 41.727890998301334 ], [ -70.977281404777429, 41.727858794751086 ], [ -70.977894261896807, 41.727831861195412 ], [ -70.978274377795742, 41.727825104103133 ], [ -70.978280915459138, 41.727826220803209 ], [ -70.978522524361836, 41.727818051131052 ], [ -70.978569504793029, 41.727816242263593 ], [ -70.975412907306463, 41.729304451147755 ], [ -70.971332409895425, 41.731228122469773 ], [ -70.970949907824163, 41.732422664858341 ], [ -70.970768279262799, 41.732829867606036 ], [ -70.970483011369879, 41.732993398786284 ], [ -70.970218992076909, 41.732870080839454 ], [ -70.969830524533137, 41.732766351163406 ], [ -70.969331363983628, 41.732646978160332 ], [ -70.968869474686983, 41.732526696372197 ], [ -70.968326738639988, 41.732357595437563 ], [ -70.967644882769861, 41.732130001260138 ], [ -70.96754185754321, 41.732095612350257 ], [ -70.967116916778707, 41.732085791293258 ], [ -70.967087645788467, 41.732133103862012 ], [ -70.966905521048105, 41.732427481952463 ], [ -70.966738360488819, 41.732653502000701 ], [ -70.966662455316822, 41.732702857538222 ], [ -70.966662218883741, 41.732703125594476 ], [ -70.966661481636322, 41.73270349065001 ], [ -70.966475498707254, 41.732824421097227 ], [ -70.965766159824611, 41.733145227934806 ], [ -70.96529080582016, 41.733299016871904 ], [ -70.965194997676946, 41.733323957272034 ], [ -70.964867094198794, 41.733341878500326 ], [ -70.964637803824075, 41.733321172692378 ], [ -70.964121194408122, 41.733190440185098 ], [ -70.963326901404244, 41.733090990267584 ], [ -70.962529395677279, 41.733330868519793 ], [ -70.961955330306253, 41.733700189748014 ], [ -70.961755304104855, 41.734018827466841 ], [ -70.961755274185464, 41.73401887512761 ], [ -70.961339042748961, 41.734300523030484 ], [ -70.960944051779862, 41.734471974829056 ], [ -70.960665606059194, 41.734478489573405 ], [ -70.960320239582458, 41.734253471838834 ], [ -70.95911535122768, 41.733398617351583 ] ] ] } },
{ "type": "Feature", "properties": { "TMDL_BASIN": "West End Pond", "BBP_SYS_ID": "WESPND", "SHED_ACRES": 226.392, "HECTARES": 91.618, "DELIN_YEAR": 2023 }, "geometry": { "type": "Polygon", "coordinates": [ [ [ -70.930782753647421, 41.416604468053912 ], [ -70.932101869187321, 41.415047835301273 ], [ -70.934127745561142, 41.414075355842996 ], [ -70.936686338210862, 41.413239483248759 ], [ -70.939484123561627, 41.41218141531526 ], [ -70.940494244144745, 41.412007750817835 ], [ -70.943168225850968, 41.411529616825383 ], [ -70.94441563239279, 41.411357083407914 ], [ -70.946616488498634, 41.410697890192701 ], [ -70.948634337970972, 41.410618399442406 ], [ -70.949583552148326, 41.410623014796769 ], [ -70.950406087119376, 41.411564957223135 ], [ -70.950456622489824, 41.412592480381811 ], [ -70.950329938159442, 41.413529815437933 ], [ -70.949906985546818, 41.414421048172578 ], [ -70.949121643781282, 41.415785827552973 ], [ -70.949082172372684, 41.41580190638868 ], [ -70.948908703836494, 41.415834286306357 ], [ -70.948723105731062, 41.415830592335155 ], [ -70.948496081351792, 41.415790051566113 ], [ -70.948160143256771, 41.415688295331961 ], [ -70.947818213091821, 41.415532396940719 ], [ -70.947632406409397, 41.41546963619674 ], [ -70.947183575378588, 41.415435934488933 ], [ -70.946818356020387, 41.415401468761289 ], [ -70.946531284596801, 41.415361801343863 ], [ -70.946022895964703, 41.415341399614384 ], [ -70.945281487695993, 41.415393414903598 ], [ -70.9451855165578, 41.415385021799757 ], [ -70.944862438057669, 41.415332298605726 ], [ -70.944730864938904, 41.415319228854116 ], [ -70.944449421911926, 41.415306594702564 ], [ -70.944329420491741, 41.415260885344985 ], [ -70.943802817813761, 41.415423033783014 ], [ -70.943709229277175, 41.415494290762986 ], [ -70.943530348025817, 41.41558515964573 ], [ -70.94312022813439, 41.415928705078976 ], [ -70.942918987124031, 41.416280479126698 ], [ -70.942753202285118, 41.416501964219194 ], [ -70.942646942059909, 41.416714198009934 ], [ -70.942606024607727, 41.416867058911464 ], [ -70.942571468559521, 41.416920910862764 ], [ -70.942548711805628, 41.416965817196129 ], [ -70.942511600192717, 41.417052249797976 ], [ -70.942441505697502, 41.417273034743538 ], [ -70.94240619721478, 41.417358395747684 ], [ -70.942276627507141, 41.417665052918672 ], [ -70.942247990217012, 41.417863622697574 ], [ -70.94221919116363, 41.418011951262393 ], [ -70.942142418971002, 41.41816130416273 ], [ -70.94211931622722, 41.418287241640748 ], [ -70.942072489726783, 41.418431609843786 ], [ -70.942061427922354, 41.418562108429008 ], [ -70.941996374975631, 41.418670372222891 ], [ -70.941914603412442, 41.418940619503353 ], [ -70.941911893785942, 41.418949609817098 ], [ -70.941909184158945, 41.418958600130821 ], [ -70.94189768406352, 41.419098190243503 ], [ -70.941862042845457, 41.419139071380613 ], [ -70.941780354969111, 41.419440831798006 ], [ -70.941628612716229, 41.420040538236293 ], [ -70.941559975112511, 41.420436901259443 ], [ -70.941558341866511, 41.420445896870646 ], [ -70.941556349789067, 41.420454890713472 ], [ -70.941490495125294, 41.420806249121576 ], [ -70.941488742249135, 41.420815244142482 ], [ -70.941487228594767, 41.420824240342455 ], [ -70.941485475717741, 41.420833235363354 ], [ -70.941483847150735, 41.42084169077723 ], [ -70.941479738208031, 41.420858726600159 ], [ -70.9396516668196, 41.420177155655942 ], [ -70.936281355701823, 41.41882050929447 ], [ -70.933027090529905, 41.417776993176822 ], [ -70.930782753647421, 41.416604468053912 ] ] ] } },
{ "type": "Feature", "properties": { "TMDL_BASIN": "West Falmouth Harbor", "BBP_SYS_ID": "WFLHRB", "SHED_ACRES": 1880.323, "HECTARES": 760.9428, "DELIN_YEAR": 2023 }, "geometry": { "type": "Polygon", "coordinates": [ [ [ -70.59507024441325, 41.614058116070858 ], [ -70.595377593614245, 41.613773559361007 ], [ -70.595605513359061, 41.613537891974808 ], [ -70.595894160606576, 41.613249808575446 ], [ -70.596210620964115, 41.612983330208088 ], [ -70.596626339688072, 41.612617470175117 ], [ -70.596988131150439, 41.612353038256224 ], [ -70.597342543424318, 41.612106554655611 ], [ -70.597675590246681, 41.611832888265674 ], [ -70.598004238673653, 41.611551870243517 ], [ -70.598314108321844, 41.611272953314106 ], [ -70.59865909534436, 41.611002755351372 ], [ -70.598987228293041, 41.610757746567103 ], [ -70.599422603689078, 41.610484886388434 ], [ -70.599932318624923, 41.610204172073978 ], [ -70.600480240074305, 41.609898996854895 ], [ -70.600894758325339, 41.609722196541156 ], [ -70.601355600140181, 41.609503554683613 ], [ -70.601818744506744, 41.609280989920705 ], [ -70.602375720393056, 41.608997261807779 ], [ -70.602768184451079, 41.608734742358038 ], [ -70.603385307600675, 41.608412091628821 ], [ -70.60394204844421, 41.608144111134479 ], [ -70.604475617470442, 41.607843868540499 ], [ -70.604893678980346, 41.607599551619693 ], [ -70.605429965852395, 41.607292010259364 ], [ -70.605805034629896, 41.607065359641624 ], [ -70.606516159164656, 41.606666897632657 ], [ -70.607479740168728, 41.606014925337419 ], [ -70.60902353710739, 41.604965691495948 ], [ -70.610103100010903, 41.604191926990119 ], [ -70.610727180099445, 41.603740421598694 ], [ -70.611210529626817, 41.603461139447234 ], [ -70.61202728346403, 41.602874385442526 ], [ -70.612559020851307, 41.602538075195859 ], [ -70.613360671980629, 41.602011408159449 ], [ -70.6136539552503, 41.601839243486886 ], [ -70.614075158695925, 41.601552148850026 ], [ -70.614457387355174, 41.601345222273068 ], [ -70.614869997122796, 41.601136842833476 ], [ -70.615211373295168, 41.600929032785018 ], [ -70.616011396211604, 41.600490123758327 ], [ -70.61645516044949, 41.600278041754976 ], [ -70.616893924315022, 41.60007492318509 ], [ -70.617674538566945, 41.599655548041433 ], [ -70.618502789883649, 41.599233160677116 ], [ -70.618864443213198, 41.599075581892997 ], [ -70.619385036838693, 41.598835946843138 ], [ -70.619705542005292, 41.598726443020411 ], [ -70.620714518510425, 41.598298686703046 ], [ -70.621086423667379, 41.59810347601308 ], [ -70.621518875861398, 41.59786652599842 ], [ -70.621570204654844, 41.597841036325988 ], [ -70.621953279244977, 41.597650973938386 ], [ -70.62244655285096, 41.597461198666117 ], [ -70.623010819079198, 41.597287726230533 ], [ -70.623577209021192, 41.597123271394636 ], [ -70.624075130014589, 41.596949281962445 ], [ -70.624519708461662, 41.596810895361962 ], [ -70.624945215522786, 41.59669655840306 ], [ -70.625548128072083, 41.596491857110159 ], [ -70.62594491709477, 41.596366603177238 ], [ -70.627045660937995, 41.59599295835757 ], [ -70.627856029209411, 41.59574706962831 ], [ -70.628511050981388, 41.595540501725161 ], [ -70.629272792213641, 41.595369075671542 ], [ -70.629931278416564, 41.595237934613216 ], [ -70.63103950065819, 41.594972919317286 ], [ -70.631738677675287, 41.59482575930528 ], [ -70.632864937625385, 41.594611511582428 ], [ -70.6350605658251, 41.594147659303815 ], [ -70.635437477704315, 41.594076245065658 ], [ -70.635759625852671, 41.594007789535823 ], [ -70.636014293684468, 41.593995657632178 ], [ -70.636619797055445, 41.594039090040695 ], [ -70.636947535805447, 41.594056211469884 ], [ -70.637592664303398, 41.59413539284639 ], [ -70.637891269753169, 41.594200686815604 ], [ -70.638212778108993, 41.594290914659709 ], [ -70.63847054454672, 41.594382909277442 ], [ -70.638818047557393, 41.594491340458198 ], [ -70.638843057890881, 41.594512532723307 ], [ -70.638866967037799, 41.594532791890295 ], [ -70.639361446252465, 41.594665970679777 ], [ -70.639667297341134, 41.594722310852489 ], [ -70.640113531683753, 41.594763955740014 ], [ -70.640374684686904, 41.594771559330212 ], [ -70.640860428576332, 41.594745970350218 ], [ -70.641217989929189, 41.594691835847371 ], [ -70.641504904943702, 41.594694418312734 ], [ -70.641607762587768, 41.594695343937538 ], [ -70.641947236543245, 41.594732235767452 ], [ -70.642240660835753, 41.594733674962065 ], [ -70.642404621588042, 41.594731183637442 ], [ -70.642444351120432, 41.594741058983459 ], [ -70.642730895713669, 41.594767976816662 ], [ -70.642968344266322, 41.594922272953298 ], [ -70.643028511138169, 41.594991835167541 ], [ -70.643131493854654, 41.595110898699183 ], [ -70.643337792328623, 41.595268335619778 ], [ -70.643370431839855, 41.595316031602984 ], [ -70.643521907496321, 41.595580942202616 ], [ -70.643527995255639, 41.595591588826764 ], [ -70.643527941833014, 41.595595582514839 ], [ -70.643560988792728, 41.595675759852476 ], [ -70.643542995500866, 41.596152272187055 ], [ -70.643532582304729, 41.596219827321399 ], [ -70.643532713652988, 41.596219995455151 ], [ -70.643494561629097, 41.596466483501736 ], [ -70.643418649660134, 41.596740902581772 ], [ -70.643278315538467, 41.597248199138235 ], [ -70.643277893530765, 41.597249908745624 ], [ -70.643185971767778, 41.597622293349993 ], [ -70.643110764360927, 41.597836133399476 ], [ -70.643008100446082, 41.598057593158771 ], [ -70.64299689787525, 41.598081758500264 ], [ -70.643307679375425, 41.597995187794581 ], [ -70.644068169356657, 41.59774824490578 ], [ -70.644669236406656, 41.597571773542967 ], [ -70.64472785827239, 41.597554562128515 ], [ -70.644961505840953, 41.597517490925888 ], [ -70.645036981040363, 41.597525330444441 ], [ -70.645100730969006, 41.597517279229123 ], [ -70.64518453276159, 41.597540656314671 ], [ -70.645241875069317, 41.597546612279359 ], [ -70.645577961092755, 41.597613856058359 ], [ -70.645890788508666, 41.597682612255191 ], [ -70.646268030591372, 41.597727653404526 ], [ -70.646429779081984, 41.597776292646088 ], [ -70.646554014884018, 41.59781365127462 ], [ -70.646806769421687, 41.597917969604453 ], [ -70.646844409636856, 41.597936368488391 ], [ -70.647168524264004, 41.598099407349494 ], [ -70.647339636902075, 41.598185481157863 ], [ -70.647485672346065, 41.598282917749138 ], [ -70.647738599542564, 41.59845167264821 ], [ -70.647992207980977, 41.598646798002662 ], [ -70.647993297955168, 41.598647636620704 ], [ -70.648140857759543, 41.598854560382669 ], [ -70.648214722887516, 41.598957799215441 ], [ -70.648305102847459, 41.59920833687606 ], [ -70.648374187571008, 41.599378414111023 ], [ -70.648518665295327, 41.599702976412217 ], [ -70.648572391303162, 41.599827111972736 ], [ -70.648685264651775, 41.600162230075107 ], [ -70.6488340846048, 41.600472293656757 ], [ -70.648842878474099, 41.600512291527295 ], [ -70.648886754603296, 41.600711856134289 ], [ -70.648951819392423, 41.601062372800023 ], [ -70.648986261167167, 41.601404218866627 ], [ -70.648982632811411, 41.6016040481042 ], [ -70.64897926278482, 41.60178964893236 ], [ -70.648896836419866, 41.60201187986727 ], [ -70.648861251817152, 41.602055405348516 ], [ -70.648855960443854, 41.602075081260523 ], [ -70.6488133929182, 41.602113944084486 ], [ -70.648593870391778, 41.602314360305748 ], [ -70.648500494661491, 41.602399608501806 ], [ -70.648411507850142, 41.602480849512865 ], [ -70.648396938501108, 41.60252280691877 ], [ -70.648332337018175, 41.602599661550911 ], [ -70.648242702420546, 41.602801623060039 ], [ -70.64808191106458, 41.603163909094349 ], [ -70.648156582033153, 41.60338394066747 ], [ -70.648322791909337, 41.603655305618979 ], [ -70.648652426848813, 41.604238531767585 ], [ -70.649190796031917, 41.604320223049207 ], [ -70.649399787788539, 41.604334730780579 ], [ -70.649760563378649, 41.604380762266359 ], [ -70.649917248899428, 41.604381934472613 ], [ -70.650199892049741, 41.604411623110607 ], [ -70.650261597299647, 41.604424290372734 ], [ -70.650680682337722, 41.604510321903739 ], [ -70.650890339625278, 41.604615997041172 ], [ -70.651099625729074, 41.604749806414603 ], [ -70.651232437333562, 41.604911744386349 ], [ -70.651444468038491, 41.605149681990127 ], [ -70.651620626751651, 41.605374126796448 ], [ -70.651864679070655, 41.605813550732691 ], [ -70.651875207512774, 41.60582733544112 ], [ -70.651877382883342, 41.605830183615375 ], [ -70.651876531428258, 41.605831198407436 ], [ -70.651843492953788, 41.605870574720278 ], [ -70.651812606864283, 41.605907385699076 ], [ -70.651792604585282, 41.605931224995267 ], [ -70.650951701096844, 41.606933418914714 ], [ -70.650910449436807, 41.606982581928264 ], [ -70.650893410820132, 41.607012432782689 ], [ -70.650807726781835, 41.607113418261299 ], [ -70.650621355532465, 41.607427727121042 ], [ -70.650504678107467, 41.607693465944976 ], [ -70.650363502793113, 41.608014996860071 ], [ -70.650291200715515, 41.608208604376699 ], [ -70.650217850458574, 41.608452851340282 ], [ -70.650217336048399, 41.608459100854908 ], [ -70.650199873734323, 41.608480805701461 ], [ -70.650187066996949, 41.608606026413426 ], [ -70.650183881309388, 41.608637175102444 ], [ -70.650162046021308, 41.608727591753762 ], [ -70.650168100937393, 41.608762578029804 ], [ -70.650171487577751, 41.60878227503229 ], [ -70.65014686081885, 41.60882992446242 ], [ -70.650146894763139, 41.608829935459582 ], [ -70.650147242958141, 41.608829953145488 ], [ -70.650206362276649, 41.608834390573719 ], [ -70.650218026756733, 41.608976208375218 ], [ -70.650254355192189, 41.609204955732267 ], [ -70.650256490667516, 41.60946777505329 ], [ -70.650193341310754, 41.60967777065224 ], [ -70.650080146588991, 41.609901460668496 ], [ -70.650030021235963, 41.609938232015153 ], [ -70.64981512372151, 41.610095877477008 ], [ -70.649484196981149, 41.610187699370847 ], [ -70.649471380247689, 41.610195684720161 ], [ -70.649013410220888, 41.610321042683658 ], [ -70.648633035500296, 41.610370213778936 ], [ -70.648502538969225, 41.610387082773698 ], [ -70.648491336238067, 41.61039332104378 ], [ -70.648313356973659, 41.610422844797831 ], [ -70.647704347902007, 41.610433473463367 ], [ -70.64731720058144, 41.610394553563367 ], [ -70.646820761584578, 41.61037000613139 ], [ -70.646431013251757, 41.610357512851415 ], [ -70.645962322454679, 41.610360744736141 ], [ -70.645515600022151, 41.610347257410311 ], [ -70.644994634918419, 41.610362472727303 ], [ -70.644525380015168, 41.610407900577869 ], [ -70.644042067071766, 41.610439151905318 ], [ -70.643432155784538, 41.610489143287154 ], [ -70.642979318293044, 41.610540315990932 ], [ -70.642362932881113, 41.610709555531749 ], [ -70.641970442376689, 41.610845591909673 ], [ -70.641501712307814, 41.610991180543387 ], [ -70.640411370976636, 41.611191718809337 ], [ -70.639951425357197, 41.611241137496435 ], [ -70.639388583558684, 41.611330855864118 ], [ -70.638884881410206, 41.611427772549192 ], [ -70.638359135660451, 41.61157460454303 ], [ -70.637842607526593, 41.611732759026339 ], [ -70.637493346484575, 41.611831403813881 ], [ -70.637092425485903, 41.611924027827911 ], [ -70.636605797152882, 41.612005307134957 ], [ -70.636117094105884, 41.612073625370172 ], [ -70.635973313090133, 41.612087163858547 ], [ -70.635693313459214, 41.612220657372902 ], [ -70.635298942688522, 41.612383105797804 ], [ -70.634920599654023, 41.612552427856421 ], [ -70.634463130046726, 41.612750409058059 ], [ -70.634057401960789, 41.612948219928228 ], [ -70.633518959121872, 41.613172592360648 ], [ -70.633126986383687, 41.613323233884763 ], [ -70.632840914087041, 41.613433601421988 ], [ -70.632647423546359, 41.613490650890235 ], [ -70.632271003596813, 41.613683051629415 ], [ -70.63190912365782, 41.613826040256505 ], [ -70.631571127247113, 41.613921939293895 ], [ -70.631239449007182, 41.613994250155983 ], [ -70.630890501551448, 41.614095690969492 ], [ -70.630633871047053, 41.61413593446651 ], [ -70.630195519087337, 41.614166908331661 ], [ -70.629754656541081, 41.614189420044468 ], [ -70.629320358977495, 41.614197911604869 ], [ -70.628796414059011, 41.614181516141201 ], [ -70.628313380313401, 41.614162055539708 ], [ -70.627679380320117, 41.61421515449755 ], [ -70.627246850006287, 41.614231530196996 ], [ -70.626355841010962, 41.614297279439 ], [ -70.625205731771189, 41.61439141623687 ], [ -70.624064381887592, 41.614365743214996 ], [ -70.623162968559114, 41.614369484792284 ], [ -70.622225965691172, 41.614343681368553 ], [ -70.621308114585688, 41.614261180528629 ], [ -70.620475185567457, 41.614219847465272 ], [ -70.619574540320031, 41.614167854248819 ], [ -70.618548653877426, 41.614089558891095 ], [ -70.617546868313582, 41.614058149656309 ], [ -70.616928915118422, 41.614061791270558 ], [ -70.61631058755188, 41.614065426614808 ], [ -70.615111750840654, 41.614103370187003 ], [ -70.613991837138755, 41.614154859663159 ], [ -70.612991861398115, 41.614263549277851 ], [ -70.611723341679735, 41.61443203421296 ], [ -70.610360697512348, 41.614735954015458 ], [ -70.609105074452074, 41.615054202532647 ], [ -70.608126951442713, 41.615341975605894 ], [ -70.607088491525317, 41.615734500771012 ], [ -70.605860074310939, 41.616169416925231 ], [ -70.604907554377249, 41.616527707849251 ], [ -70.603903451881123, 41.616873766435255 ], [ -70.602806499961119, 41.617262415209645 ], [ -70.601705205063269, 41.617772573476977 ], [ -70.601225053844317, 41.617973619238775 ], [ -70.600556778587503, 41.618273344235455 ], [ -70.599817998613617, 41.61860008182115 ], [ -70.599255314557141, 41.618909639494568 ], [ -70.598494765450027, 41.619316669556461 ], [ -70.597677295071108, 41.619797525975358 ], [ -70.596868531828335, 41.620271692774963 ], [ -70.595984023239367, 41.620851048858469 ], [ -70.595237308027905, 41.621363964840221 ], [ -70.594423386549423, 41.62188196813397 ], [ -70.593399944551308, 41.622550800603626 ], [ -70.592506382519659, 41.62326174189436 ], [ -70.59142460964857, 41.624047706411247 ], [ -70.590851636230084, 41.624520901821391 ], [ -70.590079360956707, 41.625111239966422 ], [ -70.589445271120312, 41.6256087003174 ], [ -70.58890992939034, 41.626018033835322 ], [ -70.588559460843641, 41.626374823091759 ], [ -70.587971967988295, 41.626916543694676 ], [ -70.587415140213238, 41.627384786954494 ], [ -70.586866064389454, 41.627782183015533 ], [ -70.586458581651755, 41.628190843961271 ], [ -70.586006759250495, 41.628578887917683 ], [ -70.585473825889181, 41.62907882814693 ], [ -70.58490648330573, 41.629624071928276 ], [ -70.584342882194278, 41.630221679082197 ], [ -70.583852744317554, 41.630716891833416 ], [ -70.583227755642554, 41.631226209484375 ], [ -70.582653600628163, 41.631773075650358 ], [ -70.582219922739498, 41.632252417294495 ], [ -70.581543722114063, 41.632852478429548 ], [ -70.580859398096251, 41.633521125815498 ], [ -70.580483267797831, 41.63393508418568 ], [ -70.580073479278497, 41.634342015976962 ], [ -70.579604501288429, 41.634795738423989 ], [ -70.579211011346246, 41.63516396918525 ], [ -70.578998684086258, 41.635349083347052 ], [ -70.578781961811401, 41.635526845722325 ], [ -70.57865415677243, 41.635617342538588 ], [ -70.578809957016674, 41.635431967301436 ], [ -70.579669430958475, 41.634271215572596 ], [ -70.57997922966662, 41.63369746400847 ], [ -70.580258589484018, 41.633049182018397 ], [ -70.580743238613621, 41.632234296399822 ], [ -70.581194071334409, 41.631501297426134 ], [ -70.581256157401185, 41.631387850295546 ], [ -70.581269300708072, 41.631360644541793 ], [ -70.581693629085578, 41.63048224917592 ], [ -70.581764820613344, 41.630324083813818 ], [ -70.581806904216705, 41.630232980980097 ], [ -70.582006837571029, 41.629955791150749 ], [ -70.582177526582797, 41.629743323291741 ], [ -70.582343984508256, 41.629485800813207 ], [ -70.58291754439368, 41.628848328367361 ], [ -70.58316697351114, 41.628479486254548 ], [ -70.583570353200543, 41.627913795857303 ], [ -70.583893001998405, 41.627459441298789 ], [ -70.584293028035518, 41.626943806395005 ], [ -70.584647699570951, 41.626426116682616 ], [ -70.585013691137618, 41.625929338870051 ], [ -70.585221062756844, 41.625536518298802 ], [ -70.585427156840282, 41.625206715373537 ], [ -70.585748817641516, 41.624793428745946 ], [ -70.585997908063462, 41.624445962548904 ], [ -70.586230555052936, 41.624094424379926 ], [ -70.586492142804701, 41.623738053564153 ], [ -70.586690009592942, 41.623458267296904 ], [ -70.586923736620435, 41.623161886182942 ], [ -70.587167202187516, 41.622866145563918 ], [ -70.587449167089972, 41.622552705446246 ], [ -70.587634371137241, 41.622318961633908 ], [ -70.587822510632421, 41.622063293745427 ], [ -70.587970627658208, 41.621774102054097 ], [ -70.588138177507147, 41.621463118733885 ], [ -70.588293095577797, 41.621196491296672 ], [ -70.588494821966918, 41.620828943612032 ], [ -70.588689244340785, 41.620500166937063 ], [ -70.588933452561122, 41.620150967170254 ], [ -70.589143127299536, 41.619883089249193 ], [ -70.589377301514517, 41.619579953843335 ], [ -70.589714637159688, 41.619220806216795 ], [ -70.590043534471462, 41.618927432071942 ], [ -70.590380151212571, 41.618618361715889 ], [ -70.590769438170199, 41.618270319079627 ], [ -70.591106000007429, 41.617964622703454 ], [ -70.591507964574618, 41.617568282297611 ], [ -70.591793976702633, 41.617283564465971 ], [ -70.592056541518261, 41.616986278090565 ], [ -70.592318147064248, 41.616730064365946 ], [ -70.592538406194592, 41.61653373441824 ], [ -70.592905613536374, 41.616233905046109 ], [ -70.593165098668479, 41.615968105717918 ], [ -70.59353828988327, 41.615589536822121 ], [ -70.593976860614575, 41.615174346303775 ], [ -70.594306067925217, 41.614856201537258 ], [ -70.59454917328037, 41.614581264584174 ], [ -70.594805932445681, 41.614321630172476 ], [ -70.59507024441325, 41.614058116070858 ] ] ] } },
{ "type": "Feature", "properties": { "TMDL_BASIN": "Weweantic River", "BBP_SYS_ID": "WEERIV", "SHED_ACRES": 54646.492, "HECTARES": 22114.7392, "DELIN_YEAR": 2023 }, "geometry": { "type": "Polygon", "coordinates": [ [ [ -70.726749936563266, 41.935884025344571 ], [ -70.726533732743377, 41.935285850500541 ], [ -70.725623196278676, 41.932766534834066 ], [ -70.724840871523199, 41.929532746612637 ], [ -70.724514093441044, 41.926533307276891 ], [ -70.724409118346955, 41.923850987950765 ], [ -70.725190410989711, 41.920539268773716 ], [ -70.726226213292193, 41.917588263500164 ], [ -70.726307070441266, 41.917194320823242 ], [ -70.726646865664591, 41.915969666222466 ], [ -70.726966429114043, 41.914399949577827 ], [ -70.727037439798281, 41.914051129778777 ], [ -70.727057415260376, 41.912404699123059 ], [ -70.726699786011267, 41.911578994749874 ], [ -70.725604365021155, 41.911022340539503 ], [ -70.724508956323206, 41.910466238484041 ], [ -70.723410226584704, 41.910184155846395 ], [ -70.72194762235452, 41.909625531009851 ], [ -70.720848918453896, 41.909343423706751 ], [ -70.718295215947649, 41.909325969674811 ], [ -70.71711705746722, 41.909633015303072 ], [ -70.716059581434195, 41.910408542450824 ], [ -70.715317983013932, 41.910952117163482 ], [ -70.71494397943583, 41.911498777698924 ], [ -70.714466892957901, 41.912355745888931 ], [ -70.713828339257162, 41.912589001944028 ], [ -70.713052811656567, 41.912885332041043 ], [ -70.712693535403389, 41.913123312587409 ], [ -70.711253100732634, 41.9128452960027 ], [ -70.708685026089327, 41.912553475691723 ], [ -70.707586330435987, 41.912271240852903 ], [ -70.706355099548531, 41.912078285173685 ], [ -70.705752784342522, 41.91198388645433 ], [ -70.704654104477527, 41.911702186078053 ], [ -70.703926111143133, 41.91114788124267 ], [ -70.703198122233417, 41.910594134419732 ], [ -70.702466716936584, 41.910314412266132 ], [ -70.70212378711787, 41.909789888222377 ], [ -70.702106355344839, 41.909763225411339 ], [ -70.702126973688053, 41.908116798572053 ], [ -70.702504497326402, 41.907296150466685 ], [ -70.702882010034884, 41.906475501046799 ], [ -70.703623670674176, 41.905931444213721 ], [ -70.703997517797148, 41.905386245610245 ], [ -70.705000639088226, 41.904896300616841 ], [ -70.705480986418905, 41.904297812754486 ], [ -70.705855021899552, 41.903751745566325 ], [ -70.704756490545719, 41.903469483285811 ], [ -70.704028583347935, 41.902915741400243 ], [ -70.703668257119759, 41.902363996436307 ], [ -70.702580054410703, 41.901259061800644 ], [ -70.701488455518316, 41.900428146221337 ], [ -70.70076405433376, 41.899599791141249 ], [ -70.69930496595336, 41.898766280934517 ], [ -70.698913103547042, 41.898467661718648 ], [ -70.698577542900665, 41.898211944027089 ], [ -70.697969427715449, 41.897516486829801 ], [ -70.697853205951745, 41.897383570333716 ], [ -70.697677697748759, 41.897294390541909 ], [ -70.696758273917752, 41.896827201453178 ], [ -70.695844682899491, 41.895898849534447 ], [ -70.695670292666634, 41.895721637763266 ], [ -70.694482943723997, 41.89481629628456 ], [ -70.694189999097532, 41.894507499848757 ], [ -70.693919489752673, 41.894184453659435 ], [ -70.693649241376818, 41.893880729353015 ], [ -70.693359447324355, 41.89350980652636 ], [ -70.69303153786035, 41.893167875931503 ], [ -70.692761920667337, 41.892911611571371 ], [ -70.692568735512324, 41.892683742785614 ], [ -70.69233759732127, 41.892484304840146 ], [ -70.692086534116072, 41.892227938929359 ], [ -70.69185048975406, 41.891914832652979 ], [ -70.691518217458679, 41.891590571163476 ], [ -70.691256442197115, 41.891297740270332 ], [ -70.690986507194239, 41.89107016902782 ], [ -70.690793776929013, 41.890842018974027 ], [ -70.690600660042719, 41.890585166129085 ], [ -70.690292092280075, 41.890271782858918 ], [ -70.690060366407323, 41.889986518212197 ], [ -70.689713580023465, 41.889673424877849 ], [ -70.689289948975286, 41.889303510757948 ], [ -70.68821032913452, 41.886258816414866 ], [ -70.688035721028996, 41.885569690343161 ], [ -70.687711062186466, 41.883755586859515 ], [ -70.68768550425186, 41.883319129604843 ], [ -70.687038563484933, 41.882072176842492 ], [ -70.686996052237987, 41.879058634169454 ], [ -70.687269090602868, 41.878622471743697 ], [ -70.688594525766234, 41.876554093317544 ], [ -70.690929525199422, 41.873780744771317 ], [ -70.691467472749608, 41.873113055155905 ], [ -70.692825425946623, 41.871452624417365 ], [ -70.695051907942457, 41.869326086960506 ], [ -70.695506655383426, 41.86893331033194 ], [ -70.697405783201731, 41.867322599883458 ], [ -70.698515385857306, 41.866039236589529 ], [ -70.699560174965555, 41.864830779259073 ], [ -70.702118941933776, 41.861973753491753 ], [ -70.702411097887264, 41.861449963802386 ], [ -70.702540324137459, 41.86090199204051 ], [ -70.703194007946436, 41.860003202000549 ], [ -70.704081376033287, 41.858762991645925 ], [ -70.704269477411202, 41.858398387307005 ], [ -70.704753590379369, 41.857601319704933 ], [ -70.705795401001794, 41.856236388917473 ], [ -70.706697106323986, 41.855064867733439 ], [ -70.707392857183592, 41.854463654100144 ], [ -70.70790663588599, 41.85373538879675 ], [ -70.708865325324453, 41.852895858566164 ], [ -70.710704325276254, 41.851364886006877 ], [ -70.712201717411858, 41.85024318150397 ], [ -70.713343665972118, 41.849416314491158 ], [ -70.713823791618253, 41.848927923954513 ], [ -70.714057121195594, 41.848609355038811 ], [ -70.714262540809258, 41.848073329742007 ], [ -70.71451284759236, 41.847617657804264 ], [ -70.715105481699524, 41.846684075750062 ], [ -70.715664843720063, 41.845967525132409 ], [ -70.715991167218021, 41.845546677320328 ], [ -70.716750279054438, 41.844751449569202 ], [ -70.717632262275288, 41.84391132014855 ], [ -70.718452497722652, 41.843116500483248 ], [ -70.719307633345906, 41.841967432572147 ], [ -70.719837304327442, 41.841170614033821 ], [ -70.720197372232889, 41.840486982492358 ], [ -70.720709215759868, 41.839895866417457 ], [ -70.721314045954998, 41.839202469022894 ], [ -70.722303338220811, 41.838328732038107 ], [ -70.723353901345888, 41.837443968961161 ], [ -70.724280174028536, 41.836718439390012 ], [ -70.724960130894374, 41.836128447840743 ], [ -70.725871631611497, 41.835357065640338 ], [ -70.726567125417944, 41.834744300359191 ], [ -70.727524592112331, 41.833961781981515 ], [ -70.727792382215696, 41.833678519946261 ], [ -70.72854650810244, 41.832905254616726 ], [ -70.729284138491963, 41.832180290975543 ], [ -70.730156241356497, 41.831280943037008 ], [ -70.731130140220742, 41.830395591911973 ], [ -70.731778427058487, 41.829885390962914 ], [ -70.732505342588865, 41.829192757135203 ], [ -70.733019043473149, 41.828430076158966 ], [ -70.733284288466251, 41.827985899224345 ], [ -70.733465616296044, 41.827691910142953 ], [ -70.733985534892753, 41.826881427618979 ], [ -70.735059807903411, 41.82526488486117 ], [ -70.735325848410525, 41.824752099364979 ], [ -70.73600220161444, 41.823167183948939 ], [ -70.736286932954485, 41.822368649160346 ], [ -70.736577436011572, 41.821539822074371 ], [ -70.736666792250148, 41.821284878648179 ], [ -70.737064521845369, 41.819983963371278 ], [ -70.737176714216602, 41.819550188269538 ], [ -70.737730277403031, 41.817998745404942 ], [ -70.737848562416261, 41.817750328147369 ], [ -70.73815361858972, 41.817109653584204 ], [ -70.738493694712176, 41.816533314068053 ], [ -70.738838694183556, 41.816062219555562 ], [ -70.739566057532542, 41.815312370320598 ], [ -70.739890704529557, 41.815005793470078 ], [ -70.7407976423072, 41.81457731049246 ], [ -70.741812370338877, 41.814080927530725 ], [ -70.74241156791733, 41.813821908522328 ], [ -70.742810171151817, 41.813721642588632 ], [ -70.743346599017997, 41.813599419840607 ], [ -70.743714631737689, 41.813498947874741 ], [ -70.744160842424549, 41.81325033970041 ], [ -70.744762323290757, 41.812796930316424 ], [ -70.745024175391094, 41.812627141071161 ], [ -70.745443187935479, 41.812092475609404 ], [ -70.745676901381245, 41.811716670978846 ], [ -70.746003527299123, 41.811238566557059 ], [ -70.746344081679126, 41.810874902002062 ], [ -70.746854770718045, 41.810340837450092 ], [ -70.747459710874935, 41.809590129848829 ], [ -70.747708820276344, 41.809202988345724 ], [ -70.747834047706164, 41.808952247031939 ], [ -70.748118568168593, 41.808153682050964 ], [ -70.7482944881327, 41.807491619227768 ], [ -70.748420787204026, 41.807149405384394 ], [ -70.748474799862251, 41.806912830987095 ], [ -70.748598047562027, 41.806373001772826 ], [ -70.74862746579646, 41.805172533291845 ], [ -70.748569452430431, 41.804113669563634 ], [ -70.748839925843797, 41.803006876296656 ], [ -70.749170522453568, 41.801742010203974 ], [ -70.749668928087516, 41.800788802182609 ], [ -70.750168265812604, 41.79941432104539 ], [ -70.750454447071533, 41.798211289291743 ], [ -70.750734787609957, 41.79629199717975 ], [ -70.750725692911686, 41.794323976651526 ], [ -70.750599835311334, 41.792930874313427 ], [ -70.750427670957492, 41.791532974977926 ], [ -70.750181018067764, 41.79014532190272 ], [ -70.749742192103682, 41.788606459352508 ], [ -70.749051096085353, 41.786918495255222 ], [ -70.748350227789118, 41.785439054918136 ], [ -70.747671534435796, 41.784034860045331 ], [ -70.746843521655379, 41.782913245284576 ], [ -70.746121153521145, 41.78226478727197 ], [ -70.745354044266762, 41.781281809809336 ], [ -70.745183315907695, 41.780615827726947 ], [ -70.745239743863237, 41.778962743895725 ], [ -70.745407489232804, 41.777686456973377 ], [ -70.744621250409224, 41.776853312624638 ], [ -70.744071521820587, 41.776255522566643 ], [ -70.743567039778071, 41.77552264526863 ], [ -70.743456061928214, 41.77524363717172 ], [ -70.743264004925948, 41.774751281036743 ], [ -70.743297396088195, 41.773740206686448 ], [ -70.742644195834899, 41.772632015946883 ], [ -70.742010558786006, 41.772100517408816 ], [ -70.740742936202153, 41.771195815253961 ], [ -70.739747748343063, 41.77054407879185 ], [ -70.739256276802493, 41.769947008924461 ], [ -70.73923999947452, 41.769362980065083 ], [ -70.738775114101529, 41.768630069175366 ], [ -70.737954060029281, 41.768207826646439 ], [ -70.738207099373739, 41.767298010051881 ], [ -70.738505260098222, 41.766411572285001 ], [ -70.738678889907391, 41.765463959547304 ], [ -70.738117019547019, 41.764570685531886 ], [ -70.737285311250133, 41.763954825435832 ], [ -70.73632675893225, 41.763380825042013 ], [ -70.735308581323793, 41.762766450445696 ], [ -70.734368652709747, 41.762209633938589 ], [ -70.73323182345824, 41.761272728377911 ], [ -70.732431657469149, 41.760805744444205 ], [ -70.731350045316333, 41.758765496708229 ], [ -70.731155970421966, 41.75798564605654 ], [ -70.73123569940617, 41.757031875374409 ], [ -70.731274631740561, 41.756423883852307 ], [ -70.731421105716279, 41.755715582917134 ], [ -70.731954957478621, 41.754913485875221 ], [ -70.732384829589648, 41.754344820721847 ], [ -70.732648678072522, 41.75381635296997 ], [ -70.732657010611334, 41.753073599348795 ], [ -70.732405814380797, 41.752396247257444 ], [ -70.731998688835574, 41.75194632946242 ], [ -70.731744916375789, 41.751751112302273 ], [ -70.73107366434715, 41.751195228784468 ], [ -70.730802626469796, 41.750636362572216 ], [ -70.73067705895771, 41.750228904793673 ], [ -70.730522692278711, 41.749904913244187 ], [ -70.729915056783668, 41.749391003972356 ], [ -70.729906934085108, 41.749092780735829 ], [ -70.729796873515696, 41.748556626073103 ], [ -70.72989214200814, 41.748281818264374 ], [ -70.730089963425257, 41.74789063590341 ], [ -70.730368957650981, 41.74763084199148 ], [ -70.732320289560647, 41.746707473872519 ], [ -70.732924881289406, 41.74613309771771 ], [ -70.73345689884232, 41.745475594327687 ], [ -70.733933574027489, 41.744831489147991 ], [ -70.734328895306191, 41.744069767427462 ], [ -70.734944247294678, 41.742593347485489 ], [ -70.735210498665552, 41.742047513850792 ], [ -70.735542636196172, 41.741389073996075 ], [ -70.736124204405613, 41.740032676354851 ], [ -70.736231919999796, 41.739482494556015 ], [ -70.736284143824705, 41.738959485871959 ], [ -70.736423880330705, 41.738037657656719 ], [ -70.736488421698212, 41.737253052010296 ], [ -70.736560753719829, 41.736770617304479 ], [ -70.736322669767503, 41.7364326525216 ], [ -70.736032456422379, 41.736114035910198 ], [ -70.735685989998714, 41.735809842709457 ], [ -70.734407139830509, 41.735222262306777 ], [ -70.733454974442012, 41.734924914593293 ], [ -70.732915620436188, 41.734680566229635 ], [ -70.732450199404553, 41.734415715701616 ], [ -70.731593482563056, 41.733783563263223 ], [ -70.730609309277014, 41.732931079091635 ], [ -70.729516520207426, 41.732308735791889 ], [ -70.728354021624597, 41.731034817901893 ], [ -70.727847200608394, 41.730349747850902 ], [ -70.727404885129928, 41.729671918803263 ], [ -70.727097942653927, 41.729146512993239 ], [ -70.726790317612398, 41.728690111026104 ], [ -70.72650685789398, 41.728381802601582 ], [ -70.726291001456474, 41.728150043322657 ], [ -70.725599534260567, 41.72765582129076 ], [ -70.724743078229821, 41.727067760979452 ], [ -70.724348116144625, 41.726713759789469 ], [ -70.72408853810272, 41.726282260960062 ], [ -70.72382832086798, 41.726011360587826 ], [ -70.723607228456416, 41.725681520874012 ], [ -70.723182788333133, 41.725463265695652 ], [ -70.722944689625479, 41.72500436675881 ], [ -70.722687941776172, 41.72473699962736 ], [ -70.722526134027163, 41.724453397981847 ], [ -70.72230627222693, 41.724156737847743 ], [ -70.721932558250245, 41.723947105085323 ], [ -70.721187994036853, 41.722895100237864 ], [ -70.71503540899316, 41.711128855899986 ], [ -70.715023942342953, 41.710839526747471 ], [ -70.715280319858238, 41.710614307445184 ], [ -70.715290667982146, 41.71033681643884 ], [ -70.715689043944252, 41.710217707292962 ], [ -70.715896873431674, 41.709892584358741 ], [ -70.716090702180082, 41.709588302888662 ], [ -70.716257769875853, 41.709327271243197 ], [ -70.716493772684046, 41.709074761118003 ], [ -70.716848019807472, 41.709010982867504 ], [ -70.717251997139684, 41.708908059695283 ], [ -70.717781343209921, 41.708755115350534 ], [ -70.718349772832596, 41.708630011375625 ], [ -70.718690344300967, 41.708537808768135 ], [ -70.719221318164387, 41.708427778106945 ], [ -70.719789840835219, 41.708307404038209 ], [ -70.720169246122794, 41.708344022580221 ], [ -70.721421694761744, 41.709142772622791 ], [ -70.722833848012883, 41.709877904979251 ], [ -70.723245328548614, 41.710740489989838 ], [ -70.724701940714198, 41.711645663975212 ], [ -70.725892421232047, 41.712168882643944 ], [ -70.726761957141065, 41.712211234626849 ], [ -70.728049043526681, 41.712392727505538 ], [ -70.729656116230856, 41.71261162391842 ], [ -70.731304840839471, 41.7131379729042 ], [ -70.732772755483097, 41.713561086114531 ], [ -70.733094785827234, 41.71374533393238 ], [ -70.733504536184327, 41.713984311582067 ], [ -70.734729690680993, 41.715125359973186 ], [ -70.736094049473877, 41.716442804712727 ], [ -70.737049613293252, 41.717105882599164 ], [ -70.737688333167796, 41.717936030254947 ], [ -70.738686108612043, 41.718597275418816 ], [ -70.73946010886425, 41.719566950405301 ], [ -70.74091585740112, 41.720986938384854 ], [ -70.741630453868069, 41.72126551154242 ], [ -70.741439233001202, 41.722294589253899 ], [ -70.742126229797307, 41.723546354532438 ], [ -70.743151298959589, 41.723985382044717 ], [ -70.742934723712196, 41.724271851971217 ], [ -70.742863026674627, 41.724532063738756 ], [ -70.74298844708035, 41.724788228139765 ], [ -70.743288483689398, 41.725032030447601 ], [ -70.743528866946875, 41.72526588364623 ], [ -70.743798862579325, 41.725460722081948 ], [ -70.744149084922483, 41.725655795785542 ], [ -70.744462215018032, 41.725878592402914 ], [ -70.744775617691815, 41.726131134944119 ], [ -70.745110642962928, 41.726425058679332 ], [ -70.745440773426353, 41.726634110246763 ], [ -70.745716819987265, 41.726857883147552 ], [ -70.745990754200378, 41.727082299883023 ], [ -70.746419241237888, 41.727418565536716 ], [ -70.7465820696478, 41.727644456529774 ], [ -70.746743333492788, 41.727870268517009 ], [ -70.747077121185598, 41.728193627923531 ], [ -70.747589367347658, 41.728685838448662 ], [ -70.747925203715496, 41.728993851438894 ], [ -70.748274106169518, 41.72921723768836 ], [ -70.748630572747061, 41.729554329385586 ], [ -70.748865670674931, 41.72977958798203 ], [ -70.749027438059557, 41.730004788465408 ], [ -70.749296837254889, 41.73025539189252 ], [ -70.749902926724403, 41.730743103467915 ], [ -70.750212359850153, 41.73096839904187 ], [ -70.750447636048804, 41.73119413402334 ], [ -70.750625904746045, 41.731420338824847 ], [ -70.750923301409557, 41.731687388286112 ], [ -70.751196505076095, 41.732497148195101 ], [ -70.751282779873137, 41.733232179625411 ], [ -70.75152025660681, 41.734560513459492 ], [ -70.751668519144928, 41.735389798179703 ], [ -70.752394559722958, 41.735769368631793 ], [ -70.752962124423959, 41.735683523138491 ], [ -70.753724254627869, 41.735427904816845 ], [ -70.755151401158727, 41.735105555116867 ], [ -70.757787281700146, 41.734198764383542 ], [ -70.758736850086976, 41.733980029169075 ], [ -70.759087595285791, 41.73389923159592 ], [ -70.759851325212153, 41.733501428453259 ], [ -70.760270437545685, 41.732817073907455 ], [ -70.760437074540121, 41.732083692886029 ], [ -70.760560600085626, 41.731258126423484 ], [ -70.761158431132841, 41.731104037702949 ], [ -70.76172645855614, 41.730966474264818 ], [ -70.762067261543351, 41.730875268562166 ], [ -70.762485543043155, 41.730840274990925 ], [ -70.763016112714766, 41.730717656512304 ], [ -70.763396542552783, 41.730683258714755 ], [ -70.763768146564459, 41.730636093913752 ], [ -70.76556984777028, 41.730773032716534 ], [ -70.766665177025061, 41.730635507796826 ], [ -70.767317354615287, 41.729868591325172 ], [ -70.768678819996609, 41.728961645452728 ], [ -70.769588280043322, 41.728196368428634 ], [ -70.769836979555407, 41.728001785249084 ], [ -70.770626928143557, 41.727383717068456 ], [ -70.772828962445445, 41.726096546924424 ], [ -70.774194649604667, 41.724804005268943 ], [ -70.774594839856718, 41.723553494796519 ], [ -70.775372766798952, 41.723028307449383 ], [ -70.775496421018332, 41.722346072542535 ], [ -70.775187589201209, 41.721979248554732 ], [ -70.774926297497188, 41.721595175490172 ], [ -70.774718484175139, 41.721360843353601 ], [ -70.774460334127411, 41.721191843842512 ], [ -70.774083942184774, 41.721098603101495 ], [ -70.77354236500058, 41.721088733309848 ], [ -70.772910883006801, 41.721135911406456 ], [ -70.772286857898749, 41.721171316134594 ], [ -70.771904435063249, 41.721173813116231 ], [ -70.771366681715733, 41.720861182703445 ], [ -70.770715999142553, 41.720419117286418 ], [ -70.770288323756333, 41.720201431129105 ], [ -70.769729118826618, 41.720036922870243 ], [ -70.769246558633938, 41.719816001600272 ], [ -70.769138777682457, 41.719483721137621 ], [ -70.769332934469944, 41.719089304852609 ], [ -70.769687707690352, 41.718578842803502 ], [ -70.770177703325928, 41.718156260335292 ], [ -70.770762410040518, 41.71778980525427 ], [ -70.771638757759149, 41.717311142415703 ], [ -70.772193809585488, 41.716896310263884 ], [ -70.773105505067164, 41.715999103686968 ], [ -70.773620921530139, 41.715249896929308 ], [ -70.774054537252738, 41.714543098338702 ], [ -70.77430813368278, 41.713721696838306 ], [ -70.774463037645944, 41.713032296259783 ], [ -70.774642865365294, 41.712421092967126 ], [ -70.774769859964451, 41.711825717415095 ], [ -70.774795101136007, 41.711295399584074 ], [ -70.774710699330953, 41.710851237798423 ], [ -70.774568749047162, 41.710504810960416 ], [ -70.774351628434829, 41.70994969098988 ], [ -70.774158422476404, 41.709636701233897 ], [ -70.773403949900057, 41.708952097813629 ], [ -70.772736806200356, 41.708150997363042 ], [ -70.772174185815302, 41.707586349368995 ], [ -70.771818475860627, 41.707201973770644 ], [ -70.77148579190802, 41.706889775141633 ], [ -70.771145351941428, 41.706549951585856 ], [ -70.770827138231283, 41.706204079234872 ], [ -70.770677581987982, 41.705868853378767 ], [ -70.770541859613573, 41.705456620570644 ], [ -70.770531881457146, 41.705018288495701 ], [ -70.770571440430018, 41.704526037896969 ], [ -70.770648948575271, 41.70407942117059 ], [ -70.770828176337659, 41.703478988439812 ], [ -70.770962576969524, 41.702822878456416 ], [ -70.771171738638614, 41.701576973764382 ], [ -70.770627344697004, 41.701272069575637 ], [ -70.770287125971791, 41.70098176574475 ], [ -70.770142206706225, 41.700734918997142 ], [ -70.77005531226196, 41.700437234859599 ], [ -70.770035384800451, 41.70001568138705 ], [ -70.770211872511695, 41.699600083929795 ], [ -70.770475132146373, 41.6992787910158 ], [ -70.770991038295818, 41.698853623359582 ], [ -70.771553375184425, 41.698488031050452 ], [ -70.772015665485725, 41.698250254054656 ], [ -70.77247494845669, 41.698114356817648 ], [ -70.772870893474447, 41.698258356108255 ], [ -70.773226765794206, 41.698381020397726 ], [ -70.774367444902794, 41.698733821473724 ], [ -70.774911785847124, 41.698852652573507 ], [ -70.77567569933575, 41.69887721293086 ], [ -70.776255334741236, 41.69883025392339 ], [ -70.776820810241091, 41.69870660925092 ], [ -70.777281267791636, 41.698528479974719 ], [ -70.777646667809805, 41.698361669258674 ], [ -70.778104137847606, 41.698159811640615 ], [ -70.778768548528419, 41.698174860032275 ], [ -70.779284938555449, 41.698492140198354 ], [ -70.779758918655162, 41.698941956179162 ], [ -70.780180846319425, 41.6993638666831 ], [ -70.780528558390699, 41.699758857672059 ], [ -70.780921777505569, 41.700230667694726 ], [ -70.781262363850914, 41.700592409714638 ], [ -70.781573540855675, 41.700948900391069 ], [ -70.781869437741335, 41.701228761193576 ], [ -70.782223598292589, 41.701435832528347 ], [ -70.78263542704552, 41.701505957794701 ], [ -70.783339848624053, 41.701431612079723 ], [ -70.784153776774701, 41.701301114146489 ], [ -70.785012189177223, 41.701170889880196 ], [ -70.78553956683092, 41.701030703198406 ], [ -70.786074379833678, 41.70084556148295 ], [ -70.786541593056086, 41.700595823405479 ], [ -70.786869008530203, 41.700346408767217 ], [ -70.787068187283666, 41.700110026831091 ], [ -70.787355161351996, 41.699904803649531 ], [ -70.788035153304392, 41.699951251441021 ], [ -70.788403318047855, 41.70009874071647 ], [ -70.788757561558953, 41.700350248548546 ], [ -70.789017385226629, 41.70063549254435 ], [ -70.789284362084757, 41.700986621085271 ], [ -70.789618393197117, 41.701452966320325 ], [ -70.789937323937465, 41.701842683808636 ], [ -70.790249138051095, 41.702281877038182 ], [ -70.790569625266826, 41.702819602784963 ], [ -70.790823147144593, 41.703352971179733 ], [ -70.791011542030077, 41.703919134909739 ], [ -70.791108987127444, 41.704171848966197 ], [ -70.791471678115443, 41.704528070189859 ], [ -70.791922613308444, 41.704883713762271 ], [ -70.792910867152415, 41.705424459487972 ], [ -70.793766373800111, 41.705883338531635 ], [ -70.794370948703147, 41.706183651565702 ], [ -70.79484354592644, 41.706484269265843 ], [ -70.795280149476568, 41.706933787904006 ], [ -70.795712020071349, 41.707608933776143 ], [ -70.796009868055521, 41.708180267923311 ], [ -70.796331008039218, 41.708768064665342 ], [ -70.796517453635118, 41.709124867964938 ], [ -70.796622512525232, 41.709422080493766 ], [ -70.796772261557777, 41.709795538741417 ], [ -70.797112599322475, 41.71004749679944 ], [ -70.797605658683381, 41.710215422786383 ], [ -70.79823838385137, 41.710334124025131 ], [ -70.798892489906635, 41.710386550279367 ], [ -70.799494949816619, 41.710389133959971 ], [ -70.800059582671594, 41.71033126884015 ], [ -70.80064568722986, 41.710146916700126 ], [ -70.801565336270585, 41.709830946682679 ], [ -70.801872900840323, 41.709535270197513 ], [ -70.802548119863545, 41.708469720075506 ], [ -70.803221300553417, 41.70717291743555 ], [ -70.803490749133758, 41.70670397861457 ], [ -70.803853806316681, 41.706294908965461 ], [ -70.804283536594482, 41.705918032600877 ], [ -70.804651725053503, 41.705638317156925 ], [ -70.805047112585015, 41.705243814569876 ], [ -70.804972692223245, 41.704798309865986 ], [ -70.80514529779559, 41.704462947006149 ], [ -70.805452343090323, 41.704263360794933 ], [ -70.805935880715836, 41.704095800766908 ], [ -70.806455970996538, 41.703950408229289 ], [ -70.806887224998604, 41.703739194744799 ], [ -70.807325368731597, 41.703428979654177 ], [ -70.80789245890459, 41.702721691217555 ], [ -70.808291862259281, 41.702191206270598 ], [ -70.808574810473843, 41.701787754094404 ], [ -70.808784734836962, 41.701401302643582 ], [ -70.809029465534323, 41.700816415581905 ], [ -70.809253145624922, 41.700320312875327 ], [ -70.809335195986947, 41.699755001068084 ], [ -70.809295182975163, 41.699226900874933 ], [ -70.809194413079936, 41.698633163262656 ], [ -70.809181879134584, 41.698014596907022 ], [ -70.809688047985844, 41.696053971684321 ], [ -70.809926011969665, 41.694897601110434 ], [ -70.809804960507392, 41.69432966993638 ], [ -70.809400751598858, 41.693434152192481 ], [ -70.809287449846607, 41.693010848160846 ], [ -70.80925354571194, 41.692465911782719 ], [ -70.809049980402889, 41.691850165813179 ], [ -70.808684238974308, 41.691114133811475 ], [ -70.808297430116824, 41.690504588627789 ], [ -70.807851565151921, 41.689889618234041 ], [ -70.80739097663195, 41.689231225563944 ], [ -70.806929666369982, 41.68848447664125 ], [ -70.806675891089867, 41.687984907177466 ], [ -70.806540025096723, 41.687550770675756 ], [ -70.80645611715785, 41.687154091434522 ], [ -70.806464450011802, 41.686715730863511 ], [ -70.806786649997676, 41.68643482246928 ], [ -70.809835235856099, 41.683774609904255 ], [ -70.81016690252963, 41.68355293075529 ], [ -70.810614363756912, 41.683513015087883 ], [ -70.811084155196198, 41.683560316856799 ], [ -70.811724837594625, 41.683771844623777 ], [ -70.812159496895632, 41.683962427641326 ], [ -70.812630699531567, 41.684158294393839 ], [ -70.813042777525297, 41.684250258417777 ], [ -70.813615789879634, 41.684280727957443 ], [ -70.814261393976153, 41.684244666298667 ], [ -70.814822668845395, 41.684255677144897 ], [ -70.815191096794862, 41.684327735912376 ], [ -70.815748198510249, 41.684552037922529 ], [ -70.816188189758535, 41.684905888113796 ], [ -70.816345242509129, 41.685196269012337 ], [ -70.816422018357414, 41.686011070672784 ], [ -70.816484787281212, 41.686407032508981 ], [ -70.816605086788456, 41.686813961733378 ], [ -70.816786132722925, 41.687336028157908 ], [ -70.817053544067875, 41.687890975430221 ], [ -70.817504371162087, 41.688890544547142 ], [ -70.818327898700261, 41.690228557121046 ], [ -70.818758475709345, 41.690613381222825 ], [ -70.819045823777003, 41.690783525867971 ], [ -70.819450313124236, 41.69098254759092 ], [ -70.819707332816165, 41.691215537953667 ], [ -70.819900133539562, 41.691542558087491 ], [ -70.820395599861754, 41.692219137880684 ], [ -70.820823501778861, 41.692658511313311 ], [ -70.821756043401862, 41.693862606579629 ], [ -70.822498117748836, 41.695226670453707 ], [ -70.823067766164371, 41.696255749674897 ], [ -70.823897165174031, 41.69738397282854 ], [ -70.824350827909001, 41.697959473531235 ], [ -70.824763523110477, 41.698355099425733 ], [ -70.82501001783578, 41.698666498025922 ], [ -70.825247062243548, 41.698913287450779 ], [ -70.825571435762953, 41.69920443989637 ], [ -70.826089560795594, 41.699780373138978 ], [ -70.826285099916788, 41.700075995313114 ], [ -70.827042342777332, 41.701036033728862 ], [ -70.828264143146768, 41.702396221869861 ], [ -70.829053499604527, 41.703448811733601 ], [ -70.829534069060145, 41.703947884142806 ], [ -70.829970471852462, 41.704381651296593 ], [ -70.830299372039093, 41.704785361718599 ], [ -70.830601042324801, 41.705040651243273 ], [ -70.831035441061232, 41.705179674413834 ], [ -70.831381527228004, 41.70526049114568 ], [ -70.831812120172259, 41.70540582297852 ], [ -70.832304029091233, 41.70571991349469 ], [ -70.832573380472851, 41.70614124100738 ], [ -70.832837569629078, 41.706421291087914 ], [ -70.833054178953532, 41.706677437166739 ], [ -70.833275670743106, 41.706875125261831 ], [ -70.833563596163728, 41.707110369554414 ], [ -70.833852036899742, 41.707330217122653 ], [ -70.834194941420122, 41.707608552842572 ], [ -70.834277228205593, 41.708208207390236 ], [ -70.834245677750019, 41.708674276318305 ], [ -70.834329755783685, 41.708965741459366 ], [ -70.834665854232256, 41.709112448455613 ], [ -70.835073226109031, 41.709166995619675 ], [ -70.835520102055838, 41.709144538062709 ], [ -70.835902021307177, 41.709103998953623 ], [ -70.836330485935392, 41.709083986944833 ], [ -70.836951586842545, 41.709223816753983 ], [ -70.837306688825393, 41.709470112344292 ], [ -70.83776594900894, 41.709974183411781 ], [ -70.838121010972102, 41.710397175431368 ], [ -70.838651386587955, 41.711296697297342 ], [ -70.839294016459064, 41.712499620356915 ], [ -70.839929451103075, 41.713801539479903 ], [ -70.841119662310149, 41.716295728863983 ], [ -70.841455885112211, 41.7169763342146 ], [ -70.841594855988617, 41.717501471054554 ], [ -70.841560977753844, 41.718099013240789 ], [ -70.841525641573696, 41.719013048022909 ], [ -70.841622738371285, 41.720348568258075 ], [ -70.841836477093466, 41.720988592953816 ], [ -70.84209198401291, 41.721614706832938 ], [ -70.842309057156513, 41.722125799922694 ], [ -70.842592557785395, 41.722587192654707 ], [ -70.842831075324142, 41.722949283469703 ], [ -70.842995341829493, 41.723300816061247 ], [ -70.843154496200938, 41.72375025826296 ], [ -70.843092500794327, 41.724301650902106 ], [ -70.842816771391554, 41.724698709778529 ], [ -70.842349102589665, 41.72499468121584 ], [ -70.841889014103117, 41.725259842799105 ], [ -70.841251870439663, 41.725512077372727 ], [ -70.840923019895129, 41.725657953646078 ], [ -70.84053585911218, 41.725950666664929 ], [ -70.84018564763646, 41.7262274156 ], [ -70.839769448085988, 41.726515925068185 ], [ -70.839390575429078, 41.7268203858875 ], [ -70.839011879939207, 41.7271748339911 ], [ -70.838793435154173, 41.727467787503947 ], [ -70.838592100693688, 41.727754810938606 ], [ -70.838491646284226, 41.728129086419486 ], [ -70.838494294633733, 41.728482121273892 ], [ -70.838534059437109, 41.728889280377743 ], [ -70.838601119066894, 41.729360391072866 ], [ -70.838776265095944, 41.729714092612916 ], [ -70.839273876771358, 41.730284219212159 ], [ -70.839866714156344, 41.730908918344191 ], [ -70.840349579720154, 41.73149020933942 ], [ -70.840750605389971, 41.73199505507673 ], [ -70.841589047947892, 41.732937987032408 ], [ -70.842422862420378, 41.734150436385661 ], [ -70.843509602565064, 41.736579284311603 ], [ -70.843757956105208, 41.737232926496105 ], [ -70.844468486941196, 41.738644420785036 ], [ -70.845418543279493, 41.740697117754458 ], [ -70.845868430153217, 41.741594452241216 ], [ -70.84627144299624, 41.742319318734346 ], [ -70.84659960404511, 41.74285186151883 ], [ -70.847892699427902, 41.744436620294522 ], [ -70.848436689934246, 41.74530409522766 ], [ -70.848824107901891, 41.745834446359297 ], [ -70.849409789633512, 41.746346902537425 ], [ -70.849336844094665, 41.746629866989707 ], [ -70.849235904819295, 41.747023951972253 ], [ -70.849651566156709, 41.747784913975558 ], [ -70.849874940424684, 41.748506186841652 ], [ -70.850141873085747, 41.749069834831687 ], [ -70.85059437984134, 41.749724225029702 ], [ -70.850606365794931, 41.750043794399652 ], [ -70.851266392781483, 41.750700798108149 ], [ -70.851883308213871, 41.751443630510984 ], [ -70.852665531043513, 41.752541126149943 ], [ -70.852810269533123, 41.752890076450576 ], [ -70.852561512801529, 41.753281277244952 ], [ -70.85213442864972, 41.753593702296946 ], [ -70.851807729730965, 41.753727423794906 ], [ -70.850601967516425, 41.753770693722501 ], [ -70.849926712833238, 41.753816412191632 ], [ -70.849571939198213, 41.753845783031402 ], [ -70.848554444055083, 41.753930011411825 ], [ -70.847747816530898, 41.754010128864188 ], [ -70.847165687970929, 41.754103863822444 ], [ -70.846837284636919, 41.754177193831303 ], [ -70.846070631058154, 41.754358897704151 ], [ -70.845434514250854, 41.754565914023743 ], [ -70.845161667362788, 41.75481315630369 ], [ -70.845045384270449, 41.755105094026135 ], [ -70.845010535586596, 41.755451691864728 ], [ -70.845034573962565, 41.755963403709032 ], [ -70.845205570194508, 41.757295844004489 ], [ -70.845452856504494, 41.758378898056712 ], [ -70.845832836120351, 41.758787850048684 ], [ -70.846164192116916, 41.759109904575858 ], [ -70.846206852526024, 41.759480282409484 ], [ -70.845952784022941, 41.759781295053919 ], [ -70.84544931291002, 41.759883640119909 ], [ -70.844911681201296, 41.760078547188414 ], [ -70.844553013480962, 41.760255318419425 ], [ -70.844159166561255, 41.760542517895196 ], [ -70.843929241449956, 41.760745511582044 ], [ -70.843633224848446, 41.761013628489948 ], [ -70.84250757161162, 41.762115425899047 ], [ -70.841722099533612, 41.76324389426351 ], [ -70.841403630907934, 41.763716665558128 ], [ -70.841287408829174, 41.764184390972048 ], [ -70.841309148084022, 41.764664274160026 ], [ -70.841270266550197, 41.76515081394966 ], [ -70.841254951832809, 41.765678207103946 ], [ -70.841333234500738, 41.766191433871725 ], [ -70.841391877293376, 41.766454872113755 ], [ -70.841548400410986, 41.767118171975348 ], [ -70.841649775869342, 41.767500578132044 ], [ -70.842216563101161, 41.768890595989618 ], [ -70.842741559799606, 41.76952138557111 ], [ -70.843148289030466, 41.770519142972944 ], [ -70.842938860088566, 41.770896037221497 ], [ -70.843697915586048, 41.771749768306179 ], [ -70.843683679200993, 41.77258015611563 ], [ -70.842285127068067, 41.772784018281307 ], [ -70.841153918061096, 41.773236784483551 ], [ -70.840049070590226, 41.772936284817789 ], [ -70.839001414253318, 41.771831258101855 ], [ -70.838287354134238, 41.770689163526733 ], [ -70.837759087331889, 41.770857863181838 ], [ -70.837012765909819, 41.770986623481171 ], [ -70.836639119236636, 41.770824924307533 ], [ -70.83677408415322, 41.770057429623719 ], [ -70.835503443154821, 41.770101356685046 ], [ -70.834258575807809, 41.770237120540202 ], [ -70.832356760647755, 41.770709870102245 ], [ -70.830470500976034, 41.770752286958164 ], [ -70.830149024476825, 41.770957028984057 ], [ -70.829927850931753, 41.771211384901413 ], [ -70.82964621385797, 41.771515281322216 ], [ -70.829429044751294, 41.771762486318643 ], [ -70.829231600936538, 41.772099820996203 ], [ -70.829060869037235, 41.772339739446537 ], [ -70.828911203330961, 41.772570142400077 ], [ -70.828539262701128, 41.772899024810762 ], [ -70.828160641091927, 41.77320503876863 ], [ -70.827957682860259, 41.773498945628553 ], [ -70.828162296988779, 41.77371606280969 ], [ -70.829312773793006, 41.775495589376767 ], [ -70.83087052906248, 41.77654560765054 ], [ -70.831268704597747, 41.776970678792111 ], [ -70.831626770588841, 41.777362600858375 ], [ -70.831964409466579, 41.777708754727996 ], [ -70.83250371359604, 41.778333570718942 ], [ -70.834297847356126, 41.780192521840277 ], [ -70.835043507898931, 41.780965079182003 ], [ -70.83514338886016, 41.781444491947433 ], [ -70.835841463623254, 41.782603704669853 ], [ -70.835559643263124, 41.78344238015783 ], [ -70.835708276427567, 41.784155736755899 ], [ -70.835324809700623, 41.784761503177094 ], [ -70.835091188107441, 41.785586920564754 ], [ -70.833497440774352, 41.78668113613405 ], [ -70.833040030451386, 41.786935118664367 ], [ -70.832568113281013, 41.787197152467407 ], [ -70.831290892792026, 41.787906311310763 ], [ -70.830755252012224, 41.788300550303802 ], [ -70.830448050696234, 41.788678228615908 ], [ -70.830789697725848, 41.789065583998166 ], [ -70.831052229809401, 41.789352275939791 ], [ -70.831229439170627, 41.789587326750585 ], [ -70.831533014691644, 41.789754703088398 ], [ -70.831937107201824, 41.789994828043561 ], [ -70.832185574792618, 41.790259863304712 ], [ -70.832446052024224, 41.790514349617062 ], [ -70.832760076078912, 41.790769339845532 ], [ -70.832989025380286, 41.790961698039375 ], [ -70.833360594273174, 41.791234413238016 ], [ -70.833603500818029, 41.791480439713112 ], [ -70.833887502326931, 41.791654213226018 ], [ -70.834157003322986, 41.791823482984711 ], [ -70.834465961721421, 41.792078893364433 ], [ -70.834776035745691, 41.792419938885999 ], [ -70.835042723324548, 41.792660210296589 ], [ -70.83535090273044, 41.793032606391137 ], [ -70.835524240480765, 41.793459266931798 ], [ -70.835682785542829, 41.793887586106862 ], [ -70.835825021232623, 41.794320556090518 ], [ -70.836012763177578, 41.794710569003605 ], [ -70.836193638468814, 41.795027360802337 ], [ -70.836350691672251, 41.795285086592415 ], [ -70.836481636243917, 41.795533050326469 ], [ -70.836337578670339, 41.795802764690947 ], [ -70.835970300036337, 41.796046694170627 ], [ -70.83568691389695, 41.796252616800508 ], [ -70.835654936969959, 41.796717089981726 ], [ -70.835754406448558, 41.797180011663869 ], [ -70.835869316356082, 41.797551498912618 ], [ -70.835972244761905, 41.798079303043281 ], [ -70.8360711815738, 41.798346823197733 ], [ -70.836081951943555, 41.798651117715927 ], [ -70.836086557886759, 41.798994600220347 ], [ -70.836091617528737, 41.79936669103472 ], [ -70.836095046531952, 41.799624443438489 ], [ -70.836099106230549, 41.799939035701797 ], [ -70.836177462732451, 41.800307133606907 ], [ -70.836129789815701, 41.80058973661037 ], [ -70.836113031450211, 41.800941065650726 ], [ -70.836167412834158, 41.801197968049095 ], [ -70.836197142038841, 41.801529665043496 ], [ -70.836201673607817, 41.80187572114999 ], [ -70.836206351899278, 41.802200164823212 ], [ -70.836210050889733, 41.802486336843543 ], [ -70.836275465007162, 41.802875315899556 ], [ -70.836296589240732, 41.803232474086158 ], [ -70.836300900112761, 41.803573693628557 ], [ -70.836383151088086, 41.80400250716179 ], [ -70.836469284148336, 41.804360320581814 ], [ -70.836552560900543, 41.804759259686705 ], [ -70.83665912502083, 41.805147129830651 ], [ -70.836734775470902, 41.805517277352827 ], [ -70.836905164836409, 41.805887891250663 ], [ -70.836989337275355, 41.806291305076904 ], [ -70.837068534984311, 41.806659787405266 ], [ -70.8372275990871, 41.807141322466848 ], [ -70.837428859445765, 41.807549405499358 ], [ -70.837627050333296, 41.807970736549265 ], [ -70.837717647988526, 41.80854403262979 ], [ -70.837824884466102, 41.808943960200224 ], [ -70.837935955790655, 41.809382773975116 ], [ -70.837985249537169, 41.809774790978032 ], [ -70.838002321009469, 41.810120647513877 ], [ -70.838009406641348, 41.810572379818723 ], [ -70.837899345906322, 41.810962169798188 ], [ -70.83758421319888, 41.811184166742649 ], [ -70.83706619724947, 41.81148418812672 ], [ -70.836574008855436, 41.811803068384968 ], [ -70.836232720670552, 41.811977639762311 ], [ -70.835911060318196, 41.81219495157125 ], [ -70.835589334018977, 41.812412355887453 ], [ -70.835249400989071, 41.812701495551778 ], [ -70.834894148800586, 41.812967397716562 ], [ -70.83449264259032, 41.813222768285492 ], [ -70.833962182956114, 41.813527392528819 ], [ -70.833545542748411, 41.813802948577582 ], [ -70.833166348973279, 41.814006310244388 ], [ -70.8327879137953, 41.814266993714106 ], [ -70.832477627918934, 41.814459838096262 ], [ -70.832101451649621, 41.814733730833183 ], [ -70.831702256697511, 41.814942095295407 ], [ -70.831119809956505, 41.815196704770997 ], [ -70.830798400984634, 41.815413722419969 ], [ -70.830516256616946, 41.815735825900177 ], [ -70.830240472076397, 41.81601445722422 ], [ -70.830040021174227, 41.816321648695961 ], [ -70.829994298419777, 41.81669409774026 ], [ -70.829897215293428, 41.817038483362737 ], [ -70.829850007323373, 41.817325387995005 ], [ -70.829854190862704, 41.817640262437003 ], [ -70.829834005238155, 41.817995058090126 ], [ -70.829861649642467, 41.818261197570756 ], [ -70.829866218020896, 41.818527483751801 ], [ -70.829794159768454, 41.818852508221468 ], [ -70.829798189331186, 41.819158190406675 ], [ -70.829725498905987, 41.819444851392454 ], [ -70.829752514744925, 41.81978088167871 ], [ -70.82973918990379, 41.820208317908168 ], [ -70.829665629121138, 41.820560914842609 ], [ -70.829361795756967, 41.820793462631165 ], [ -70.828956480172408, 41.820958960457631 ], [ -70.828373613317609, 41.821159332406516 ], [ -70.827993134369351, 41.821262322036006 ], [ -70.827601364911857, 41.821340006406587 ], [ -70.827193277041602, 41.821450060492197 ], [ -70.826736605654901, 41.821568165341922 ], [ -70.826393982741394, 41.82167606262626 ], [ -70.82598846002378, 41.821877718214623 ], [ -70.826080570887711, 41.82223089790341 ], [ -70.82669229279611, 41.82254807656112 ], [ -70.826969225848046, 41.822839512546579 ], [ -70.829334798445302, 41.824880842148744 ], [ -70.832774218431595, 41.827079944987716 ], [ -70.833568507717658, 41.827519320621711 ], [ -70.833746715805901, 41.827745455428307 ], [ -70.834403600539588, 41.82824449696551 ], [ -70.834761905634792, 41.828516699839099 ], [ -70.834999838890838, 41.828788199708555 ], [ -70.835550201428276, 41.829471760300983 ], [ -70.837693373931316, 41.83215867488024 ], [ -70.837851457813031, 41.832406286736166 ], [ -70.838090352928702, 41.832587748174781 ], [ -70.838207932922515, 41.832858542543093 ], [ -70.83868109029747, 41.83366899407546 ], [ -70.838675687996712, 41.834190082598766 ], [ -70.838671973860244, 41.834548331285951 ], [ -70.838547608883687, 41.834931371670464 ], [ -70.838108695991082, 41.83572539182699 ], [ -70.838078250506385, 41.836081641380304 ], [ -70.837806597042047, 41.836727818187079 ], [ -70.837682467782315, 41.837087246711228 ], [ -70.837806523443533, 41.837800005528536 ], [ -70.837902034008621, 41.838367660681264 ], [ -70.837784164377013, 41.838888583455073 ], [ -70.837898280392878, 41.839494074687195 ], [ -70.838011826521779, 41.840154683294664 ], [ -70.838129464293743, 41.840421221805002 ], [ -70.838244002871846, 41.840986565168706 ], [ -70.838424863280125, 41.842404408623494 ], [ -70.838594096633727, 41.84288579744959 ], [ -70.838940694172493, 41.843334128538935 ], [ -70.838954436525142, 41.843809214425477 ], [ -70.838990984116137, 41.844069751420271 ], [ -70.83905862633479, 41.844395258110744 ], [ -70.839154605083237, 41.845098269145282 ], [ -70.839333761285758, 41.846208596269456 ], [ -70.839726763658788, 41.848103013585458 ], [ -70.839812309077814, 41.848399553145327 ], [ -70.839893241610667, 41.848742444340353 ], [ -70.839973546838394, 41.849125737616916 ], [ -70.840081428827631, 41.849594028825351 ], [ -70.840376646384442, 41.850158262203919 ], [ -70.840552965531799, 41.850575510112364 ], [ -70.840790654743827, 41.850880953012158 ], [ -70.84090827993144, 41.851151744268741 ], [ -70.841146323804196, 41.851423230910903 ], [ -70.841383439871407, 41.851784748882828 ], [ -70.841859538415122, 41.852327719658675 ], [ -70.8422966232569, 41.852690886914296 ], [ -70.842526508585252, 41.853032227153484 ], [ -70.842691338361689, 41.853412961434501 ], [ -70.842928470586116, 41.853774476145112 ], [ -70.843286028332813, 41.85413668360718 ], [ -70.843522239766045, 41.854588228894741 ], [ -70.843760046371358, 41.854885093592188 ], [ -70.844473320079913, 41.855854217760168 ], [ -70.84489006255771, 41.856306250909618 ], [ -70.845306411347096, 41.856759372829941 ], [ -70.845423142347514, 41.85712019114974 ], [ -70.845659012248703, 41.857607448437655 ], [ -70.845776436777385, 41.857901251197539 ], [ -70.845880024700435, 41.858410824390326 ], [ -70.845833410172133, 41.85876757111977 ], [ -70.84600451891022, 41.859148358321193 ], [ -70.846000009402673, 41.859588026016517 ], [ -70.845996167914763, 41.859962558379436 ], [ -70.845723188792661, 41.860315402360555 ], [ -70.845311213381024, 41.860703422554579 ], [ -70.845016972275047, 41.861487728096556 ], [ -70.844890555608345, 41.86206917596887 ], [ -70.844887167421902, 41.862398940819489 ], [ -70.84488348654196, 41.862757189019348 ], [ -70.845117561828133, 41.863421034688088 ], [ -70.8453538194141, 41.863872576777908 ], [ -70.845564833034558, 41.864078622503854 ], [ -70.845856077658041, 41.864393351932691 ], [ -70.846153528346164, 41.864777532942739 ], [ -70.846542545679853, 41.865410020031973 ], [ -70.846779482753703, 41.865797060341862 ], [ -70.846896007671091, 41.86618042402911 ], [ -70.847012652259693, 41.866866547323319 ], [ -70.847081742709307, 41.867163553092389 ], [ -70.847161660563941, 41.869645306154744 ], [ -70.847265600307665, 41.871486790197281 ], [ -70.847320218975185, 41.871807101824324 ], [ -70.847437067788505, 41.872160095722258 ], [ -70.847373789634716, 41.872457713621102 ], [ -70.847249903867535, 41.872791786109133 ], [ -70.84706485746436, 41.873216487800718 ], [ -70.846829183124697, 41.873535891969077 ], [ -70.845917827218699, 41.875275481041513 ], [ -70.845031449259068, 41.875395469702106 ], [ -70.844411432163412, 41.87534689118219 ], [ -70.843688387279826, 41.875297716837025 ], [ -70.842863223413715, 41.87560718824529 ], [ -70.841612287695511, 41.87627616514704 ], [ -70.84132341652014, 41.876469264316675 ], [ -70.841034833389045, 41.876655520109871 ], [ -70.84070135191881, 41.87699120404595 ], [ -70.840153664019255, 41.877528259708093 ], [ -70.840026824918255, 41.878142913255815 ], [ -70.83990096191134, 41.878663304418858 ], [ -70.839954424557632, 41.879317593996717 ], [ -70.840410030363728, 41.879985327838384 ], [ -70.840536893800618, 41.880360614928001 ], [ -70.840482417339487, 41.880685999152476 ], [ -70.840477025779521, 41.881207086024993 ], [ -70.840478549723883, 41.881964675903887 ], [ -70.840523168700756, 41.882569572492613 ], [ -70.84027659399716, 41.883111266937064 ], [ -70.839907556345437, 41.883459253874427 ], [ -70.839608371362786, 41.883647625099123 ], [ -70.839244135785421, 41.883915626317588 ], [ -70.838869204921579, 41.884106895901461 ], [ -70.83863333287816, 41.884722421781142 ], [ -70.83862585919448, 41.885442675371522 ], [ -70.838502574073232, 41.885712072846346 ], [ -70.838136451594096, 41.886160134989559 ], [ -70.837650776653703, 41.88651746620846 ], [ -70.837286517640365, 41.886785462026225 ], [ -70.837067559049359, 41.887134953777945 ], [ -70.836247958704135, 41.887514357053426 ], [ -70.835766061344202, 41.887725384743661 ], [ -70.835464201684474, 41.888218119565231 ], [ -70.835459272096415, 41.888690903746181 ], [ -70.835260078892176, 41.889042450138582 ], [ -70.835447359718373, 41.889833360423701 ], [ -70.83544381206589, 41.890213593289843 ], [ -70.835374972668021, 41.890997393646245 ], [ -70.83519038737677, 41.891365160698712 ], [ -70.834946581504141, 41.8916338496999 ], [ -70.834643292318034, 41.891947893370372 ], [ -70.834259826317307, 41.892283387704232 ], [ -70.833851790056514, 41.892617874008593 ], [ -70.833728067493155, 41.892925619571407 ], [ -70.833480886601905, 41.893516078853736 ], [ -70.833478061770535, 41.893786173299304 ], [ -70.833257849784857, 41.893975246686033 ], [ -70.833232114303172, 41.894258088448957 ], [ -70.833223878850191, 41.895045206602546 ], [ -70.833100794921165, 41.895291415380662 ], [ -70.833337784863289, 41.895676129716541 ], [ -70.833703750867258, 41.896093296127454 ], [ -70.834151015519254, 41.896640721990366 ], [ -70.83416436254376, 41.89730162062272 ], [ -70.834039188347589, 41.897747776279637 ], [ -70.834032211045397, 41.898415417127651 ], [ -70.834027863127758, 41.898831451555104 ], [ -70.834190625336461, 41.899621426036362 ], [ -70.833793545974729, 41.899880515665259 ], [ -70.833355531261859, 41.899907970890077 ], [ -70.832617294287189, 41.89999369477993 ], [ -70.832133987235707, 41.899990868541892 ], [ -70.831754683416918, 41.899988649051217 ], [ -70.831319123529354, 41.900024479100274 ], [ -70.830869792314459, 41.899983466224327 ], [ -70.830381536266614, 41.900001988239111 ], [ -70.829971735034547, 41.900628025264517 ], [ -70.829776467028481, 41.90200576850026 ], [ -70.829851590244317, 41.902387209059142 ], [ -70.830009478449199, 41.902769566237353 ], [ -70.830126205910631, 41.903130398905361 ], [ -70.829881841333332, 41.903399076639651 ], [ -70.829074031319891, 41.903534090822589 ], [ -70.8272235282558, 41.90462092662198 ], [ -70.826124063612525, 41.905269849747583 ], [ -70.825639509143329, 41.905715058700082 ], [ -70.825104980085712, 41.906082406103934 ], [ -70.824375228589815, 41.906248861641075 ], [ -70.823809196060722, 41.906516296628283 ], [ -70.823256063834592, 41.906581798354487 ], [ -70.822649933111038, 41.906687769315994 ], [ -70.822050553396707, 41.906774249035628 ], [ -70.821652283618562, 41.906636827689773 ], [ -70.821415554799998, 41.906230255059192 ], [ -70.821176429866583, 41.906048759683621 ], [ -70.82099462411928, 41.905813170014675 ], [ -70.820577666489257, 41.905685050343521 ], [ -70.820308275209641, 41.905138128910131 ], [ -70.8200769354724, 41.904606398217538 ], [ -70.819717308121952, 41.90402067328403 ], [ -70.818842918598733, 41.903378239295158 ], [ -70.818797781355983, 41.903063371613399 ], [ -70.818286931362493, 41.902968273796375 ], [ -70.817773383932462, 41.902775321215117 ], [ -70.817274632362157, 41.902602997781557 ], [ -70.81580929536814, 41.901983762609945 ], [ -70.815678895062234, 41.901694163792371 ], [ -70.814783787409525, 41.901261397284763 ], [ -70.814179757704181, 41.901009891645451 ], [ -70.813822396167652, 41.900829351455187 ], [ -70.813397243016738, 41.900930255781596 ], [ -70.813393371140506, 41.901289590939335 ], [ -70.813389774152199, 41.901623411078589 ], [ -70.813050234565054, 41.901830270137232 ], [ -70.812842485952757, 41.902082295499717 ], [ -70.81277939910575, 41.902344418920045 ], [ -70.81277658913902, 41.902604962132934 ], [ -70.812652254427064, 41.902958199882477 ], [ -70.812355508473999, 41.903333451428338 ], [ -70.812151041972811, 41.903671568214598 ], [ -70.812275726220335, 41.904344436652636 ], [ -70.812088790105406, 41.904913925440134 ], [ -70.811784576697775, 41.90518220294458 ], [ -70.811355169506371, 41.905462672640397 ], [ -70.810561172674355, 41.905897293506257 ], [ -70.81014636143091, 41.906207743195232 ], [ -70.809842620056912, 41.906431000344035 ], [ -70.809478130249886, 41.906698907866527 ], [ -70.809173896711016, 41.906967179721086 ], [ -70.80899245742664, 41.907445460407679 ], [ -70.807967281784002, 41.908683299435829 ], [ -70.807548884050931, 41.90893978967874 ], [ -70.807157866531611, 41.90947600202864 ], [ -70.806875312371957, 41.910140036109432 ], [ -70.806904944831956, 41.91056558684074 ], [ -70.806525995587165, 41.911329930599358 ], [ -70.806526883124604, 41.911865885698887 ], [ -70.806163259091107, 41.912261112164131 ], [ -70.806038801751455, 41.912620504146254 ], [ -70.80578554327623, 41.9129723970551 ], [ -70.804644757776202, 41.912521987588498 ], [ -70.803905501772306, 41.912337408492149 ], [ -70.803272451863535, 41.912063435549086 ], [ -70.802673734161871, 41.911699634319056 ], [ -70.802376985820075, 41.911279725458918 ], [ -70.801902120760403, 41.910614472955331 ], [ -70.801824532389602, 41.910317244792644 ], [ -70.801460202805345, 41.909820577709887 ], [ -70.801438019574405, 41.908968457546472 ], [ -70.800779819816157, 41.908536753370207 ], [ -70.800291942918065, 41.908411941782724 ], [ -70.799828704097877, 41.908185772284156 ], [ -70.799459982490816, 41.907988438790355 ], [ -70.799221904928956, 41.90771686729024 ], [ -70.798742783233877, 41.907443814235506 ], [ -70.798383196797062, 41.907261531791754 ], [ -70.797988986386429, 41.907082298951984 ], [ -70.79757547418356, 41.906554317962417 ], [ -70.797189431106801, 41.906277275858436 ], [ -70.796832297791809, 41.905811395375906 ], [ -70.796352208840062, 41.905628362441682 ], [ -70.795717184121884, 41.905411510105374 ], [ -70.795023156085605, 41.905260017082384 ], [ -70.79427823297857, 41.905255415215315 ], [ -70.793722780718241, 41.9052519806676 ], [ -70.793161190706755, 41.905383372194144 ], [ -70.792614101043313, 41.90578534022459 ], [ -70.792187782108755, 41.906187865320632 ], [ -70.792004498370602, 41.906411821167488 ], [ -70.791738129266207, 41.906574297246749 ], [ -70.791394210156881, 41.906907053514118 ], [ -70.79103231824395, 41.907126086761515 ], [ -70.790788265853962, 41.907394683763826 ], [ -70.790198963229159, 41.907976779017432 ], [ -70.789738713092703, 41.907942594130084 ], [ -70.789703558686, 41.907387941211972 ], [ -70.789466530167473, 41.907026317459064 ], [ -70.789349021671015, 41.906755475291384 ], [ -70.789109986133568, 41.906573911881495 ], [ -70.788753448367672, 41.906121505180472 ], [ -70.788393896787881, 41.90593918945104 ], [ -70.78821663732829, 41.905622954556478 ], [ -70.78791785334974, 41.905395998811343 ], [ -70.78754254998384, 41.905201711144613 ], [ -70.787060582409026, 41.904948124866614 ], [ -70.786478681922986, 41.904756752241816 ], [ -70.785852182257642, 41.904662798956799 ], [ -70.785155657764363, 41.90456840292655 ], [ -70.784496500989576, 41.904481198270695 ], [ -70.784121664108497, 41.904437523577819 ], [ -70.783607505823653, 41.904378625897856 ], [ -70.782401578778092, 41.904404484311506 ], [ -70.781789626750211, 41.904412751520603 ], [ -70.781158232569595, 41.904654018643953 ], [ -70.780811296612157, 41.904991307063192 ], [ -70.780444282137992, 41.905541604312162 ], [ -70.779934805757918, 41.906046524957539 ], [ -70.77958779360381, 41.906604265666786 ], [ -70.779342676670311, 41.906962869134674 ], [ -70.779098578050949, 41.907231440268205 ], [ -70.778732932837229, 41.907589280506201 ], [ -70.778444782659278, 41.907730441279874 ], [ -70.777882127214852, 41.908214164391396 ], [ -70.777517492846826, 41.908481969830639 ], [ -70.776746096315264, 41.908873801688493 ], [ -70.776114194006695, 41.909192569926184 ], [ -70.775262507102028, 41.909499441874395 ], [ -70.774819040568246, 41.909737497874147 ], [ -70.774367443422491, 41.909902591842744 ], [ -70.77388328152368, 41.910079589688607 ], [ -70.773519637485947, 41.910257909201754 ], [ -70.773576316345597, 41.910572842799375 ], [ -70.773994577326434, 41.9108906336484 ], [ -70.774230508011726, 41.911342320236777 ], [ -70.774957086067118, 41.911954505283738 ], [ -70.775305037674158, 41.912249517287961 ], [ -70.775544052750988, 41.912431109490832 ], [ -70.775659129652468, 41.912911914065049 ], [ -70.775772257233356, 41.913564030951321 ], [ -70.775759299208758, 41.914703898667966 ], [ -70.775387682492521, 41.915581422768767 ], [ -70.774896307179176, 41.91638864139054 ], [ -70.774041242601797, 41.917373618461305 ], [ -70.773311832450858, 41.917909203199955 ], [ -70.772512777064975, 41.918470234880353 ], [ -70.77206095393386, 41.918649102856122 ], [ -70.771741978289811, 41.918802949021988 ], [ -70.771351742131856, 41.918943751243411 ], [ -70.770809566723727, 41.919110041068372 ], [ -70.770280737005834, 41.919420509949227 ], [ -70.769792363421985, 41.919957612337029 ], [ -70.769380037845011, 41.920411070123947 ], [ -70.76894027169412, 41.920672459635789 ], [ -70.768085059914696, 41.921657393547157 ], [ -70.767927553810694, 41.921944307205749 ], [ -70.767592511276476, 41.922554608299677 ], [ -70.767463674833309, 41.923274081504971 ], [ -70.767574395461097, 41.924130154215668 ], [ -70.767566601826871, 41.92480794832467 ], [ -70.76743157752388, 41.926065032232408 ], [ -70.766848111366798, 41.926641863800789 ], [ -70.766095068210959, 41.926956824291878 ], [ -70.765751407611191, 41.926954615566736 ], [ -70.765509919106449, 41.925422428538639 ], [ -70.763747658903412, 41.925199127727439 ], [ -70.763032682267749, 41.925668627313826 ], [ -70.762115897151574, 41.926268674438226 ], [ -70.761762228211069, 41.926298639804401 ], [ -70.761160301664546, 41.926294747633705 ], [ -70.760435042763859, 41.926380091118205 ], [ -70.760070516842731, 41.926558734530545 ], [ -70.759704366292326, 41.927005619074187 ], [ -70.759398872172937, 41.927355910235789 ], [ -70.759218600143356, 41.927645070707882 ], [ -70.758515773916969, 41.928410924837912 ], [ -70.758718935110991, 41.928799974101615 ], [ -70.758571125338591, 41.929164710224455 ], [ -70.758072591489679, 41.92936357022986 ], [ -70.75773944166427, 41.929561188448709 ], [ -70.757329868030212, 41.929675422830258 ], [ -70.756815099244179, 41.930224286387784 ], [ -70.754700851699255, 41.932150227963021 ], [ -70.75368358491707, 41.933091465203375 ], [ -70.751694310121351, 41.934931956601261 ], [ -70.747958422091187, 41.937054605358867 ], [ -70.747224247583588, 41.937463736417733 ], [ -70.746244265621499, 41.937776168892128 ], [ -70.744051218454615, 41.93557088519276 ], [ -70.742195162418255, 41.935594228691315 ], [ -70.740847121463631, 41.93715042699035 ], [ -70.739972518865216, 41.938562889490875 ], [ -70.739585462971178, 41.940206873475148 ], [ -70.738423785607495, 41.941033190238407 ], [ -70.736906908707667, 41.941354997958022 ], [ -70.735481123947125, 41.941856825513206 ], [ -70.733870793838108, 41.943014821448315 ], [ -70.733656405138802, 41.943168984469082 ], [ -70.731635915378178, 41.941548701140626 ], [ -70.728933219668576, 41.93958624360647 ], [ -70.727531743860538, 41.939363972766841 ], [ -70.726749936563266, 41.935884025344571 ] ] ] } },
{ "type": "Feature", "properties": { "TMDL_BASIN": "Widows Cove", "BBP_SYS_ID": "WIDCOV", "SHED_ACRES": 472.217, "HECTARES": 191.1003, "DELIN_YEAR": 2023 }, "geometry": { "type": "Polygon", "coordinates": [ [ [ -70.650267947820637, 41.728963637125212 ], [ -70.649728187110043, 41.728801616380231 ], [ -70.649189930663709, 41.72868195102388 ], [ -70.648696822684386, 41.728633344517583 ], [ -70.648351749061916, 41.728509565404472 ], [ -70.648291209368054, 41.728179937254723 ], [ -70.648128003771632, 41.727893940081337 ], [ -70.647713650996636, 41.727599726984415 ], [ -70.647588583139594, 41.726962020378387 ], [ -70.647520221942614, 41.726624929942794 ], [ -70.647366140914343, 41.726341777874623 ], [ -70.64686116603805, 41.725965029608204 ], [ -70.646343569416032, 41.725624571302284 ], [ -70.646020000215344, 41.72530375954257 ], [ -70.645770256105294, 41.724910726988156 ], [ -70.645322480833883, 41.724798205823326 ], [ -70.644961036145304, 41.724586267315075 ], [ -70.644380561656931, 41.724409068695763 ], [ -70.64376086296086, 41.724440796760653 ], [ -70.643384357600013, 41.724447061310578 ], [ -70.643035184674829, 41.724226112229545 ], [ -70.642313448280689, 41.723779740263545 ], [ -70.649304376172566, 41.718351251520936 ], [ -70.649730311492149, 41.718012752144567 ], [ -70.650181619274292, 41.71778985071321 ], [ -70.650481784525908, 41.717626784024638 ], [ -70.650779423612789, 41.717378160120582 ], [ -70.651039996483846, 41.71716799480933 ], [ -70.651339280117369, 41.716971951709198 ], [ -70.651601500382313, 41.716804800687441 ], [ -70.651940342865913, 41.716655524385281 ], [ -70.652319490716806, 41.716572388645595 ], [ -70.652834354626137, 41.716553711453543 ], [ -70.653389434297736, 41.716601031754543 ], [ -70.653796123401818, 41.716794123394294 ], [ -70.654240748841517, 41.716972723302597 ], [ -70.654663979370284, 41.717079693709202 ], [ -70.655130298021405, 41.717343425993896 ], [ -70.655557182634894, 41.717564939180576 ], [ -70.655830437677466, 41.717760550760161 ], [ -70.656085846672241, 41.717985292218231 ], [ -70.656354525988618, 41.71823855015176 ], [ -70.656691329541161, 41.71843322367512 ], [ -70.657041690928196, 41.718641783875817 ], [ -70.657429495450089, 41.718830548806118 ], [ -70.657790101382574, 41.718976905173882 ], [ -70.658127414280159, 41.719181051055855 ], [ -70.658572291869646, 41.719373563669102 ], [ -70.659034610584186, 41.719508521822505 ], [ -70.659361890521808, 41.719597977133944 ], [ -70.659718625944294, 41.719610927781083 ], [ -70.66020213415571, 41.719602227652629 ], [ -70.660618114987955, 41.719480253181494 ], [ -70.660992292599843, 41.719230197509347 ], [ -70.661253278389907, 41.719029484969923 ], [ -70.661593173387658, 41.718918407652509 ], [ -70.662126521869837, 41.71888031590138 ], [ -70.662469234070912, 41.718854981772289 ], [ -70.662909672956062, 41.718894987300963 ], [ -70.66338824094133, 41.718943806320674 ], [ -70.663848936960818, 41.719021520395138 ], [ -70.664430254580935, 41.719125548761106 ], [ -70.664629199672277, 41.719561341785798 ], [ -70.664677109939717, 41.719865763951823 ], [ -70.664852611273574, 41.720187441794437 ], [ -70.665038507378512, 41.720432286923753 ], [ -70.665164487288308, 41.720793274662704 ], [ -70.665327226788619, 41.721114764354105 ], [ -70.66547549736849, 41.721379591737055 ], [ -70.665713551831914, 41.721661959285001 ], [ -70.665775806647432, 41.722023651677368 ], [ -70.665939866191451, 41.722383557538798 ], [ -70.666100791560197, 41.722648007810456 ], [ -70.666238805802919, 41.722989386289065 ], [ -70.666276269301889, 41.723370827399499 ], [ -70.666094749623127, 41.723664986645673 ], [ -70.665810723137199, 41.723952110592712 ], [ -70.665502437437524, 41.724263207230386 ], [ -70.665150068303831, 41.724584765779341 ], [ -70.664743980539555, 41.725036064254297 ], [ -70.664431805099824, 41.725428399465137 ], [ -70.664173722248051, 41.725719414566257 ], [ -70.663916388202608, 41.726029567970116 ], [ -70.663797551726319, 41.726299188637562 ], [ -70.663613599856959, 41.726600219825571 ], [ -70.663561948496692, 41.726904848885226 ], [ -70.663494516082991, 41.727183100486108 ], [ -70.663409240842682, 41.727509241965301 ], [ -70.663312945109539, 41.727892890105963 ], [ -70.663511413658298, 41.728175856327056 ], [ -70.663344035908139, 41.728315255282254 ], [ -70.663041886017155, 41.728420659871034 ], [ -70.662628597997099, 41.728637345434755 ], [ -70.662294431935777, 41.728935562732921 ], [ -70.661940915662683, 41.729225392413113 ], [ -70.66142192759385, 41.729462583511399 ], [ -70.660901487034408, 41.729562053495066 ], [ -70.660521574894688, 41.729625938568461 ], [ -70.660164780096707, 41.7296132717901 ], [ -70.659696621193447, 41.729497737374714 ], [ -70.659214807449032, 41.729351524295041 ], [ -70.658711170041315, 41.729128473690274 ], [ -70.658400195664427, 41.728947644192601 ], [ -70.657939402367958, 41.728862850072652 ], [ -70.657495084163756, 41.729061265697936 ], [ -70.657225764377642, 41.729284229726026 ], [ -70.657007079028716, 41.729574255151348 ], [ -70.656597679689924, 41.729911094235725 ], [ -70.656127553031325, 41.73014867756563 ], [ -70.655617918351552, 41.730324814187988 ], [ -70.65519924984531, 41.730379765375346 ], [ -70.654819583029919, 41.730444196067516 ], [ -70.654439172201549, 41.730479638512008 ], [ -70.654018382168076, 41.730458223626222 ], [ -70.653674043588367, 41.73043596859312 ], [ -70.653252942682627, 41.730395602750889 ], [ -70.652790402575874, 41.730265215779056 ], [ -70.652343628222596, 41.730015407445514 ], [ -70.651802736262809, 41.729810197389853 ], [ -70.651431893232655, 41.729559028319542 ], [ -70.651068131164578, 41.729316961661468 ], [ -70.650693118962835, 41.729127895713304 ], [ -70.650267947820637, 41.728963637125212 ] ] ] } },
{ "type": "Feature", "properties": { "TMDL_BASIN": "Wings Cove", "BBP_SYS_ID": "WNGCOV", "SHED_ACRES": 1076.594, "HECTARES": 435.684, "DELIN_YEAR": 2023 }, "geometry": { "type": "Polygon", "coordinates": [ [ [ -70.742126229797279, 41.723546354532438 ], [ -70.741439233001273, 41.72229458925392 ], [ -70.741630453868069, 41.721265511542441 ], [ -70.74091585740112, 41.720986938384875 ], [ -70.739460108864236, 41.719566950405316 ], [ -70.738686108612143, 41.718597275418823 ], [ -70.737688333167796, 41.717936030254954 ], [ -70.737049613293337, 41.717105882599171 ], [ -70.736094049473891, 41.716442804712742 ], [ -70.734729690681007, 41.715125359973186 ], [ -70.733504536184284, 41.713984311582081 ], [ -70.73309478582722, 41.713745333932387 ], [ -70.732772755483055, 41.713561086114545 ], [ -70.731304840839627, 41.713137972904221 ], [ -70.729656116230856, 41.71261162391842 ], [ -70.728049043526681, 41.712392727505552 ], [ -70.726761957141036, 41.712211234626864 ], [ -70.725892421232132, 41.712168882643944 ], [ -70.724701940714297, 41.711645663975212 ], [ -70.723245328548771, 41.710740489989853 ], [ -70.722833848012996, 41.70987790497928 ], [ -70.72142169476173, 41.709142772622791 ], [ -70.720169246122808, 41.708344022580221 ], [ -70.719530642298395, 41.707486154608247 ], [ -70.719205956957111, 41.707044661696607 ], [ -70.719098627992494, 41.706701777553334 ], [ -70.719016712281416, 41.706358504931266 ], [ -70.718973837553477, 41.706072337205448 ], [ -70.718816191789983, 41.705729951599039 ], [ -70.718656412324989, 41.705301170030431 ], [ -70.718498985886768, 41.704987203991422 ], [ -70.71837988349651, 41.704701919444062 ], [ -70.718089059045212, 41.704389287620288 ], [ -70.71776113880145, 41.704162781178233 ], [ -70.717453049034958, 41.703965110028925 ], [ -70.717257726965002, 41.703680425663613 ], [ -70.717101512929119, 41.703452284299793 ], [ -70.716753435625336, 41.703140239932949 ], [ -70.716253013411816, 41.702844027803536 ], [ -70.71583091373148, 41.702690305129337 ], [ -70.715465080327817, 41.702464515523083 ], [ -70.715249920251196, 41.702122431714166 ], [ -70.715163755148595, 41.701811044463021 ], [ -70.714980167641414, 41.701616051455147 ], [ -70.715607360838916, 41.691781936337357 ], [ -70.716115365347733, 41.691879430323432 ], [ -70.716422004639853, 41.691991277204217 ], [ -70.716730340787649, 41.692135082910596 ], [ -70.71715215814416, 41.692342811894065 ], [ -70.717525471444077, 41.692574050499076 ], [ -70.717881483249613, 41.692665542443002 ], [ -70.718415280848276, 41.692760775198586 ], [ -70.718873302231657, 41.692684547638912 ], [ -70.719367103895465, 41.692579748743952 ], [ -70.719815399404013, 41.692448334921004 ], [ -70.720316588456015, 41.692355674122481 ], [ -70.72072793693836, 41.692468789526487 ], [ -70.721160296157251, 41.692663363484925 ], [ -70.721582653344328, 41.69284548708719 ], [ -70.722056954095862, 41.693103840751029 ], [ -70.722314449835366, 41.693311939912149 ], [ -70.722681236559424, 41.693580482730184 ], [ -70.723047433284023, 41.693820601789291 ], [ -70.723387612268596, 41.693949481175792 ], [ -70.723847296177127, 41.693784417017852 ], [ -70.724149960526489, 41.693637916756664 ], [ -70.72444120715204, 41.693496463142779 ], [ -70.724755489881687, 41.69337445922045 ], [ -70.72505889753829, 41.693228243003169 ], [ -70.725428646406471, 41.693303324831255 ], [ -70.725766472563038, 41.69358927554989 ], [ -70.726283343440372, 41.693857490595505 ], [ -70.726701694667909, 41.694109137434964 ], [ -70.726958260393047, 41.694297429843573 ], [ -70.72718251111894, 41.694503791356844 ], [ -70.727502938725081, 41.694766516864618 ], [ -70.727782739601025, 41.695051756859904 ], [ -70.728105813233796, 41.695313373101186 ], [ -70.72846948609714, 41.695524054070695 ], [ -70.728832785522215, 41.69573473133012 ], [ -70.729088606040278, 41.695923576535328 ], [ -70.72934518607758, 41.696111863555132 ], [ -70.729602906902329, 41.696299032222754 ], [ -70.729819959889028, 41.696512092610604 ], [ -70.730129628216147, 41.696781490665686 ], [ -70.730392629722715, 41.697076177070088 ], [ -70.73068459826996, 41.697350518563539 ], [ -70.730967542033682, 41.697610729741037 ], [ -70.731264356600974, 41.697872722121055 ], [ -70.731484477883228, 41.698083595358085 ], [ -70.731723368879628, 41.698274524811438 ], [ -70.732035437994526, 41.698532960286713 ], [ -70.732390693529567, 41.698752896669312 ], [ -70.732705774413859, 41.699017501031015 ], [ -70.732988937689413, 41.699276301691697 ], [ -70.733220674252991, 41.699472009378965 ], [ -70.733372183199933, 41.699705161302887 ], [ -70.733526705666492, 41.700031467176593 ], [ -70.733721386247893, 41.700343411915824 ], [ -70.733893856444908, 41.700644989257036 ], [ -70.733973621334428, 41.700896878801082 ], [ -70.73410497677807, 41.701136084218042 ], [ -70.734307196205876, 41.701492138655183 ], [ -70.734544731299493, 41.702059970481343 ], [ -70.734725713811855, 41.702427251400231 ], [ -70.734961691573872, 41.702724840282791 ], [ -70.735149873427247, 41.702937977508256 ], [ -70.735378914378416, 41.703140978184599 ], [ -70.735673610430922, 41.703345725895247 ], [ -70.735887414337554, 41.703585583089115 ], [ -70.736111684015526, 41.703779827720126 ], [ -70.736389120036804, 41.704049554690769 ], [ -70.736668243609287, 41.704335330436486 ], [ -70.736927606312292, 41.704655478318493 ], [ -70.737192728184098, 41.704952235657515 ], [ -70.737396511299949, 41.7051649108787 ], [ -70.737625660132807, 41.705470326701061 ], [ -70.737861512904914, 41.705670272800063 ], [ -70.738021554419007, 41.705898973485219 ], [ -70.738236214165383, 41.706207667488265 ], [ -70.738440537519978, 41.706517417395531 ], [ -70.738781709203451, 41.70680486911229 ], [ -70.73927089640118, 41.707296651063544 ], [ -70.739679503048166, 41.707504859684462 ], [ -70.74009418642045, 41.707682371960985 ], [ -70.740417201799744, 41.707800452842264 ], [ -70.740740798944415, 41.707917129824629 ], [ -70.741172258887644, 41.708073072832278 ], [ -70.741597358171092, 41.70822728358408 ], [ -70.742028425750405, 41.708411375256212 ], [ -70.742364574885471, 41.70861213998046 ], [ -70.742602493873946, 41.708896604686579 ], [ -70.742814416147212, 41.709153780735569 ], [ -70.743058072797581, 41.709442399578144 ], [ -70.743260582499175, 41.709654492840812 ], [ -70.743433049974868, 41.709882705565782 ], [ -70.743606270522875, 41.71011092302404 ], [ -70.743802816009065, 41.710325637042558 ], [ -70.744065039119249, 41.710594833371097 ], [ -70.744309071954561, 41.710884296061614 ], [ -70.744606215834096, 41.711160042139895 ], [ -70.744890883728729, 41.71142726353937 ], [ -70.745117786233905, 41.711721112738445 ], [ -70.745454136007524, 41.712119606397806 ], [ -70.745693558488952, 41.712474782643774 ], [ -70.745843202804267, 41.712713251069736 ], [ -70.746020423585023, 41.712947053020102 ], [ -70.746241795822201, 41.713309839649774 ], [ -70.746523644005535, 41.713715779002847 ], [ -70.746846517484371, 41.71412948061618 ], [ -70.747104646454758, 41.714442745904236 ], [ -70.747318343097547, 41.714727780720857 ], [ -70.74751257160564, 41.714972788072181 ], [ -70.747706565950097, 41.715212334942116 ], [ -70.747978352188596, 41.715539676577329 ], [ -70.748231288213503, 41.715881524333327 ], [ -70.748393514028365, 41.716124011543371 ], [ -70.748600687713662, 41.716389867594124 ], [ -70.748849354072746, 41.716693475612004 ], [ -70.749067419547089, 41.717007460752129 ], [ -70.749274676259745, 41.717282695100181 ], [ -70.749611212510871, 41.717718060487087 ], [ -70.749877713463889, 41.718057531869292 ], [ -70.750017790268501, 41.718313657885197 ], [ -70.750233720695732, 41.718549180523006 ], [ -70.750516304188096, 41.718850532085277 ], [ -70.750707339334667, 41.719153306281029 ], [ -70.750742399687653, 41.719515567137229 ], [ -70.750613587244416, 41.719923644490095 ], [ -70.750482187629245, 41.720226659666409 ], [ -70.750323115574432, 41.720458024357669 ], [ -70.750105238942766, 41.720862513348983 ], [ -70.749848642319634, 41.721248551517881 ], [ -70.749597762971206, 41.721557906435855 ], [ -70.749353658202295, 41.721876496920046 ], [ -70.748403487176603, 41.722912846836778 ], [ -70.74777493361249, 41.722931345967169 ], [ -70.747281130071769, 41.723012493455442 ], [ -70.746827088277414, 41.723140234221958 ], [ -70.746425336565707, 41.723300395559711 ], [ -70.745903537427708, 41.723496479289743 ], [ -70.745416938647722, 41.723605662837606 ], [ -70.745060036336199, 41.723593167465559 ], [ -70.74453620329561, 41.723526571944767 ], [ -70.744015247689887, 41.72355547157283 ], [ -70.743618578038294, 41.723682079908222 ], [ -70.743151298959546, 41.723985382044717 ], [ -70.742126229797279, 41.723546354532438 ] ] ] } },
{ "type": "Feature", "properties": { "TMDL_BASIN": "Wareham River System", "BBP_SYS_ID": "WARRIV", "SHED_ACRES": 27726.727, "HECTARES": 11220.6533, "DELIN_YEAR": 2023 }, "geometry": { "type": "Polygon", "coordinates": [ [ [ -70.632293856706312, 41.864925584044826 ], [ -70.627212159593796, 41.863648026022517 ], [ -70.624551111843061, 41.862484146885485 ], [ -70.622711041100473, 41.861527975797856 ], [ -70.621386904314619, 41.860839868032421 ], [ -70.618350298638973, 41.859196476181381 ], [ -70.616325546627863, 41.858132615014497 ], [ -70.61366891332122, 41.856682617778318 ], [ -70.612661253899788, 41.855817165551009 ], [ -70.61159043967865, 41.854940885760001 ], [ -70.610850210917405, 41.854461698236463 ], [ -70.610305674192048, 41.853923326633684 ], [ -70.610473103029236, 41.85356046877159 ], [ -70.610541774423538, 41.853293936527677 ], [ -70.610515728843893, 41.852832446289717 ], [ -70.610520130792523, 41.852516860081415 ], [ -70.610815414249572, 41.852300666072232 ], [ -70.611175278590835, 41.852109241011163 ], [ -70.611374148159058, 41.851819455184618 ], [ -70.611345390823146, 41.851552173408145 ], [ -70.611255423049769, 41.851017346182886 ], [ -70.611260836067785, 41.850628939436255 ], [ -70.611527350958838, 41.85014545092173 ], [ -70.61188787708231, 41.849905476900418 ], [ -70.612280188716539, 41.849714310062168 ], [ -70.61260352733359, 41.849813931454499 ], [ -70.613024263220382, 41.849914318256175 ], [ -70.613451061821607, 41.849577739025349 ], [ -70.613747659160566, 41.84926443309098 ], [ -70.614238381204629, 41.849001185831597 ], [ -70.614660461170814, 41.849004462385558 ], [ -70.614922551717981, 41.848836543243856 ], [ -70.615088930471373, 41.848546499894731 ], [ -70.615163639787411, 41.847843009263649 ], [ -70.615203163690722, 41.847333475918248 ], [ -70.615176775322354, 41.846896260560563 ], [ -70.615477042145386, 41.846315910164989 ], [ -70.61564509490519, 41.845904487900214 ], [ -70.616106684383993, 41.845398225637119 ], [ -70.616789466550827, 41.845330685071993 ], [ -70.616801277084008, 41.845332242359191 ], [ -70.616834563020433, 41.84532855545222 ], [ -70.617018967593054, 41.845328094013269 ], [ -70.617037880372379, 41.845327383236807 ], [ -70.617296170933457, 41.845375569774802 ], [ -70.617361838955958, 41.845376077918701 ], [ -70.617482077421016, 41.845377008234614 ], [ -70.617502778380995, 41.845377168390471 ], [ -70.617551269654726, 41.845377543535228 ], [ -70.617622851020855, 41.845371807124508 ], [ -70.617687580660643, 41.845384264150191 ], [ -70.617798293838447, 41.84541534126906 ], [ -70.617903957411443, 41.845446378330614 ], [ -70.617929314919422, 41.845449497095871 ], [ -70.61795155297618, 41.845460587229958 ], [ -70.618378137604537, 41.845434912175627 ], [ -70.618533438911953, 41.845436112373037 ], [ -70.619670184031108, 41.845472848129788 ], [ -70.621510924936302, 41.845558101896671 ], [ -70.623283497693549, 41.84586120316051 ], [ -70.624966653966737, 41.846136566472943 ], [ -70.626163477553064, 41.846482656307089 ], [ -70.627484689729116, 41.846839667628146 ], [ -70.628306909919928, 41.847156053376786 ], [ -70.629165851557218, 41.847572555274503 ], [ -70.630297246897271, 41.848205784334418 ], [ -70.631464666127172, 41.848800636833694 ], [ -70.632663628912198, 41.84942153306605 ], [ -70.633935401868172, 41.850034109431903 ], [ -70.63502401237993, 41.850518440106356 ], [ -70.636088327775255, 41.850983286283736 ], [ -70.637544628723148, 41.851518004502239 ], [ -70.638816846449274, 41.851985108698806 ], [ -70.639755667393857, 41.852388066772505 ], [ -70.640644852023556, 41.852832372642588 ], [ -70.641460883302756, 41.853240113455243 ], [ -70.642278612697012, 41.853657933777178 ], [ -70.644691450143014, 41.855176312373366 ], [ -70.646795759046029, 41.856276008854088 ], [ -70.650568501068776, 41.857721620443002 ], [ -70.652892717192003, 41.859072980604083 ], [ -70.655554922308795, 41.860176654880675 ], [ -70.657660683783845, 41.861192779141454 ], [ -70.660319766049255, 41.862546457276963 ], [ -70.662310864820697, 41.863811789080749 ], [ -70.663419618276407, 41.864320203389248 ], [ -70.664847737859716, 41.864432439534454 ], [ -70.664821039043034, 41.864422563149112 ], [ -70.664200892119979, 41.864322730678516 ], [ -70.66370805581731, 41.864235740117202 ], [ -70.663486084539628, 41.864150732612885 ], [ -70.66323553053094, 41.863815376557895 ], [ -70.662798475182498, 41.86312130935066 ], [ -70.662140561739236, 41.862258858821441 ], [ -70.661275856533763, 41.861371061923421 ], [ -70.660536752325868, 41.860627119044906 ], [ -70.65981391112372, 41.859859467598106 ], [ -70.658567535315484, 41.858921192416879 ], [ -70.656704902805174, 41.857597184777212 ], [ -70.654827995307997, 41.856153926013377 ], [ -70.654527355758361, 41.855996849543935 ], [ -70.652965521271398, 41.854829857068715 ], [ -70.651842828276699, 41.854190209779524 ], [ -70.649960891916791, 41.853139909421422 ], [ -70.648759880662141, 41.852404356715994 ], [ -70.647621820316076, 41.85172881869812 ], [ -70.646042053163683, 41.850728354878221 ], [ -70.644035916325223, 41.849450707556237 ], [ -70.643071260388751, 41.848919361283912 ], [ -70.64193171997978, 41.848362868821432 ], [ -70.641298081300135, 41.848096049221439 ], [ -70.640017619004666, 41.847359804653934 ], [ -70.638482005758362, 41.846645442175443 ], [ -70.637214149787155, 41.846159401294294 ], [ -70.635311272897994, 41.845513685745459 ], [ -70.633407139871466, 41.844963219782151 ], [ -70.632057769922298, 41.844619439844038 ], [ -70.631021100230527, 41.843994035506135 ], [ -70.63009427754686, 41.843552440718327 ], [ -70.628758367047467, 41.842833273769578 ], [ -70.627575391368282, 41.842115261655927 ], [ -70.627040846834745, 41.841776736230464 ], [ -70.626194764763085, 41.841026981474556 ], [ -70.625667601223583, 41.840439756197192 ], [ -70.624897061210078, 41.839759180511194 ], [ -70.624414219785692, 41.839286639227375 ], [ -70.623766024044585, 41.838606995683833 ], [ -70.623253876814189, 41.838042744191142 ], [ -70.622472507873425, 41.837041887462739 ], [ -70.621810641940641, 41.836247777179871 ], [ -70.621402876042609, 41.835878715733216 ], [ -70.621252506691576, 41.835694596322796 ], [ -70.621208845279256, 41.835534169872687 ], [ -70.621106008905215, 41.835354335913891 ], [ -70.620918700325177, 41.835218083543026 ], [ -70.620884610930815, 41.835193285947327 ], [ -70.62093716522908, 41.835086718825174 ], [ -70.621353870404178, 41.83491166990661 ], [ -70.621493287240668, 41.834798193980554 ], [ -70.62167920107126, 41.834644983240374 ], [ -70.621773775232626, 41.834450977045222 ], [ -70.621928978403346, 41.834303256823169 ], [ -70.622159496233948, 41.834247756411173 ], [ -70.622320306766866, 41.834248994067742 ], [ -70.622443853888214, 41.834175487607865 ], [ -70.622537951159529, 41.834015841558994 ], [ -70.622646654005933, 41.833907855341955 ], [ -70.622808723752343, 41.833817462619812 ], [ -70.622936947145561, 41.833689816705622 ], [ -70.623002841388839, 41.833624220121187 ], [ -70.623425502758508, 41.833518647004894 ], [ -70.623432605488077, 41.833517720167428 ], [ -70.623632650736326, 41.833491601944125 ], [ -70.623802296806701, 41.83340699254898 ], [ -70.624041018900485, 41.833311458667417 ], [ -70.624226450517625, 41.833192605464362 ], [ -70.624350858158621, 41.833056101225402 ], [ -70.624406032075498, 41.832941974948326 ], [ -70.624461285602109, 41.83282212185199 ], [ -70.624608664063601, 41.832685792784027 ], [ -70.624770335048453, 41.832624031273234 ], [ -70.624785704151336, 41.832604387379646 ], [ -70.624832694938476, 41.832544325269097 ], [ -70.624986865151357, 41.832471050186442 ], [ -70.625095310809741, 41.83243302029215 ], [ -70.624956231185351, 41.832227875419782 ], [ -70.624913503955312, 41.831998846672306 ], [ -70.62495657300903, 41.831859273065547 ], [ -70.624870959491631, 41.831770295613865 ], [ -70.624849215352398, 41.831647470818275 ], [ -70.624932278523744, 41.831399288889926 ], [ -70.625070508037169, 41.831228629062693 ], [ -70.625175074021527, 41.831120792428678 ], [ -70.625255767402678, 41.831110867788873 ], [ -70.625560533847391, 41.830528691943101 ], [ -70.626529665148226, 41.828980955285353 ], [ -70.626641371231571, 41.828638760827552 ], [ -70.626803047044731, 41.828386746961023 ], [ -70.627422469842188, 41.82742119249756 ], [ -70.628291820270064, 41.826455864499799 ], [ -70.628730624282227, 41.825670201232597 ], [ -70.629017958935492, 41.824780464494232 ], [ -70.629400277592211, 41.823651317273345 ], [ -70.6297738483769, 41.822041830219369 ], [ -70.629763709341049, 41.821664396917257 ], [ -70.629936679591353, 41.820190599037673 ], [ -70.630092642181936, 41.818842456096363 ], [ -70.630197133148855, 41.817905581244858 ], [ -70.630467725549323, 41.817118628166831 ], [ -70.630609024995934, 41.816845265599369 ], [ -70.630726141206665, 41.816102881561505 ], [ -70.630955070741422, 41.815006863700553 ], [ -70.631134872903701, 41.814150606976639 ], [ -70.631413996876006, 41.812734791469346 ], [ -70.63162590895233, 41.811764427633918 ], [ -70.631774192348161, 41.810976539833668 ], [ -70.631995088815771, 41.810599788929942 ], [ -70.63239157441636, 41.809542684744287 ], [ -70.632509164260725, 41.809090943352494 ], [ -70.632612127342071, 41.808543798240564 ], [ -70.632987494238975, 41.807867698805261 ], [ -70.633219096248055, 41.807226239110712 ], [ -70.633519058641511, 41.806239865954531 ], [ -70.63373925916656, 41.805264797258275 ], [ -70.633925029700492, 41.804480051201274 ], [ -70.634062234247111, 41.803754492504972 ], [ -70.634057539528555, 41.80352765833954 ], [ -70.634052619206457, 41.803289871862212 ], [ -70.63400922857312, 41.802967931311173 ], [ -70.633853444553679, 41.802716606489042 ], [ -70.63356967264933, 41.802511954868073 ], [ -70.633220776924688, 41.802414010104847 ], [ -70.632902098952385, 41.802435410005103 ], [ -70.632517322441927, 41.802634977596071 ], [ -70.632162759081837, 41.802953888910217 ], [ -70.631952424572901, 41.803202428711934 ], [ -70.631761410126842, 41.803200973992858 ], [ -70.631668656604376, 41.802997772364215 ], [ -70.631436211674753, 41.802531452826429 ], [ -70.631233333864174, 41.802232119307746 ], [ -70.631012432357196, 41.802087497879953 ], [ -70.630841285893652, 41.802040285529301 ], [ -70.630790397561839, 41.802026247521304 ], [ -70.63040270315139, 41.801941824682103 ], [ -70.630678472959573, 41.801622823047431 ], [ -70.631058366449096, 41.801200067916056 ], [ -70.632208105037648, 41.799813752503859 ], [ -70.632934483393484, 41.798910888298714 ], [ -70.633665282006817, 41.798075512534339 ], [ -70.634599578006103, 41.797007480300486 ], [ -70.635396515875357, 41.796060778543293 ], [ -70.636168208334908, 41.795144034226198 ], [ -70.636401419144448, 41.794848491236905 ], [ -70.637161847730482, 41.793985187955371 ], [ -70.637210117910755, 41.793919010620648 ], [ -70.637798434765841, 41.793112430617057 ], [ -70.638173816144018, 41.792597770767564 ], [ -70.638532428952516, 41.792001552209058 ], [ -70.638785045729961, 41.791632260286079 ], [ -70.639063206950951, 41.791232288963727 ], [ -70.639419849163517, 41.79084619132351 ], [ -70.639808739402753, 41.790334550912824 ], [ -70.639886787101119, 41.790234013073601 ], [ -70.640019171899965, 41.790063482480633 ], [ -70.639997012868562, 41.789942663344668 ], [ -70.639996677748712, 41.789940836617149 ], [ -70.640023192283195, 41.789802664102609 ], [ -70.640099379068658, 41.789637191854546 ], [ -70.64014945640244, 41.789579914734844 ], [ -70.640199532443376, 41.789522637583929 ], [ -70.640392742466133, 41.789362659749891 ], [ -70.640510987747746, 41.789314268477135 ], [ -70.640511755943535, 41.789313954630501 ], [ -70.640547672755559, 41.789299255536186 ], [ -70.640593336480961, 41.789280311639565 ], [ -70.640776988012945, 41.789204123802023 ], [ -70.640888036363478, 41.789195735519954 ], [ -70.641048321840586, 41.789192331849598 ], [ -70.641177361086832, 41.789220978831274 ], [ -70.64136672149408, 41.789346940038712 ], [ -70.641463956755317, 41.789449146080628 ], [ -70.641464781581178, 41.789451062030082 ], [ -70.641481885938333, 41.789490792911636 ], [ -70.641578996373084, 41.789602221548428 ], [ -70.641642295899629, 41.789665713287917 ], [ -70.641676294381725, 41.789699815156183 ], [ -70.64182357443606, 41.78974704874414 ], [ -70.642020588347265, 41.789762369326191 ], [ -70.642150805611664, 41.789703387810285 ], [ -70.642231724234961, 41.789644036019993 ], [ -70.642282325213174, 41.789547556061841 ], [ -70.642287950785544, 41.789463491693169 ], [ -70.642285864760382, 41.789303924371289 ], [ -70.642288378235662, 41.78928877795078 ], [ -70.642288417446224, 41.789288545944196 ], [ -70.64228860921736, 41.789288331292887 ], [ -70.642617246588372, 41.788921938792221 ], [ -70.642775974947668, 41.78879388034256 ], [ -70.642910520884854, 41.788685331431182 ], [ -70.642986428590717, 41.788094354216703 ], [ -70.643029263650135, 41.787179875090672 ], [ -70.643035096504917, 41.786745387878639 ], [ -70.643214657050351, 41.785889109915722 ], [ -70.643361663278213, 41.785181243832575 ], [ -70.643629192586076, 41.784600068372839 ], [ -70.643970341381745, 41.78422527542763 ], [ -70.644236347286366, 41.783903667153005 ], [ -70.644327527797088, 41.783793426883392 ], [ -70.644424397128176, 41.783405363143864 ], [ -70.644504303484538, 41.783142957032751 ], [ -70.644706880451864, 41.782847167514056 ], [ -70.644605867738079, 41.782213656481474 ], [ -70.64447885365712, 41.781621907587386 ], [ -70.644521969436909, 41.78068455899998 ], [ -70.644529783289443, 41.780101431445431 ], [ -70.644704862923817, 41.779576734498818 ], [ -70.645064315073341, 41.778973374794759 ], [ -70.645376558411087, 41.778472575886234 ], [ -70.646157449352771, 41.777197706636969 ], [ -70.647012086709864, 41.77611778027277 ], [ -70.647908855033094, 41.775312602840664 ], [ -70.648528375770454, 41.774676872953037 ], [ -70.648746027890823, 41.774392623233936 ], [ -70.64925708889146, 41.773870429161171 ], [ -70.650183433405132, 41.773134065037929 ], [ -70.650754047266375, 41.772726658566278 ], [ -70.650884635665079, 41.77267045682823 ], [ -70.651015223833895, 41.7726142549404 ], [ -70.651230881937437, 41.772478641644177 ], [ -70.651193913339057, 41.772386886233278 ], [ -70.651156944858997, 41.772295129909693 ], [ -70.650991213660603, 41.772122370055335 ], [ -70.651008007732571, 41.772008145176528 ], [ -70.651177234733609, 41.771917925113385 ], [ -70.651391067792972, 41.771919517951389 ], [ -70.651462276372982, 41.771942354649752 ], [ -70.651573592587113, 41.771978053163686 ], [ -70.651803913499506, 41.771888287092125 ], [ -70.65217154622421, 41.771810978308309 ], [ -70.652509086021453, 41.771699139509714 ], [ -70.65295141527001, 41.771748168805814 ], [ -70.653095985504066, 41.771789265999445 ], [ -70.653240554721535, 41.771830363000589 ], [ -70.653559634829861, 41.77195851888338 ], [ -70.653705189795531, 41.771925295123346 ], [ -70.65385074581242, 41.771892071186294 ], [ -70.654295350273586, 41.771769587179328 ], [ -70.654594297677534, 41.771625679984197 ], [ -70.654622843084894, 41.771592420558733 ], [ -70.654651386045359, 41.771559162008593 ], [ -70.65472043048689, 41.771508489592179 ], [ -70.654790210844212, 41.771457276955431 ], [ -70.654896255516405, 41.771357270826755 ], [ -70.654944838413996, 41.771315486455229 ], [ -70.654958035512394, 41.771302278321585 ], [ -70.655045327052804, 41.771224751751404 ], [ -70.655192165469117, 41.771094337253764 ], [ -70.655231219075333, 41.771028875589117 ], [ -70.655270273804049, 41.77096341391978 ], [ -70.655410079384836, 41.770787207918808 ], [ -70.655580884632329, 41.770576925616176 ], [ -70.655636252754206, 41.770553940136431 ], [ -70.655669930516055, 41.770539958997205 ], [ -70.655697584285647, 41.770505104407015 ], [ -70.655964331753523, 41.770312563413448 ], [ -70.656071320612554, 41.770307638447875 ], [ -70.656314637515166, 41.770389485442408 ], [ -70.656390022335017, 41.77046437111354 ], [ -70.656465407331709, 41.770539256734601 ], [ -70.656557477947928, 41.770652769346327 ], [ -70.656678608131116, 41.7707337118552 ], [ -70.656828648046186, 41.770793516254685 ], [ -70.657061070523852, 41.770543665266132 ], [ -70.657430348799679, 41.770340566852617 ], [ -70.658076654620174, 41.769979423897908 ], [ -70.659136684995673, 41.769518416565241 ], [ -70.660090690005788, 41.76898800795454 ], [ -70.660953343494711, 41.768434048756532 ], [ -70.661508272361928, 41.768049343627688 ], [ -70.661818682376662, 41.767674272164307 ], [ -70.662158270986993, 41.767031617809138 ], [ -70.662716644645016, 41.766754639040244 ], [ -70.663153223098377, 41.766721926448191 ], [ -70.663293377849158, 41.766711921541138 ], [ -70.663433532567737, 41.766701915561299 ], [ -70.663797255039754, 41.766751380084017 ], [ -70.664134968840415, 41.766822541170924 ], [ -70.664548814652605, 41.766921597283869 ], [ -70.664981865882368, 41.767015519948792 ], [ -70.665407711511207, 41.767222746694287 ], [ -70.665694238565578, 41.767437408165783 ], [ -70.666019414192419, 41.767639684198272 ], [ -70.666245754229536, 41.767853123918833 ], [ -70.666308861438921, 41.767938652102728 ], [ -70.666485275781085, 41.768293156021407 ], [ -70.666499355658914, 41.768354532531283 ], [ -70.666534880397322, 41.768509387089466 ], [ -70.66647271601579, 41.76858033792616 ], [ -70.666410551496185, 41.768651288728712 ], [ -70.666205234632343, 41.768829510051049 ], [ -70.66592651349454, 41.76899586581952 ], [ -70.665885411444961, 41.769114025941882 ], [ -70.665844308028881, 41.769232186940286 ], [ -70.665631504933373, 41.769600616164155 ], [ -70.665944985055987, 41.769602911446306 ], [ -70.666066600427612, 41.769603801674315 ], [ -70.666188212194839, 41.769604691746096 ], [ -70.666423349004873, 41.769590317821937 ], [ -70.666449948091724, 41.769588691834151 ], [ -70.666615850430105, 41.769577496269648 ], [ -70.666834012853855, 41.769577878119541 ], [ -70.667220041295479, 41.769593271676264 ], [ -70.667564802318694, 41.769786136758235 ], [ -70.667979414162986, 41.769617640581536 ], [ -70.668425359864273, 41.76939620435909 ], [ -70.668456011016247, 41.76938098454599 ], [ -70.669072293837559, 41.768973820684714 ], [ -70.669504401305844, 41.768633921929961 ], [ -70.669967791862931, 41.768237073684503 ], [ -70.670369789704409, 41.767862646505812 ], [ -70.670696457705844, 41.767407624780667 ], [ -70.671040175999522, 41.766815506467992 ], [ -70.671305893814306, 41.766348604567845 ], [ -70.671697047801274, 41.765631043706946 ], [ -70.672040154257502, 41.765084657931389 ], [ -70.672753337184389, 41.764266518667981 ], [ -70.6732804287753, 41.763664290214628 ], [ -70.673774748161307, 41.763233346346844 ], [ -70.6744209727987, 41.762814048513206 ], [ -70.674389236743863, 41.761978419694181 ], [ -70.674341895994885, 41.76073184242896 ], [ -70.675905926158222, 41.758697313639445 ], [ -70.678472859864371, 41.757151969261422 ], [ -70.680310859619439, 41.756216690059709 ], [ -70.683596246731284, 41.755016009828068 ], [ -70.687056682957902, 41.754641970641714 ], [ -70.690260429655524, 41.754377560522244 ], [ -70.692729103609835, 41.754174673018859 ], [ -70.695031188737048, 41.753985426705725 ], [ -70.696672026783446, 41.753845594804524 ], [ -70.696393941392401, 41.753489343317199 ], [ -70.695980785144869, 41.752900864505172 ], [ -70.695247226146961, 41.752187103249184 ], [ -70.694487153611504, 41.751492832160743 ], [ -70.693593577067375, 41.750964914959845 ], [ -70.693261900977049, 41.750691927805818 ], [ -70.693186845047478, 41.750657132714579 ], [ -70.692830739008741, 41.750492045081074 ], [ -70.692081987546089, 41.749945459517313 ], [ -70.691457273320339, 41.749463718668743 ], [ -70.690759423913022, 41.749050343599784 ], [ -70.690676267289277, 41.749008733641531 ], [ -70.689765416580215, 41.748552953711815 ], [ -70.689682071286526, 41.748511248034937 ], [ -70.689182035622352, 41.748045143332213 ], [ -70.688903767346972, 41.747708554245747 ], [ -70.68881540972383, 41.747422524475475 ], [ -70.688799323902856, 41.747137008504083 ], [ -70.688859765839609, 41.747034104722815 ], [ -70.688920208795267, 41.74693120001735 ], [ -70.689237445280014, 41.746785837870291 ], [ -70.689768564468906, 41.746667578517979 ], [ -70.689922724880631, 41.746633251937425 ], [ -70.690403521938947, 41.746543176793644 ], [ -70.690806848754335, 41.746344294359908 ], [ -70.690993861903323, 41.746104508194762 ], [ -70.691041066133607, 41.746008889754236 ], [ -70.691088271424647, 41.745913271302328 ], [ -70.691197190647301, 41.745613882502163 ], [ -70.691133921062359, 41.745421525694198 ], [ -70.691085436061641, 41.745368258169691 ], [ -70.691037566131087, 41.745308010661844 ], [ -70.691036544973173, 41.745306715849786 ], [ -70.69077742267325, 41.745291928283486 ], [ -70.690751897515824, 41.745290302689853 ], [ -70.690247089935127, 41.745258156050511 ], [ -70.689311126671697, 41.745297330136459 ], [ -70.688620517079968, 41.74529241215955 ], [ -70.688087011950259, 41.745308253019836 ], [ -70.686752898123387, 41.745023748640023 ], [ -70.685838029646632, 41.744788041001044 ], [ -70.684650493593125, 41.744503796963848 ], [ -70.683789690727551, 41.744225751542736 ], [ -70.683015903296607, 41.743903010700151 ], [ -70.682659385296404, 41.743732145114379 ], [ -70.682433918193084, 41.743452174288628 ], [ -70.682537979141486, 41.743138636863407 ], [ -70.682593807121719, 41.742794004792422 ], [ -70.682525037640914, 41.742410622322836 ], [ -70.682217802804402, 41.742104169684211 ], [ -70.681711133443812, 41.741848070302133 ], [ -70.68122699255234, 41.741664564429342 ], [ -70.680669472861538, 41.741523388132592 ], [ -70.680270480373522, 41.741264833487051 ], [ -70.679859130199361, 41.740725829763079 ], [ -70.679883056317152, 41.740731518770943 ], [ -70.680233487784434, 41.741065098875666 ], [ -70.680236233379901, 41.741066051445486 ], [ -70.680299961623192, 41.740966907907065 ], [ -70.680356252343245, 41.740870060827085 ], [ -70.680414449431566, 41.740950790134413 ], [ -70.680525027317913, 41.741013608484522 ], [ -70.680683850819534, 41.741128793977325 ], [ -70.680845632223907, 41.741116949821667 ], [ -70.681063748661813, 41.741145294374718 ], [ -70.681169181308093, 41.741138867372094 ], [ -70.68132243110982, 41.741096129077796 ], [ -70.681437198696941, 41.741078063840568 ], [ -70.681558260032773, 41.741128468996536 ], [ -70.681683641440813, 41.74109053070827 ], [ -70.681765178844969, 41.741018996993915 ], [ -70.68188689128624, 41.740912216078257 ], [ -70.681831479970953, 41.740885856100142 ], [ -70.681997619003596, 41.740552227187855 ], [ -70.682649236372626, 41.740409067827557 ], [ -70.683059953326051, 41.740331719765102 ], [ -70.683373297923495, 41.740107304354055 ], [ -70.683642198349119, 41.740055067435065 ], [ -70.68386848802605, 41.740048991930458 ], [ -70.684086256651653, 41.740124336764765 ], [ -70.684261972866864, 41.740165394681235 ], [ -70.68428178672238, 41.740208915673378 ], [ -70.684320586559949, 41.740294141929894 ], [ -70.684609405044029, 41.740314106426425 ], [ -70.684703757428267, 41.74025939346722 ], [ -70.684732107683345, 41.74024295359186 ], [ -70.684926638441965, 41.740256136689432 ], [ -70.684974483197067, 41.740259379277056 ], [ -70.685180072374777, 41.740241212918804 ], [ -70.685549976861239, 41.740149762683579 ], [ -70.685627489439952, 41.740082787652028 ], [ -70.685830689813187, 41.739944679907723 ], [ -70.685932122638903, 41.739721472291279 ], [ -70.685974462814372, 41.739476084242362 ], [ -70.685967367924675, 41.739331061502391 ], [ -70.685979821226468, 41.739181607208046 ], [ -70.685862902726541, 41.739072531742949 ], [ -70.685872367588701, 41.738854412048717 ], [ -70.685954902290092, 41.738674961593034 ], [ -70.685955340342488, 41.738674641483861 ], [ -70.686079276623317, 41.738584232170496 ], [ -70.686218906126399, 41.738432320184366 ], [ -70.686227269926675, 41.73827514909749 ], [ -70.686150896265872, 41.738069880397177 ], [ -70.686126250178376, 41.73804478051936 ], [ -70.685980284645282, 41.737896130639129 ], [ -70.685921872973026, 41.737790590575706 ], [ -70.685914917361131, 41.737635794167346 ], [ -70.685939051186836, 41.737615887963862 ], [ -70.686094680936563, 41.737487516902505 ], [ -70.686217955301572, 41.737385834322176 ], [ -70.686350957938615, 41.737311150928612 ], [ -70.68647082548263, 41.737193835451421 ], [ -70.686642370587904, 41.737148908581013 ], [ -70.686826751896263, 41.737158074092036 ], [ -70.687095375651253, 41.737139884451629 ], [ -70.687222656243932, 41.737137456128785 ], [ -70.687263023382016, 41.737136686279456 ], [ -70.687278232110572, 41.737114984644109 ], [ -70.6873201288941, 41.73705520233618 ], [ -70.687380609367622, 41.736841915248412 ], [ -70.687392754297562, 41.736825562569329 ], [ -70.687418517921941, 41.73679087245646 ], [ -70.687516171828463, 41.736674077179828 ], [ -70.687818712641558, 41.736515601062081 ], [ -70.687944212159138, 41.736519562821748 ], [ -70.688118286970578, 41.736414683925084 ], [ -70.688427723531944, 41.73626408877567 ], [ -70.688435728729644, 41.736263581282678 ], [ -70.688443650909846, 41.736263079500212 ], [ -70.688777679437976, 41.736241908933351 ], [ -70.688873608165181, 41.736235829438634 ], [ -70.689137278845024, 41.736219117791435 ], [ -70.689223064491316, 41.736213679786552 ], [ -70.689933185871922, 41.736175166386957 ], [ -70.691109419348265, 41.736294548637559 ], [ -70.691129184844357, 41.736294784479362 ], [ -70.691872482809543, 41.736303665225073 ], [ -70.69196927952899, 41.736323222513214 ], [ -70.69237907959976, 41.736406021333366 ], [ -70.693142169138042, 41.736538728033757 ], [ -70.693277862460818, 41.736562325234026 ], [ -70.6940394219273, 41.736661764526822 ], [ -70.694761148784693, 41.736738088545223 ], [ -70.696336362493554, 41.736566279577886 ], [ -70.696904851156432, 41.73644631728596 ], [ -70.696954731126709, 41.736435791435724 ], [ -70.697645164196729, 41.736247193229026 ], [ -70.698121254309243, 41.736068165501848 ], [ -70.698153383540628, 41.736049894127426 ], [ -70.698602124328715, 41.735794690588754 ], [ -70.69895197431488, 41.735294852359914 ], [ -70.699207535038326, 41.734976908667051 ], [ -70.699468694343423, 41.73462187798377 ], [ -70.700023469548569, 41.733859949917672 ], [ -70.700361379713286, 41.733444997018701 ], [ -70.700361626313111, 41.733444694418523 ], [ -70.701103826861839, 41.732958298267839 ], [ -70.701253114058716, 41.732900646434679 ], [ -70.701699568087335, 41.732728232742936 ], [ -70.702338227997203, 41.732598686303142 ], [ -70.70310069683886, 41.732556100830195 ], [ -70.703583626776663, 41.732542052541291 ], [ -70.704002849734763, 41.732519470474053 ], [ -70.70415118167513, 41.73251147999428 ], [ -70.704792967189476, 41.732225542176565 ], [ -70.705206220630217, 41.73208721392546 ], [ -70.705430417396641, 41.731831729048771 ], [ -70.705383255843486, 41.731610169680565 ], [ -70.705373865142988, 41.731566052578685 ], [ -70.705234940567905, 41.731181205417208 ], [ -70.705325986492213, 41.730810354462477 ], [ -70.705739386309446, 41.730578683760697 ], [ -70.706173383137354, 41.730449235057286 ], [ -70.706618574837606, 41.730219876245535 ], [ -70.707596488783437, 41.730256938193605 ], [ -70.70769669241723, 41.730221229141378 ], [ -70.707696785747046, 41.730221069521463 ], [ -70.721613752520895, 41.72526030146652 ], [ -70.721654047622252, 41.725263204277326 ], [ -70.721654438313962, 41.725263395129367 ], [ -70.722476913312164, 41.725321498494829 ], [ -70.723076695850395, 41.725441958155606 ], [ -70.723182788311121, 41.725463265835444 ], [ -70.723598596625649, 41.725677081934897 ], [ -70.723607228765133, 41.725681521187141 ], [ -70.723828321046298, 41.726011360555759 ], [ -70.724088538197719, 41.726282261094312 ], [ -70.724176984781352, 41.726429286716467 ], [ -70.72433295186184, 41.72668855365486 ], [ -70.724348115683767, 41.726713759778086 ], [ -70.724362121825891, 41.726726312963031 ], [ -70.724743077750475, 41.727067761362058 ], [ -70.724781692220532, 41.727094275993565 ], [ -70.725578471228616, 41.727641359857948 ], [ -70.72559953405495, 41.727655821085207 ], [ -70.725601826703539, 41.727657460077822 ], [ -70.726291001679513, 41.728150042991849 ], [ -70.726506857597116, 41.728381802675187 ], [ -70.726790317773535, 41.728690111015538 ], [ -70.727097943049372, 41.729146512765162 ], [ -70.727404884945386, 41.729671919222447 ], [ -70.727847200352457, 41.730349747531967 ], [ -70.728354021933896, 41.731034818142327 ], [ -70.729516520004452, 41.732308735824596 ], [ -70.729518649776494, 41.732309948651348 ], [ -70.730609309596119, 41.732931078659448 ], [ -70.730609490424797, 41.732931234747866 ], [ -70.73159348272452, 41.733783563316948 ], [ -70.731601815865943, 41.733789712469459 ], [ -70.732450198851851, 41.734415715375732 ], [ -70.732915620000611, 41.734680566195578 ], [ -70.733454974011252, 41.734924914875407 ], [ -70.733965232244344, 41.735084262305499 ], [ -70.73440713938065, 41.735222262536915 ], [ -70.735685990426134, 41.735809842564791 ], [ -70.735687565439875, 41.735811225325541 ], [ -70.736032456794263, 41.736114035638536 ], [ -70.73632266916519, 41.736432652745869 ], [ -70.736560753774398, 41.73677061738568 ], [ -70.736488421840022, 41.737253052075005 ], [ -70.73642388045559, 41.738037657361495 ], [ -70.736284144171307, 41.738959485965218 ], [ -70.736231920222053, 41.739482494394444 ], [ -70.73612420453685, 41.740032676113493 ], [ -70.735542636287903, 41.741389074055036 ], [ -70.735210498370421, 41.742047513483428 ], [ -70.734944247755109, 41.742593347475236 ], [ -70.73432889559929, 41.744069767194269 ], [ -70.733933574281011, 41.744831489243374 ], [ -70.733456899360277, 41.745475594176021 ], [ -70.732924881445655, 41.746133097648659 ], [ -70.732320289546252, 41.74670747385553 ], [ -70.730368958111683, 41.747630841798006 ], [ -70.730089963837258, 41.747890635603902 ], [ -70.729892142127113, 41.748281818233153 ], [ -70.729796874040957, 41.748556625779976 ], [ -70.729906934227955, 41.749092780507866 ], [ -70.729915056664652, 41.749391003916955 ], [ -70.730522691742095, 41.749904913208553 ], [ -70.73067705924035, 41.750228904882704 ], [ -70.730802626987028, 41.750636362171306 ], [ -70.731073663799151, 41.751195229031453 ], [ -70.731080681807725, 41.751201041584224 ], [ -70.731486837264598, 41.751537391259035 ], [ -70.731744916977689, 41.751751112080747 ], [ -70.731998689111464, 41.751946329129545 ], [ -70.732405814669377, 41.752396246837364 ], [ -70.732657010543321, 41.753073599245717 ], [ -70.732648678434131, 41.753816352884535 ], [ -70.73238482968766, 41.754344820751378 ], [ -70.731954957912293, 41.75491348563196 ], [ -70.731421105785302, 41.755715582973522 ], [ -70.731274632142274, 41.756423883890065 ], [ -70.731235699540093, 41.757031875383895 ], [ -70.731155970751047, 41.757985646010752 ], [ -70.731350045354318, 41.758765496388932 ], [ -70.732431656921477, 41.76080574450058 ], [ -70.732436371536153, 41.760808495433245 ], [ -70.733231822877883, 41.761272728648841 ], [ -70.733232423039311, 41.761273222498417 ], [ -70.734344525855349, 41.762189750077503 ], [ -70.734368652906568, 41.762209634284908 ], [ -70.735308580941194, 41.762766450514107 ], [ -70.735626889847794, 41.762958522175204 ], [ -70.736326758766737, 41.763380824668779 ], [ -70.737285311286016, 41.76395482498905 ], [ -70.737290915201356, 41.763958974567821 ], [ -70.738117019589168, 41.764570685889687 ], [ -70.738678889393057, 41.765463959804244 ], [ -70.738505260448662, 41.766411572369023 ], [ -70.738207099916806, 41.76729801002547 ], [ -70.737954059693365, 41.768207826502078 ], [ -70.737965411979644, 41.768213664899086 ], [ -70.738595675835953, 41.768537790992212 ], [ -70.738775113900346, 41.768630069401411 ], [ -70.739239998953465, 41.769362979943615 ], [ -70.739256277290778, 41.769947009120024 ], [ -70.739269496336746, 41.769963068414931 ], [ -70.73973740140886, 41.770531509198264 ], [ -70.739747748013812, 41.770544079184489 ], [ -70.739751670818791, 41.770546648047407 ], [ -70.740742936360121, 41.771195815105365 ], [ -70.740747016332492, 41.771198727127071 ], [ -70.742010558198018, 41.77210051725347 ], [ -70.742644195451192, 41.772632015952539 ], [ -70.743297396518159, 41.77374020677054 ], [ -70.743264004748383, 41.774751280775291 ], [ -70.743456062521744, 41.775243637573183 ], [ -70.743567039626015, 41.775522645403314 ], [ -70.744071521749731, 41.776255522646473 ], [ -70.744621250896358, 41.776853313022336 ], [ -70.745407489700668, 41.777686457309457 ], [ -70.74523974442269, 41.778962743968073 ], [ -70.745183315898828, 41.780615827605658 ], [ -70.745354044225394, 41.78128181010041 ], [ -70.746121152958153, 41.782264787435579 ], [ -70.746843522187703, 41.782913245730619 ], [ -70.747671534646045, 41.784034859690735 ], [ -70.748350227605897, 41.785439054851153 ], [ -70.749051096226367, 41.786918495490504 ], [ -70.749742192098381, 41.788606458979658 ], [ -70.75018101840223, 41.790145321625133 ], [ -70.750427671318192, 41.791532975101141 ], [ -70.750599835583856, 41.792930874297504 ], [ -70.750725693058143, 41.794323976668942 ], [ -70.75073478809685, 41.796291997216024 ], [ -70.750454447143724, 41.79821128933488 ], [ -70.750168265901678, 41.799414321049269 ], [ -70.749668928252973, 41.800788801935646 ], [ -70.749170522944354, 41.801742010309368 ], [ -70.748839926116531, 41.80300687618179 ], [ -70.748569452994218, 41.804113669166256 ], [ -70.748627466358656, 41.805172533380372 ], [ -70.74859804754152, 41.806373001557191 ], [ -70.748474799528083, 41.806912831085512 ], [ -70.748420787350085, 41.80714940529267 ], [ -70.748294488399708, 41.807491619243997 ], [ -70.748118568606387, 41.808153681855252 ], [ -70.747834047816085, 41.808952246934048 ], [ -70.747708820506219, 41.809202988447225 ], [ -70.747459711354054, 41.809590129563198 ], [ -70.746854771189646, 41.810340837310072 ], [ -70.746344082054392, 41.810874901774127 ], [ -70.746003527407893, 41.811238566411731 ], [ -70.745676901811279, 41.811716670805552 ], [ -70.745443187992194, 41.812092475506482 ], [ -70.745024175861559, 41.812627140883691 ], [ -70.744762323416055, 41.812796930405305 ], [ -70.744160842544375, 41.81325033978213 ], [ -70.743714632303607, 41.813498947707842 ], [ -70.743346599350318, 41.813599419569229 ], [ -70.742810171413396, 41.813721642641219 ], [ -70.74241156797595, 41.813821908470594 ], [ -70.741812370394982, 41.814080927215983 ], [ -70.7407976427655, 41.814577310577619 ], [ -70.739890704685919, 41.815005793568929 ], [ -70.739566058013509, 41.815312370112899 ], [ -70.738838694177602, 41.816062219490313 ], [ -70.738493694612487, 41.816533313809927 ], [ -70.738153618656511, 41.817109653367787 ], [ -70.737848562638888, 41.817750327895915 ], [ -70.737730277882477, 41.817998745199752 ], [ -70.73717671462623, 41.81955018830952 ], [ -70.737064522361877, 41.819983963427688 ], [ -70.736666792546487, 41.821284878750056 ], [ -70.736577436055882, 41.821539821826001 ], [ -70.736286933017922, 41.822368649074718 ], [ -70.736002201952004, 41.823167183965069 ], [ -70.735325848806283, 41.824752099142692 ], [ -70.735059807958166, 41.825264884572171 ], [ -70.733985535398304, 41.826881427510024 ], [ -70.733465616582237, 41.827691909786246 ], [ -70.733284288453021, 41.827985899353287 ], [ -70.733019043719892, 41.828430076293863 ], [ -70.732505342741916, 41.829192756953617 ], [ -70.731778427325594, 41.829885390984906 ], [ -70.73113014052889, 41.830395591869802 ], [ -70.730156241424012, 41.831280943001801 ], [ -70.729284137947573, 41.832180290591033 ], [ -70.728546508554075, 41.832905254749647 ], [ -70.727792382183338, 41.833678519722518 ], [ -70.727524592371225, 41.833961781950045 ], [ -70.726567125419592, 41.834744300437414 ], [ -70.725871631701281, 41.835357065551818 ], [ -70.724960131282714, 41.83612844787713 ], [ -70.724280174489479, 41.836718439282421 ], [ -70.723353901518209, 41.837443969020157 ], [ -70.722303338228784, 41.838328732104443 ], [ -70.721314046339387, 41.839202469111733 ], [ -70.720709216141529, 41.839895866258892 ], [ -70.720197372519095, 41.840486982188779 ], [ -70.719837304360581, 41.841170613942722 ], [ -70.719307633897657, 41.841967432584575 ], [ -70.718452497914768, 41.843116500238715 ], [ -70.717632262674385, 41.843911320005283 ], [ -70.716750279120589, 41.844751449477883 ], [ -70.715991167430076, 41.845546677329985 ], [ -70.715664844252856, 41.845967525171375 ], [ -70.715105482184256, 41.846684075518439 ], [ -70.714512848056572, 41.847617657535302 ], [ -70.714262540916238, 41.848073329463368 ], [ -70.714057121496722, 41.84860935512441 ], [ -70.713823792152908, 41.848927923721526 ], [ -70.713343666379259, 41.849416314215844 ], [ -70.712201717745799, 41.850243181293827 ], [ -70.71070432528461, 41.851364886012945 ], [ -70.708865325348938, 41.852895858379199 ], [ -70.707906636255757, 41.853735388666401 ], [ -70.707392857453755, 41.854463654137732 ], [ -70.706697106682228, 41.855064867615681 ], [ -70.705795401040618, 41.856236388970309 ], [ -70.704753590841065, 41.857601319739146 ], [ -70.704269477743622, 41.858398387440232 ], [ -70.704081376553873, 41.858762991414494 ], [ -70.703194008133451, 41.860003201870938 ], [ -70.702540324364705, 41.8609019919083 ], [ -70.702411098237874, 41.861449963572326 ], [ -70.702118942167345, 41.861973753227431 ], [ -70.699560175377783, 41.864830779298636 ], [ -70.698515386361635, 41.866039236586296 ], [ -70.697405783541598, 41.867322599768642 ], [ -70.695506655291609, 41.868933310381919 ], [ -70.695051907949278, 41.869326087016887 ], [ -70.692825426168952, 41.871452624161662 ], [ -70.691467472630322, 41.873113055352974 ], [ -70.690929525178234, 41.873780744800953 ], [ -70.688594526038202, 41.876554093113796 ], [ -70.687269091187034, 41.878622471575746 ], [ -70.686996052316715, 41.879058634071328 ], [ -70.687038563354619, 41.88207217686886 ], [ -70.687685503791016, 41.883319129200423 ], [ -70.687711062143393, 41.88375558669577 ], [ -70.686310149639795, 41.88269439994702 ], [ -70.684928902970128, 41.881880934496486 ], [ -70.683415721147313, 41.881491944311819 ], [ -70.683242485357269, 41.881419327669029 ], [ -70.681465270175707, 41.880674335504075 ], [ -70.680248439473132, 41.880073458673145 ], [ -70.679328183247051, 41.879619016231437 ], [ -70.677063897392088, 41.87852298272675 ], [ -70.677058129999963, 41.878520191363577 ], [ -70.66724488205891, 41.875716198148865 ], [ -70.664546680194107, 41.874862679780463 ], [ -70.660890059036021, 41.874180727701194 ], [ -70.658828633134519, 41.873391304964088 ], [ -70.656231166548267, 41.872779930947786 ], [ -70.652800065424344, 41.87132177213546 ], [ -70.649388347272335, 41.870224357156914 ], [ -70.647247526447046, 41.869434141036635 ], [ -70.645109142327087, 41.868465227514648 ], [ -70.642488014638786, 41.867849995063899 ], [ -70.64026206368105, 41.867475897162187 ], [ -70.637801165788034, 41.866802202675707 ], [ -70.634500620234604, 41.865540261110617 ], [ -70.632293856706312, 41.864925584044826 ] ] ] } },
{ "type": "Feature", "properties": { "TMDL_BASIN": "Buttermilk Bay", "BBP_SYS_ID": "BUTBAY", "SHED_ACRES": 8191.323, "HECTARES": 3314.9239, "DELIN_YEAR": 2023 }, "geometry": { "type": "Polygon", "coordinates": [ [ [ -70.619670184031108, 41.845472848129738 ], [ -70.618533438969664, 41.845436112474893 ], [ -70.619174557717301, 41.845441065022712 ], [ -70.619738627999851, 41.844968959883573 ], [ -70.619909415790019, 41.844136474423848 ], [ -70.620045026788759, 41.843388069565556 ], [ -70.619322842563008, 41.843382495987782 ], [ -70.618970698474257, 41.843379776598084 ], [ -70.618697886746091, 41.843299640503687 ], [ -70.617662053918622, 41.842745432398587 ], [ -70.617477936531671, 41.842639931900521 ], [ -70.616833832761017, 41.842270851027578 ], [ -70.615799655260474, 41.841599595593046 ], [ -70.614623618187437, 41.839873842797495 ], [ -70.613604682408635, 41.838110283891986 ], [ -70.612592858370576, 41.835839584115696 ], [ -70.611682169674197, 41.83380374838368 ], [ -70.610561811480892, 41.831844298355428 ], [ -70.609807719642788, 41.829809667430972 ], [ -70.609311735973719, 41.827972119034513 ], [ -70.609192098979577, 41.827136404133874 ], [ -70.608951644615829, 41.826931374142255 ], [ -70.608227308696911, 41.826342048438732 ], [ -70.608098259807136, 41.826217782183932 ], [ -70.60744162482888, 41.825585476404591 ], [ -70.606985514219915, 41.825176914486306 ], [ -70.606183269062839, 41.82446784916732 ], [ -70.605713587799158, 41.823892414142946 ], [ -70.605056516543812, 41.823053453377653 ], [ -70.604841118178214, 41.822515744037794 ], [ -70.604784277996188, 41.822026924566998 ], [ -70.604728443837701, 41.821466645773327 ], [ -70.6048941848059, 41.821003397295833 ], [ -70.60522181774688, 41.82035083578311 ], [ -70.605401134824461, 41.820054454662895 ], [ -70.605901062237919, 41.819605737575351 ], [ -70.606786105965853, 41.818945628993639 ], [ -70.607104206744751, 41.81876890918052 ], [ -70.606974800239811, 41.817686003679441 ], [ -70.606303051072956, 41.816073320893494 ], [ -70.605125001261499, 41.814424069295804 ], [ -70.604761856454004, 41.812924844291224 ], [ -70.604478958161422, 41.81107983665818 ], [ -70.604844750787805, 41.809333172990499 ], [ -70.604086051265341, 41.807852178789936 ], [ -70.602461258136088, 41.806733996454795 ], [ -70.601303848116373, 41.805409225947784 ], [ -70.600055482618785, 41.804286933295622 ], [ -70.599199643430097, 41.803724248009608 ], [ -70.598394752965291, 41.803195044273515 ], [ -70.597358997420628, 41.801509793457356 ], [ -70.596282047841697, 41.799854656632313 ], [ -70.59506309428636, 41.798032058275133 ], [ -70.593724355893684, 41.796296969695959 ], [ -70.592744768726533, 41.794978064910623 ], [ -70.591688788544317, 41.793579137197433 ], [ -70.590445283197099, 41.79191047831911 ], [ -70.589327514406989, 41.790285397989386 ], [ -70.588490183905705, 41.78899786015166 ], [ -70.587593097929698, 41.787618472021329 ], [ -70.586432806990572, 41.785413676744263 ], [ -70.585737421055683, 41.783683079568576 ], [ -70.585472718258728, 41.78204403550221 ], [ -70.585309927571146, 41.780601900634942 ], [ -70.585621387069835, 41.778759610772255 ], [ -70.585871445479796, 41.776592636372939 ], [ -70.58612575623647, 41.774845131866321 ], [ -70.586437366783244, 41.773557787659435 ], [ -70.586688786047233, 41.772085589571361 ], [ -70.587425887653154, 41.770430105878233 ], [ -70.58778449783874, 41.770040440726987 ], [ -70.588999178563071, 41.768720525349572 ], [ -70.590524474970593, 41.767529052421601 ], [ -70.591790582933058, 41.766416907757005 ], [ -70.592860406222343, 41.765293365882521 ], [ -70.593488069406035, 41.76410898890326 ], [ -70.593893401836937, 41.762615833594523 ], [ -70.594143142939672, 41.761003878978038 ], [ -70.594937776031969, 41.759531162235902 ], [ -70.596229602402772, 41.757745395498539 ], [ -70.598283688136959, 41.755779732147076 ], [ -70.600201738409737, 41.754819603486197 ], [ -70.601935995447249, 41.75420434720921 ], [ -70.603609886767288, 41.753542725174135 ], [ -70.605740755812533, 41.752329407334173 ], [ -70.608103363166791, 41.751005046856804 ], [ -70.608199860791387, 41.750950952825193 ], [ -70.608526263915081, 41.750793887029999 ], [ -70.61009201299332, 41.750040423721302 ], [ -70.611569279200765, 41.749228654074429 ], [ -70.613074264540927, 41.748299396568513 ], [ -70.614430567525304, 41.74739508407545 ], [ -70.614589552110203, 41.747269498086851 ], [ -70.615030981302212, 41.747105339535111 ], [ -70.615087116035127, 41.74709408623405 ], [ -70.615217554823573, 41.746975265648331 ], [ -70.615816552110431, 41.746841499223621 ], [ -70.616415841430268, 41.746686436824596 ], [ -70.617072580999348, 41.746489226469308 ], [ -70.617443671106514, 41.746385627158993 ], [ -70.617742503247456, 41.746366647346349 ], [ -70.61826849872395, 41.746370720752175 ], [ -70.61868164685086, 41.746310033234863 ], [ -70.619448581530975, 41.746369203140006 ], [ -70.620506791348703, 41.746733348912024 ], [ -70.620555077661678, 41.746749964618488 ], [ -70.620651380471273, 41.74678310309811 ], [ -70.62152922495369, 41.747181564680254 ], [ -70.621623620983797, 41.74721068961513 ], [ -70.621650719677646, 41.747187088027303 ], [ -70.622440075358568, 41.7474996374415 ], [ -70.624051687938078, 41.748172191411193 ], [ -70.624376478368973, 41.74833440202142 ], [ -70.6256633344546, 41.748844722559774 ], [ -70.626059798548425, 41.748964888333404 ], [ -70.626770170783885, 41.748922015436328 ], [ -70.626993885644382, 41.749008026798812 ], [ -70.627695458859677, 41.749277331081451 ], [ -70.6279583311523, 41.749318867402806 ], [ -70.6285750355229, 41.749416309962854 ], [ -70.629102220120714, 41.749552025301689 ], [ -70.629629399290977, 41.749688300889005 ], [ -70.630156212074652, 41.749824008472437 ], [ -70.630681603683698, 41.750091948540259 ], [ -70.63103258760141, 41.750226872639281 ], [ -70.6313835718001, 41.75036179564691 ], [ -70.631725398560377, 41.750590063910749 ], [ -70.631787097983363, 41.750584344014072 ], [ -70.632406457545869, 41.750627458213494 ], [ -70.633937669885896, 41.751428518787918 ], [ -70.636093701241847, 41.752845570969832 ], [ -70.637253326468254, 41.753982669097105 ], [ -70.63772235203659, 41.754895620544985 ], [ -70.637909329685968, 41.75510187588457 ], [ -70.638186651765722, 41.755407858023744 ], [ -70.638354420101663, 41.755845652036072 ], [ -70.638580499637314, 41.756435600110166 ], [ -70.639064863150708, 41.758722327772176 ], [ -70.639096783804561, 41.759431089439204 ], [ -70.639358676574432, 41.759685911160332 ], [ -70.640285773612916, 41.760860520605824 ], [ -70.640937992722044, 41.76240222224672 ], [ -70.64135325528882, 41.763330538934419 ], [ -70.642995074623954, 41.764944184797656 ], [ -70.644264402314604, 41.765985664062107 ], [ -70.645156899146201, 41.766775213581752 ], [ -70.645930227397045, 41.767149035957999 ], [ -70.646523337508441, 41.767668779935448 ], [ -70.646515168873279, 41.768279927076208 ], [ -70.646506132837843, 41.768955956256605 ], [ -70.646255150435834, 41.77016279599907 ], [ -70.646383874064398, 41.770351418474576 ], [ -70.646395280011475, 41.771381892753929 ], [ -70.645881340376079, 41.773274496846334 ], [ -70.644610460990179, 41.775859224370436 ], [ -70.643930582467576, 41.776608198763192 ], [ -70.642881550347425, 41.778561484314551 ], [ -70.641647120393998, 41.780313246966891 ], [ -70.641764071321134, 41.78145178074935 ], [ -70.641745775805518, 41.782823956582284 ], [ -70.641723640196204, 41.784470422939869 ], [ -70.641958556487594, 41.786471656916191 ], [ -70.642042199968998, 41.788040596779098 ], [ -70.642285738856316, 41.789294324320686 ], [ -70.642285864497367, 41.789303924613165 ], [ -70.642287950785459, 41.789463491693169 ], [ -70.642282325213174, 41.789547556061919 ], [ -70.642231724234691, 41.789644036020015 ], [ -70.642150805611394, 41.789703387810285 ], [ -70.642020588347094, 41.789762369326205 ], [ -70.641823574435875, 41.789747048744097 ], [ -70.641676294381725, 41.789699815156183 ], [ -70.641642295482981, 41.789665713009683 ], [ -70.641578996373084, 41.789602221548485 ], [ -70.641481885938234, 41.789490792911643 ], [ -70.641464781479996, 41.789451061795212 ], [ -70.641463956755317, 41.789449146080663 ], [ -70.64136672149408, 41.789346940038776 ], [ -70.641177361086648, 41.789220978831295 ], [ -70.641048321840586, 41.789192331849627 ], [ -70.640888036363307, 41.789195735519996 ], [ -70.640776988012774, 41.789204123802108 ], [ -70.640593336480691, 41.789280311639651 ], [ -70.64054767275546, 41.789299255536164 ], [ -70.640511755919405, 41.789313954297889 ], [ -70.640510988209812, 41.789314268478492 ], [ -70.640392742466133, 41.789362659749919 ], [ -70.640199532443376, 41.789522637583929 ], [ -70.640149455865583, 41.789579914656436 ], [ -70.640099379068658, 41.789637191854624 ], [ -70.640023192283095, 41.789802664102595 ], [ -70.639996677748712, 41.789940836617149 ], [ -70.639997012770607, 41.789942663276577 ], [ -70.640019171899795, 41.790063482480662 ], [ -70.639886787557813, 41.790234013520667 ], [ -70.639808739358529, 41.790334550876324 ], [ -70.639419849176335, 41.790846191297341 ], [ -70.639063206910933, 41.791232288933891 ], [ -70.638785045279917, 41.791632260423349 ], [ -70.638548991659505, 41.791971679860673 ], [ -70.638173816165519, 41.792597770728541 ], [ -70.637798434539306, 41.793112430524694 ], [ -70.637210118260384, 41.79391901024735 ], [ -70.637161847730397, 41.793985187955371 ], [ -70.636401419178824, 41.794848491207972 ], [ -70.636168208386039, 41.79514403424993 ], [ -70.635396515918728, 41.796060778564048 ], [ -70.634599578052587, 41.797007480337456 ], [ -70.633043631706741, 41.798781226093922 ], [ -70.632985327559396, 41.798847689184413 ], [ -70.632934483087112, 41.798910888327192 ], [ -70.632208105067036, 41.799813752478549 ], [ -70.631058366412546, 41.801200067906827 ], [ -70.630678473101085, 41.801622823380008 ], [ -70.630393593207927, 41.801939840945955 ], [ -70.630402702780529, 41.801941824607006 ], [ -70.630790397543365, 41.802026247554011 ], [ -70.630841285868584, 41.802040285579494 ], [ -70.631012432408937, 41.802087497906633 ], [ -70.631233333841394, 41.802232119340431 ], [ -70.631436211634593, 41.802531452852442 ], [ -70.631668656647889, 41.802997772354722 ], [ -70.631761410100168, 41.803200973983017 ], [ -70.631952424555095, 41.8032024287021 ], [ -70.632162759046324, 41.802953888916697 ], [ -70.632517322397732, 41.802634977589193 ], [ -70.632902098961338, 41.802435409972411 ], [ -70.633220776968471, 41.802414010108457 ], [ -70.633569672684686, 41.802511954838891 ], [ -70.633853444561794, 41.802716606512128 ], [ -70.634009228563968, 41.802967931317852 ], [ -70.634052619162844, 41.803289871825875 ], [ -70.634057539707001, 41.803527658337551 ], [ -70.634062234216401, 41.803754492488423 ], [ -70.633925029713581, 41.804480051195 ], [ -70.633739259148456, 41.805264797284636 ], [ -70.633519058676555, 41.806239865948591 ], [ -70.633219096234285, 41.80722623913411 ], [ -70.632987494190814, 41.807867698772583 ], [ -70.632612127328969, 41.808543798208206 ], [ -70.632509164208031, 41.809090943323142 ], [ -70.63239157445544, 41.809542684751797 ], [ -70.631995088767155, 41.810599788917166 ], [ -70.631774192320663, 41.810976539870289 ], [ -70.631625908907708, 41.811764427650921 ], [ -70.631413996889179, 41.812734791437556 ], [ -70.631134872863072, 41.814150607016828 ], [ -70.630955070793235, 41.815006863721734 ], [ -70.630726141224002, 41.816102881546399 ], [ -70.630609024995792, 41.816845265564531 ], [ -70.630467725495834, 41.81711862818419 ], [ -70.630197133187892, 41.817905581243267 ], [ -70.63009264218536, 41.818842456114297 ], [ -70.629936679577881, 41.82019059901949 ], [ -70.629763709291751, 41.821664396954681 ], [ -70.629773848345749, 41.82204183021431 ], [ -70.629400277583315, 41.823651317242309 ], [ -70.629017958890529, 41.824780464522092 ], [ -70.628730624276912, 41.825670201254219 ], [ -70.628291820304639, 41.826455864502179 ], [ -70.627422469810142, 41.82742119253232 ], [ -70.626803046890871, 41.828386746780545 ], [ -70.626641371231401, 41.828638760827566 ], [ -70.626529665148226, 41.828980955285402 ], [ -70.625560533847292, 41.830528691943101 ], [ -70.625255767089001, 41.83111086767817 ], [ -70.625175073697974, 41.831120792274177 ], [ -70.625070507726932, 41.83122862945914 ], [ -70.624932279118269, 41.831399289176538 ], [ -70.624849215855662, 41.831647470971781 ], [ -70.624870959888725, 41.831770295168617 ], [ -70.624956572628832, 41.831859273382854 ], [ -70.624913503955227, 41.83199884667237 ], [ -70.624956231185251, 41.832227875419747 ], [ -70.625095310626293, 41.832433019880696 ], [ -70.624986865170371, 41.832471050533563 ], [ -70.624832694922162, 41.832544325007134 ], [ -70.624785703924957, 41.832604387607368 ], [ -70.62477033525002, 41.832624031396094 ], [ -70.624608664097025, 41.832685793013709 ], [ -70.624461285720997, 41.83282212158155 ], [ -70.624406032538516, 41.832941974805095 ], [ -70.624350857763034, 41.833056101108525 ], [ -70.624226450562844, 41.833192605750568 ], [ -70.624041018409883, 41.833311459074018 ], [ -70.623802297334535, 41.833406992721244 ], [ -70.623632650980952, 41.833491601688785 ], [ -70.623432605021264, 41.833517720004956 ], [ -70.623425503298563, 41.833518647210227 ], [ -70.623002841206613, 41.833624220262145 ], [ -70.622936947641335, 41.833689816953111 ], [ -70.6228087241238, 41.833817462280663 ], [ -70.622646654203223, 41.833907855568107 ], [ -70.622537950845313, 41.834015841722383 ], [ -70.62244385330844, 41.834175487635292 ], [ -70.622320306629405, 41.834248994389995 ], [ -70.622159495929921, 41.83424775673214 ], [ -70.621928978033168, 41.834303257160165 ], [ -70.62177377482287, 41.834450977064435 ], [ -70.621679201592443, 41.834644983682836 ], [ -70.621493287230578, 41.834798194193283 ], [ -70.621353870594803, 41.834911670153772 ], [ -70.620937164940756, 41.835086718709576 ], [ -70.62088461093073, 41.835193285947355 ], [ -70.620918700542177, 41.835218083594064 ], [ -70.62110600890513, 41.835354335913962 ], [ -70.621208845279341, 41.835534169872787 ], [ -70.621252506691391, 41.835694596322838 ], [ -70.621402876042438, 41.835878715733287 ], [ -70.621810641940641, 41.836247777179899 ], [ -70.622472507873326, 41.837041887462782 ], [ -70.623253876814019, 41.838042744191142 ], [ -70.623766024044414, 41.838606995683783 ], [ -70.624414219785592, 41.839286639227375 ], [ -70.624897061209893, 41.839759180511187 ], [ -70.625667601223583, 41.84043975619722 ], [ -70.626194764763, 41.841026981474592 ], [ -70.627040846834646, 41.841776736230479 ], [ -70.627575391368282, 41.842115261655984 ], [ -70.628758367047467, 41.842833273769656 ], [ -70.63009427754686, 41.843552440718398 ], [ -70.631021100230441, 41.843994035506199 ], [ -70.632057769922199, 41.844619439844074 ], [ -70.63340713987138, 41.844963219782208 ], [ -70.635311272897823, 41.845513685745459 ], [ -70.637214149787155, 41.846159401294365 ], [ -70.638482005758462, 41.846645442175493 ], [ -70.640017619004311, 41.847359804653927 ], [ -70.641298081300135, 41.848096049221439 ], [ -70.64193171997951, 41.848362868821432 ], [ -70.643071260388581, 41.848919361283976 ], [ -70.644035916325123, 41.849450707556237 ], [ -70.646042053163683, 41.850728354878221 ], [ -70.647621820315891, 41.851728818698177 ], [ -70.648759880662141, 41.852404356716029 ], [ -70.649960891916621, 41.853139909421422 ], [ -70.651842828276514, 41.854190209779524 ], [ -70.652965521271227, 41.854829857068779 ], [ -70.654527355758177, 41.855996849543956 ], [ -70.654827995307642, 41.856153926013434 ], [ -70.656704902805089, 41.857597184777241 ], [ -70.658567535315299, 41.858921192416879 ], [ -70.65981391112345, 41.859859467598056 ], [ -70.660536752325697, 41.860627119044935 ], [ -70.661275856533678, 41.861371061923386 ], [ -70.66214056173915, 41.862258858821434 ], [ -70.662798475182328, 41.863121309350646 ], [ -70.663235530530585, 41.86381537655798 ], [ -70.663486084539429, 41.864150732612892 ], [ -70.66370805581731, 41.864235740117238 ], [ -70.664200892119794, 41.864322730678516 ], [ -70.664821039042948, 41.864422563149112 ], [ -70.664847737859716, 41.864432439534554 ], [ -70.663419618276492, 41.864320203389312 ], [ -70.662310864820597, 41.863811789080849 ], [ -70.660319766049085, 41.862546457277013 ], [ -70.657660683783845, 41.861192779141469 ], [ -70.655554922308525, 41.860176654880668 ], [ -70.652892717191918, 41.859072980604083 ], [ -70.650568501068591, 41.857721620443037 ], [ -70.646795759045858, 41.856276008854131 ], [ -70.644691450143014, 41.855176312373416 ], [ -70.642278612696828, 41.853657933777207 ], [ -70.641460883302585, 41.853240113455321 ], [ -70.640644852023371, 41.852832372642702 ], [ -70.639755667393686, 41.852388066772434 ], [ -70.638816846449004, 41.851985108698827 ], [ -70.637544628723148, 41.851518004502239 ], [ -70.63608832777517, 41.850983286283736 ], [ -70.635024012379915, 41.850518440106406 ], [ -70.633935401868172, 41.850034109431917 ], [ -70.632663628912198, 41.84942153306605 ], [ -70.631464666127002, 41.848800636833722 ], [ -70.630297246897001, 41.848205784334411 ], [ -70.629165851557048, 41.847572555274532 ], [ -70.628306909919843, 41.847156053376828 ], [ -70.62748468972903, 41.846839667628196 ], [ -70.626163477552979, 41.846482656307124 ], [ -70.624966653966553, 41.846136566472978 ], [ -70.623283497693549, 41.84586120316051 ], [ -70.621510924936132, 41.845558101896707 ], [ -70.619670184031108, 41.845472848129738 ] ] ] } },
{ "type": "Feature", "properties": { "TMDL_BASIN": "Butler Cove", "BBP_SYS_ID": "BUTLCOV", "SHED_ACRES": 242.467, "HECTARES": 98.1234, "DELIN_YEAR": 2023 }, "geometry": { "type": "Polygon", "coordinates": [ [ [ -70.633937669885896, 41.751428518787883 ], [ -70.632406457545869, 41.75062745821343 ], [ -70.631787097983448, 41.750584344014108 ], [ -70.631725398560476, 41.750590063910749 ], [ -70.6313835718001, 41.750361795646846 ], [ -70.63103258760151, 41.750226872639224 ], [ -70.630681603683698, 41.750091948540188 ], [ -70.630156212074738, 41.749824008472373 ], [ -70.629629399291147, 41.749688300889055 ], [ -70.629102220120799, 41.749552025301654 ], [ -70.628575035522886, 41.749416309962903 ], [ -70.6279583311523, 41.749318867402771 ], [ -70.627266259429391, 41.748887165678582 ], [ -70.626528704962553, 41.748555741425044 ], [ -70.625585681256794, 41.748280223933797 ], [ -70.624442966781075, 41.747639067300248 ], [ -70.623451686197498, 41.747152368329665 ], [ -70.622128597785306, 41.746605614621075 ], [ -70.622111055752029, 41.746597804705367 ], [ -70.621992012205851, 41.746493776063232 ], [ -70.621893473318167, 41.746468330546975 ], [ -70.621884169907844, 41.746462165481347 ], [ -70.621893642979501, 41.746455988944419 ], [ -70.622075258847858, 41.746432703243002 ], [ -70.62217430657418, 41.746421123793127 ], [ -70.622306144044728, 41.74642213986359 ], [ -70.622346794773961, 41.746407307811772 ], [ -70.622460030721115, 41.746435531544556 ], [ -70.622504069801678, 41.746411322079723 ], [ -70.622652725968507, 41.74638778151138 ], [ -70.622785629557256, 41.746394338502611 ], [ -70.626571151069427, 41.745451667356463 ], [ -70.62698287020136, 41.745282357473613 ], [ -70.627256606630993, 41.74513185718412 ], [ -70.627401952895156, 41.744992490823869 ], [ -70.62750251458624, 41.744869832237008 ], [ -70.627667813153295, 41.744834069756308 ], [ -70.628193634348335, 41.744949182200614 ], [ -70.628448104473492, 41.745093389216656 ], [ -70.628521840725227, 41.745123569711936 ], [ -70.628586612481726, 41.745137333248515 ], [ -70.62896429156136, 41.745238965609246 ], [ -70.629428584544328, 41.745375509228971 ], [ -70.630126965011115, 41.745517207566465 ], [ -70.630133571361085, 41.745511363726962 ], [ -70.630327040460784, 41.745619666841151 ], [ -70.630537578115195, 41.74589281808791 ], [ -70.631472046889556, 41.746257892175194 ], [ -70.632670872765331, 41.746575600416747 ], [ -70.633886357739755, 41.746881079740824 ], [ -70.634987664929184, 41.74709927864545 ], [ -70.635495701763119, 41.747312965173954 ], [ -70.635730596913618, 41.747334252415136 ], [ -70.635814205804422, 41.747276732919261 ], [ -70.636640080270453, 41.746936051345699 ], [ -70.636851491863041, 41.74687457283251 ], [ -70.63733684254511, 41.746799398950152 ], [ -70.637780718921235, 41.746676598349289 ], [ -70.638203750533151, 41.74653786807697 ], [ -70.638479177353659, 41.746413790027269 ], [ -70.638965160292571, 41.746291303349295 ], [ -70.639683390996396, 41.746123258538724 ], [ -70.640169793934533, 41.745969229477346 ], [ -70.640570062821823, 41.745956480423857 ], [ -70.641201731259088, 41.74596124530224 ], [ -70.642041626219807, 41.746141047902171 ], [ -70.642412438671585, 41.74636013070009 ], [ -70.642501252516951, 41.746412603146325 ], [ -70.64291538566286, 41.746936137657478 ], [ -70.643328468174943, 41.747538513786751 ], [ -70.643562729493169, 41.748049131948207 ], [ -70.643969585651163, 41.748410696152277 ], [ -70.64407106432752, 41.748695322696257 ], [ -70.644089796545472, 41.748868935837152 ], [ -70.644061978106492, 41.749373373669982 ], [ -70.643973947149362, 41.749656575953551 ], [ -70.643956304374399, 41.749713333791668 ], [ -70.643993558182316, 41.749777840609234 ], [ -70.644106276278251, 41.749976173717585 ], [ -70.644185372227568, 41.750223625585129 ], [ -70.644179729903911, 41.750293971764755 ], [ -70.644237714278177, 41.75040291217892 ], [ -70.644237805260531, 41.750404309432994 ], [ -70.644246969134358, 41.750545042475615 ], [ -70.644214107526565, 41.750593049031721 ], [ -70.64421158656198, 41.750781201006433 ], [ -70.644043064297037, 41.751072705623876 ], [ -70.644039113785254, 41.751079539062388 ], [ -70.643385068317912, 41.751169243304666 ], [ -70.642796309396971, 41.751101733001683 ], [ -70.6425149583701, 41.751020300308781 ], [ -70.642460662640516, 41.751004585147633 ], [ -70.641975497866312, 41.751064012230017 ], [ -70.641528419948074, 41.751423358476188 ], [ -70.641435155771376, 41.751516936858103 ], [ -70.641200810071567, 41.751752070515565 ], [ -70.64112281593971, 41.751830326401404 ], [ -70.641120695500007, 41.751988012602254 ], [ -70.641280464117642, 41.752635796189821 ], [ -70.641549341103598, 41.753000537959956 ], [ -70.641693568072697, 41.753238178116654 ], [ -70.641980914967334, 41.753552242855555 ], [ -70.641984143600837, 41.753555771669319 ], [ -70.642337261449669, 41.753921146040099 ], [ -70.642389113041119, 41.753980674759752 ], [ -70.642544668394947, 41.754159260775744 ], [ -70.642665726572659, 41.754554427376974 ], [ -70.641799575591932, 41.754752917652347 ], [ -70.640993774226544, 41.755161600401728 ], [ -70.639809817734331, 41.755499610518974 ], [ -70.639324616348517, 41.755559026299551 ], [ -70.638754753603649, 41.755649340378646 ], [ -70.638667318340751, 41.755659573802667 ], [ -70.638354420101578, 41.755845652036044 ], [ -70.638186651765906, 41.755407858023695 ], [ -70.637909329686053, 41.755101875884527 ], [ -70.637722352036761, 41.754895620544914 ], [ -70.637253326468254, 41.753982669097105 ], [ -70.636093701242018, 41.752845570969832 ], [ -70.633937669885896, 41.751428518787883 ] ] ] } },
{ "type": "Feature", "properties": { "TMDL_BASIN": "Beaverdam Creek", "BBP_SYS_ID": "BEAVCR", "SHED_ACRES": 485.534, "HECTARES": 196.4893, "DELIN_YEAR": 2023 }, "geometry": { "type": "Polygon", "coordinates": [ [ [ -70.736627510475316, 41.763533876961787 ], [ -70.736359919244961, 41.763378379262576 ], [ -70.736350860267649, 41.763393097799558 ], [ -70.735632678920695, 41.762949081023926 ], [ -70.735626889963044, 41.762958522074989 ], [ -70.735308581323793, 41.762766450445696 ], [ -70.734368652709747, 41.762209633938589 ], [ -70.73323182345824, 41.761272728377911 ], [ -70.732431657469149, 41.760805744444205 ], [ -70.731350045316333, 41.758765496708229 ], [ -70.731155970421966, 41.75798564605654 ], [ -70.73123569940617, 41.757031875374409 ], [ -70.731274631740561, 41.756423883852307 ], [ -70.731421105716279, 41.755715582917134 ], [ -70.731954957478621, 41.754913485875221 ], [ -70.732384829589648, 41.754344820721847 ], [ -70.732648678072522, 41.75381635296997 ], [ -70.732657010611334, 41.753073599348795 ], [ -70.732405814380797, 41.752396247257444 ], [ -70.731998688835574, 41.75194632946242 ], [ -70.731744916375789, 41.751751112302273 ], [ -70.73107366434715, 41.751195228784468 ], [ -70.730802626469796, 41.750636362572216 ], [ -70.73067705895771, 41.750228904793673 ], [ -70.730522692278711, 41.749904913244187 ], [ -70.729915056783668, 41.749391003972356 ], [ -70.729906934085108, 41.749092780735829 ], [ -70.729796873515696, 41.748556626073103 ], [ -70.72989214200814, 41.748281818264374 ], [ -70.730089963425257, 41.74789063590341 ], [ -70.730368957650981, 41.74763084199148 ], [ -70.732320289560647, 41.746707473872519 ], [ -70.732924881289406, 41.74613309771771 ], [ -70.73345689884232, 41.745475594327687 ], [ -70.733933574027489, 41.744831489147991 ], [ -70.734328895306191, 41.744069767427462 ], [ -70.734944247294678, 41.742593347485489 ], [ -70.735210498665552, 41.742047513850792 ], [ -70.735542636196172, 41.741389073996075 ], [ -70.736124204405613, 41.740032676354851 ], [ -70.736231919999796, 41.739482494556015 ], [ -70.736284143824705, 41.738959485871959 ], [ -70.736423880330705, 41.738037657656719 ], [ -70.736488421698212, 41.737253052010296 ], [ -70.736560753719829, 41.736770617304479 ], [ -70.736322669767503, 41.7364326525216 ], [ -70.736032456422379, 41.736114035910198 ], [ -70.735685989998714, 41.735809842709457 ], [ -70.734407139830509, 41.735222262306777 ], [ -70.73396523189281, 41.735084262075318 ], [ -70.736796962600877, 41.733241544816856 ], [ -70.737876252904599, 41.733006869036309 ], [ -70.740365463820254, 41.732029815698631 ], [ -70.740945406185389, 41.731998951882794 ], [ -70.741292505287873, 41.732053362107024 ], [ -70.741662167897061, 41.73216001846918 ], [ -70.741915101210438, 41.732335359110273 ], [ -70.742028329693468, 41.732561866229496 ], [ -70.741862969260396, 41.732821249999184 ], [ -70.741420253287473, 41.733009323590629 ], [ -70.741369936725206, 41.733046348965431 ], [ -70.741755185904069, 41.734245860227041 ], [ -70.739530816434993, 41.739572577904866 ], [ -70.74012712854956, 41.743946917372369 ], [ -70.741999156780253, 41.750110265563158 ], [ -70.74186376174292, 41.750571499150773 ], [ -70.741971271325781, 41.751048942687056 ], [ -70.741986010352747, 41.751761031607423 ], [ -70.741883776108693, 41.752559170161085 ], [ -70.74173784138975, 41.753131264530225 ], [ -70.741334349291463, 41.753910031104432 ], [ -70.741003510903965, 41.754428795982427 ], [ -70.740581767333424, 41.754790663227325 ], [ -70.740052405515513, 41.754971361548193 ], [ -70.740575903577181, 41.755283808027954 ], [ -70.740872415386022, 41.755702559582915 ], [ -70.741077822046961, 41.755981778354638 ], [ -70.740913635416405, 41.75613697500102 ], [ -70.740401391529645, 41.756307216587757 ], [ -70.740142996037449, 41.756583343286053 ], [ -70.739906961876201, 41.75692908114253 ], [ -70.739648355000057, 41.757222570962711 ], [ -70.739437780931127, 41.757377455877219 ], [ -70.73875594593747, 41.758154354806571 ], [ -70.738659250223932, 41.7584836555748 ], [ -70.73845099142217, 41.758709791525071 ], [ -70.738118819038576, 41.759070473819364 ], [ -70.73822213946535, 41.760130468295309 ], [ -70.738238204247438, 41.760558571724168 ], [ -70.738163410945134, 41.761165067131685 ], [ -70.738207930252017, 41.761321655517726 ], [ -70.738223665353757, 41.761946923407564 ], [ -70.737987600977718, 41.762292657210494 ], [ -70.737798747636603, 41.762569243897062 ], [ -70.737402198141766, 41.762757611987062 ], [ -70.737097171267806, 41.763050785433386 ], [ -70.736862341759803, 41.763292331440852 ], [ -70.736627510475316, 41.763533876961787 ] ] ] } },
{ "type": "Feature", "properties": { "TMDL_BASIN": "Herring Brook", "BBP_SYS_ID": "HERBRK", "SHED_ACRES": 986.47, "HECTARES": 399.2119, "DELIN_YEAR": 2023 }, "geometry": { "type": "Polygon", "coordinates": [ [ [ -70.592506382519659, 41.62326174189436 ], [ -70.593399944551308, 41.622550800603626 ], [ -70.594423386549423, 41.62188196813397 ], [ -70.595237308027905, 41.621363964840221 ], [ -70.595984023239367, 41.620851048858469 ], [ -70.596868531828335, 41.620271692774963 ], [ -70.597677295071108, 41.619797525975358 ], [ -70.598494765450027, 41.619316669556461 ], [ -70.599255314557141, 41.618909639494568 ], [ -70.599817998613617, 41.61860008182115 ], [ -70.600556778587503, 41.618273344235455 ], [ -70.601225053844317, 41.617973619238775 ], [ -70.601705205063269, 41.617772573476977 ], [ -70.602806499961119, 41.617262415209645 ], [ -70.603903451881123, 41.616873766435255 ], [ -70.604907554377249, 41.616527707849251 ], [ -70.605860074310939, 41.616169416925231 ], [ -70.607088491525317, 41.615734500771012 ], [ -70.608126951442713, 41.615341975605894 ], [ -70.609105074452074, 41.615054202532647 ], [ -70.610360697512348, 41.614735954015458 ], [ -70.611723341679735, 41.61443203421296 ], [ -70.612991861398115, 41.614263549277851 ], [ -70.613991837138755, 41.614154859663159 ], [ -70.615111750840654, 41.614103370187003 ], [ -70.61631058755188, 41.614065426614808 ], [ -70.616928915118422, 41.614061791270558 ], [ -70.617546868313582, 41.614058149656309 ], [ -70.617700716696532, 41.614062973879243 ], [ -70.619574540320031, 41.614167854248819 ], [ -70.621969084797925, 41.614528678282333 ], [ -70.623417116617347, 41.6149203304875 ], [ -70.625662397402095, 41.616176595855748 ], [ -70.627952698356893, 41.616933689342602 ], [ -70.630237150649265, 41.617965792554166 ], [ -70.631812541670854, 41.618762865049099 ], [ -70.63467252329032, 41.620225311919633 ], [ -70.635944152447252, 41.620875560327953 ], [ -70.636670084277497, 41.62164419168856 ], [ -70.636731077629506, 41.621654849368205 ], [ -70.637309750437097, 41.621586988001368 ], [ -70.637909000496009, 41.62237429325122 ], [ -70.638572293518052, 41.623174123020874 ], [ -70.638917563767436, 41.623754776240325 ], [ -70.638989864516475, 41.624345403557932 ], [ -70.638917572414186, 41.624946978070035 ], [ -70.63867134204655, 41.625354555663506 ], [ -70.638069128440407, 41.625976198106798 ], [ -70.637891142306884, 41.626074263849752 ], [ -70.637868799147128, 41.626065017136092 ], [ -70.637352450728613, 41.62594360117658 ], [ -70.636666256688713, 41.625911276750017 ], [ -70.635630151065101, 41.625921479919754 ], [ -70.634314934087854, 41.626083200774339 ], [ -70.632723533718575, 41.626179531108917 ], [ -70.631589101374161, 41.626333561261603 ], [ -70.630803968645367, 41.626490251466578 ], [ -70.630019814936631, 41.626574636766449 ], [ -70.629261224807834, 41.626550751969084 ], [ -70.628454593592423, 41.626554789570505 ], [ -70.62839306767475, 41.626441267778617 ], [ -70.62832185059446, 41.626354958505544 ], [ -70.628220155841916, 41.626268415460423 ], [ -70.628133271901376, 41.626213432426013 ], [ -70.62798185646021, 41.626140801679185 ], [ -70.627883465823501, 41.626091447729522 ], [ -70.627793434982664, 41.625987841136606 ], [ -70.627744921640613, 41.62591314078341 ], [ -70.627745973566775, 41.625835961966075 ], [ -70.627743566430297, 41.625733027643903 ], [ -70.627752783184604, 41.625615888645179 ], [ -70.627800135733636, 41.625496183482667 ], [ -70.627816309445478, 41.62542769700994 ], [ -70.627817283364166, 41.625356235141453 ], [ -70.627788013633733, 41.62526738858103 ], [ -70.627754427844124, 41.62521567295245 ], [ -70.627755479747364, 41.62513849413498 ], [ -70.627771380706804, 41.625090016991791 ], [ -70.627810490212141, 41.625015988957273 ], [ -70.627852980777718, 41.62497343336031 ], [ -70.627781999807297, 41.624869972900406 ], [ -70.627866902817487, 41.624790578661425 ], [ -70.62797481925594, 41.624699925810255 ], [ -70.628052219368683, 41.624611897558864 ], [ -70.628045768481243, 41.624526084869814 ], [ -70.628020113702036, 41.624451559965486 ], [ -70.627952514208502, 41.624379572058231 ], [ -70.62782364936109, 41.624329984249229 ], [ -70.627610622508683, 41.624305479385839 ], [ -70.627373997591405, 41.624335109673979 ], [ -70.627109847390827, 41.624427421136183 ], [ -70.62679935686171, 41.624565116415496 ], [ -70.62663433344926, 41.624652470646808 ], [ -70.626416754986394, 41.624682245288867 ], [ -70.626237662985062, 41.624683727607938 ], [ -70.62593666256555, 41.624684272334726 ], [ -70.625761419233129, 41.624682924722379 ], [ -70.624297638605924, 41.624735980202821 ], [ -70.623291580481833, 41.624751095690449 ], [ -70.622546145146217, 41.624653863305404 ], [ -70.621894496399449, 41.624385823991339 ], [ -70.621363818512364, 41.624187326626 ], [ -70.620576762522333, 41.623792446822087 ], [ -70.619878472559407, 41.623592645604532 ], [ -70.619103523666027, 41.623426551344664 ], [ -70.618174621374067, 41.623373608638595 ], [ -70.616025400547414, 41.62340265591066 ], [ -70.610232811630439, 41.62350611859528 ], [ -70.609347561624872, 41.623602101952251 ], [ -70.606159731834609, 41.623794347147651 ], [ -70.604006809682943, 41.624086146174974 ], [ -70.603737151341178, 41.624139452689015 ], [ -70.602616110292061, 41.624361054157781 ], [ -70.60088742129409, 41.624827669619684 ], [ -70.598466847386831, 41.625723309063297 ], [ -70.594134078806775, 41.628193160508864 ], [ -70.590526189130486, 41.630039717725296 ], [ -70.587927529443519, 41.631642689992781 ], [ -70.584541331581207, 41.633948244765492 ], [ -70.581134722640016, 41.6365965904739 ], [ -70.579597641012555, 41.637781086401525 ], [ -70.578961340954322, 41.638271408930166 ], [ -70.576953859006011, 41.640061885334589 ], [ -70.575851685562313, 41.641436587618749 ], [ -70.573745607672734, 41.643706484638393 ], [ -70.571707820127173, 41.645462318560689 ], [ -70.571244039057277, 41.645874207380373 ], [ -70.571853589460233, 41.645126782981514 ], [ -70.572847376873938, 41.643257545037798 ], [ -70.573232537325069, 41.642512222973856 ], [ -70.573426295576681, 41.642032085189811 ], [ -70.573746142783008, 41.641470249573857 ], [ -70.575208827855803, 41.639694851258142 ], [ -70.575596247108052, 41.639153256601375 ], [ -70.576126658379337, 41.638475510894409 ], [ -70.576788745787297, 41.637665459587659 ], [ -70.577291160689612, 41.637132671607468 ], [ -70.578407361498719, 41.635910983913902 ], [ -70.57865415677243, 41.635617342538588 ], [ -70.578781961811401, 41.635526845722325 ], [ -70.578998684086258, 41.635349083347052 ], [ -70.579211011346246, 41.63516396918525 ], [ -70.579604501288429, 41.634795738423989 ], [ -70.580073479278497, 41.634342015976962 ], [ -70.580483267797831, 41.63393508418568 ], [ -70.580859398096251, 41.633521125815498 ], [ -70.581543722114063, 41.632852478429548 ], [ -70.582219922739498, 41.632252417294495 ], [ -70.582653600628163, 41.631773075650358 ], [ -70.583227755642554, 41.631226209484375 ], [ -70.583852744317554, 41.630716891833416 ], [ -70.584342882194278, 41.630221679082197 ], [ -70.58490648330573, 41.629624071928276 ], [ -70.585473825889181, 41.62907882814693 ], [ -70.586006759250495, 41.628578887917683 ], [ -70.586426194227101, 41.628218659851136 ], [ -70.586458581651755, 41.628190843961271 ], [ -70.586866064389454, 41.627782183015533 ], [ -70.587415140213238, 41.627384786954494 ], [ -70.587971967988295, 41.626916543694676 ], [ -70.588559460843641, 41.626374823091759 ], [ -70.58890992939034, 41.626018033835322 ], [ -70.589445271120312, 41.6256087003174 ], [ -70.590079360956707, 41.625111239966422 ], [ -70.590851636230084, 41.624520901821391 ], [ -70.59142460964857, 41.624047706411247 ], [ -70.592506382519659, 41.62326174189436 ] ] ] } },
{ "type": "Feature", "properties": { "TMDL_BASIN": "Wild Harbor", "BBP_SYS_ID": "WLDHRB", "SHED_ACRES": 2220.545, "HECTARES": 898.6265, "DELIN_YEAR": 2023 }, "geometry": { "type": "Polygon", "coordinates": [ [ [ -70.578961340954322, 41.638271408930166 ], [ -70.581134722640016, 41.6365965904739 ], [ -70.584541331581207, 41.633948244765492 ], [ -70.587927529443519, 41.631642689992781 ], [ -70.590526189130486, 41.630039717725296 ], [ -70.594134078806775, 41.628193160508864 ], [ -70.598466847386831, 41.625723309063297 ], [ -70.60088742129409, 41.624827669619684 ], [ -70.602616110292061, 41.624361054157781 ], [ -70.603737151341178, 41.624139452689015 ], [ -70.604006809682943, 41.624086146174974 ], [ -70.606159731834609, 41.623794347147651 ], [ -70.609347561624872, 41.623602101952251 ], [ -70.610232811630439, 41.62350611859528 ], [ -70.616025400547414, 41.62340265591066 ], [ -70.618174621374067, 41.623373608638595 ], [ -70.619103523666027, 41.623426551344664 ], [ -70.619878472559407, 41.623592645604532 ], [ -70.620576762522333, 41.623792446822087 ], [ -70.621363818512364, 41.624187326626 ], [ -70.621894496399449, 41.624385823991339 ], [ -70.622546145146217, 41.624653863305404 ], [ -70.623291580481833, 41.624751095690449 ], [ -70.624297638605924, 41.624735980202821 ], [ -70.625761419233129, 41.624682924722379 ], [ -70.62593666256555, 41.624684272334726 ], [ -70.626237662985062, 41.624683727607938 ], [ -70.626416754986394, 41.624682245288867 ], [ -70.62663433344926, 41.624652470646808 ], [ -70.62679935686171, 41.624565116415496 ], [ -70.627109847390827, 41.624427421136183 ], [ -70.627373997591405, 41.624335109673979 ], [ -70.627610622508683, 41.624305479385839 ], [ -70.62782364936109, 41.624329984249229 ], [ -70.627952514208502, 41.624379572058231 ], [ -70.628020113702036, 41.624451559965486 ], [ -70.628045768481243, 41.624526084869814 ], [ -70.628052219368683, 41.624611897558864 ], [ -70.62797481925594, 41.624699925810255 ], [ -70.627866902817487, 41.624790578661425 ], [ -70.627781999807297, 41.624869972900406 ], [ -70.627852980777718, 41.62497343336031 ], [ -70.627810490212141, 41.625015988957273 ], [ -70.627771380706804, 41.625090016991791 ], [ -70.627755479747364, 41.62513849413498 ], [ -70.627754427844124, 41.62521567295245 ], [ -70.627788013633733, 41.62526738858103 ], [ -70.627817283364166, 41.625356235141453 ], [ -70.627816309445478, 41.62542769700994 ], [ -70.627800135733636, 41.625496183482667 ], [ -70.627752783184604, 41.625615888645179 ], [ -70.627743566430297, 41.625733027643903 ], [ -70.627745973566775, 41.625835961966075 ], [ -70.627744921640613, 41.62591314078341 ], [ -70.627793434982664, 41.625987841136606 ], [ -70.627883465823501, 41.626091447729522 ], [ -70.62798185646021, 41.626140801679185 ], [ -70.628133271901376, 41.626213432426013 ], [ -70.628220155841916, 41.626268415460423 ], [ -70.62832185059446, 41.626354958505544 ], [ -70.62839306767475, 41.626441267778617 ], [ -70.628454593592423, 41.626554789570505 ], [ -70.629261224807834, 41.626550751969084 ], [ -70.630019814936631, 41.626574636766449 ], [ -70.630803968645367, 41.626490251466578 ], [ -70.631589101374161, 41.626333561261603 ], [ -70.632723533718575, 41.626179531108917 ], [ -70.634314934087854, 41.626083200774339 ], [ -70.635630151065101, 41.625921479919754 ], [ -70.636666256688713, 41.625911276750017 ], [ -70.637352450728613, 41.62594360117658 ], [ -70.637868799147128, 41.626065017136092 ], [ -70.638335996235313, 41.626258365115895 ], [ -70.638549521080733, 41.626504019305848 ], [ -70.638738957438648, 41.626749490583087 ], [ -70.639034369524893, 41.627176531525755 ], [ -70.639352052872965, 41.627739315766689 ], [ -70.63963652181387, 41.628084926943473 ], [ -70.640011891611593, 41.62883795149294 ], [ -70.640247336975378, 41.629246458763326 ], [ -70.64037401062788, 41.629681258182629 ], [ -70.640536216202577, 41.630161517898735 ], [ -70.640603757017288, 41.630514524693815 ], [ -70.640971231421588, 41.630960181827554 ], [ -70.641387258503585, 41.631379089347007 ], [ -70.641816912674656, 41.631680599452885 ], [ -70.642582043985342, 41.632120213956355 ], [ -70.642975812429853, 41.632403372229376 ], [ -70.643249848493852, 41.632631396713919 ], [ -70.644083047632648, 41.633387856496832 ], [ -70.644643063637304, 41.633853027549115 ], [ -70.645214530646598, 41.634363473670845 ], [ -70.646097891818627, 41.634975681733977 ], [ -70.646113707546974, 41.634986922569936 ], [ -70.646432062795284, 41.635213188369455 ], [ -70.65239443529461, 41.638041607539861 ], [ -70.652560223502107, 41.638259763774961 ], [ -70.652666255114724, 41.638441321040091 ], [ -70.652676028464953, 41.638613122544825 ], [ -70.652577256035912, 41.638793153442066 ], [ -70.652296694680132, 41.639053174218809 ], [ -70.651640742940643, 41.639455007659159 ], [ -70.651143679186731, 41.639686294988834 ], [ -70.650558799433313, 41.640179036395118 ], [ -70.649611278505972, 41.640759446775505 ], [ -70.648992517636643, 41.641080198141772 ], [ -70.648508201151529, 41.641257339387295 ], [ -70.648023881984983, 41.641434478569877 ], [ -70.647440527773256, 41.641809717028266 ], [ -70.647109933372278, 41.642204925452887 ], [ -70.646935839154153, 41.642610345527132 ], [ -70.646821742382514, 41.643034292258456 ], [ -70.646411514429985, 41.643674881916162 ], [ -70.646075949932737, 41.643842146118935 ], [ -70.645732740446604, 41.643998429496961 ], [ -70.644868705070877, 41.644013840781646 ], [ -70.643313152609636, 41.643964274105919 ], [ -70.64112231574488, 41.643905952164822 ], [ -70.638987852413294, 41.643799254029901 ], [ -70.637673246282475, 41.643496727059187 ], [ -70.636943919233659, 41.643257668180809 ], [ -70.635228314115125, 41.642455612779827 ], [ -70.634171627698407, 41.641967297849959 ], [ -70.632850744715654, 41.641571297896256 ], [ -70.631598702068345, 41.641158655621837 ], [ -70.631078494718992, 41.64099285876496 ], [ -70.629834227805446, 41.640596281555425 ], [ -70.628217461368635, 41.640103623042421 ], [ -70.624786793977805, 41.639326839120855 ], [ -70.620129573256406, 41.638793467559744 ], [ -70.617621180772773, 41.638567681766311 ], [ -70.615333831510668, 41.638361742920765 ], [ -70.611726053074676, 41.638007713467928 ], [ -70.606770629733433, 41.637557226416803 ], [ -70.602951894090083, 41.637578619548563 ], [ -70.599860146463726, 41.637874514188226 ], [ -70.598647489373818, 41.637990547415626 ], [ -70.595508054192564, 41.638480197109075 ], [ -70.592892714164719, 41.63909401199767 ], [ -70.590966871876859, 41.639455990944661 ], [ -70.589702574546735, 41.639926152067957 ], [ -70.587843078460764, 41.640442984124853 ], [ -70.586303151897823, 41.640996659920667 ], [ -70.583677795469043, 41.642296293248563 ], [ -70.582606269215091, 41.642819748813501 ], [ -70.580914406510885, 41.643646209413674 ], [ -70.578309226003057, 41.645117411059253 ], [ -70.578082807666931, 41.645273997464606 ], [ -70.574313135080516, 41.64788084897495 ], [ -70.571235609837871, 41.650360058036519 ], [ -70.568995811188358, 41.651834033754604 ], [ -70.566868997843997, 41.653394657151871 ], [ -70.564794062373338, 41.655407772819686 ], [ -70.563162131646507, 41.656914698127032 ], [ -70.561152530205177, 41.658418483668164 ], [ -70.558617779710076, 41.660484296755527 ], [ -70.554865281417406, 41.664239166065805 ], [ -70.550707737335259, 41.66846751085999 ], [ -70.548496024583756, 41.670524454672027 ], [ -70.549031073309834, 41.669925092751825 ], [ -70.549873198992287, 41.668964191256784 ], [ -70.550266111289346, 41.668458179245576 ], [ -70.550988398824657, 41.667503584974753 ], [ -70.551945417160638, 41.66655938425437 ], [ -70.552605951289195, 41.66594529472237 ], [ -70.553363020920742, 41.66512097189716 ], [ -70.553914144824148, 41.664494146530018 ], [ -70.554374357302962, 41.664000498403716 ], [ -70.554974587122246, 41.663197934114464 ], [ -70.555339115186072, 41.662779459048323 ], [ -70.5553879697176, 41.662723589336188 ], [ -70.555865136645039, 41.662147351259335 ], [ -70.556325675363155, 41.661629499754717 ], [ -70.557094302602351, 41.660727025900066 ], [ -70.557984706677217, 41.659656166630569 ], [ -70.558535729923349, 41.659029881517498 ], [ -70.559291663596639, 41.658271916081269 ], [ -70.56013951472535, 41.657283413398076 ], [ -70.560910218941643, 41.656615600249083 ], [ -70.561566952523378, 41.655897033821368 ], [ -70.561571798310609, 41.655891731718953 ], [ -70.562424372733318, 41.654934765733493 ], [ -70.563291329198123, 41.654044316992049 ], [ -70.563623255227583, 41.653718402091776 ], [ -70.563936149707601, 41.653410900484893 ], [ -70.56458695795817, 41.652726319066097 ], [ -70.565115485000774, 41.652193235163061 ], [ -70.565410461223138, 41.651886464673836 ], [ -70.565612629417899, 41.651676210887111 ], [ -70.56626311462233, 41.651011313887935 ], [ -70.566860871898129, 41.650385373387287 ], [ -70.566921320868602, 41.650317705953213 ], [ -70.567559558471331, 41.649603249164691 ], [ -70.568173930731334, 41.648890774133818 ], [ -70.568697652666913, 41.648322743969558 ], [ -70.569405034302136, 41.64771344533402 ], [ -70.570054131120017, 41.647138556491569 ], [ -70.570782428067119, 41.646482149244108 ], [ -70.570856991446036, 41.6463839498117 ], [ -70.571244039057277, 41.645874207380373 ], [ -70.571707820127173, 41.645462318560689 ], [ -70.573745607672734, 41.643706484638393 ], [ -70.575851685562313, 41.641436587618749 ], [ -70.576953859006011, 41.640061885334589 ], [ -70.578961340954322, 41.638271408930166 ] ] ] } },
{ "type": "Feature", "properties": { "TMDL_BASIN": "Rands Canal", "BBP_SYS_ID": "RNDCAN", "SHED_ACRES": 1254.126, "HECTARES": 507.5287, "DELIN_YEAR": 2023 }, "geometry": { "type": "Polygon", "coordinates": [ [ [ -70.57431313486903, 41.647880848742851 ], [ -70.578082806889952, 41.645273997882931 ], [ -70.578309226339186, 41.645117410964104 ], [ -70.580914406172852, 41.643646209666279 ], [ -70.582606269494633, 41.642819748909808 ], [ -70.59123417929672, 41.640273043299558 ], [ -70.59413739271497, 41.639774057407344 ], [ -70.597598779278243, 41.639354022389711 ], [ -70.600906528075328, 41.639249688662588 ], [ -70.605756146864181, 41.639101451100949 ], [ -70.609850762555368, 41.639342555739482 ], [ -70.61269860856153, 41.639510158406004 ], [ -70.617448490461342, 41.640283732838689 ], [ -70.620929103553479, 41.64116851565781 ], [ -70.625186964105879, 41.642488083373848 ], [ -70.628402983253963, 41.643650323254064 ], [ -70.629599222778168, 41.644349471076467 ], [ -70.630422479684242, 41.645055078537283 ], [ -70.631494092445593, 41.645781225282256 ], [ -70.632413538895463, 41.646729979613418 ], [ -70.632838975300544, 41.647441857350202 ], [ -70.63292597405281, 41.647787471810979 ], [ -70.632739682715368, 41.64805844797224 ], [ -70.632703158065553, 41.648083141968428 ], [ -70.632451178755375, 41.648253503077697 ], [ -70.632082062938352, 41.648490822833189 ], [ -70.63155031619506, 41.648915579007813 ], [ -70.631341489450733, 41.649136968708774 ], [ -70.631051812787533, 41.649417772568832 ], [ -70.631033078660195, 41.649449643999162 ], [ -70.631015585480213, 41.649479241497538 ], [ -70.630876351899346, 41.649708027688646 ], [ -70.630815338937083, 41.649990580158729 ], [ -70.630628441959871, 41.650280745705203 ], [ -70.630431858235895, 41.650442193286111 ], [ -70.63029256721596, 41.65060769741315 ], [ -70.630255488498364, 41.650619281096617 ], [ -70.630098520734393, 41.650668321849516 ], [ -70.63005652784301, 41.65068144087487 ], [ -70.629972710451383, 41.650707386637698 ], [ -70.629512625234312, 41.650769636347782 ], [ -70.629192720359811, 41.650750034552338 ], [ -70.628749846048265, 41.650523658571686 ], [ -70.628314554607769, 41.650389183285341 ], [ -70.628214691495302, 41.650356606669192 ], [ -70.627759923438703, 41.65016444081774 ], [ -70.627323789142991, 41.650044030280931 ], [ -70.626449874937492, 41.64980275571714 ], [ -70.62514665423565, 41.649785584593765 ], [ -70.62482351754015, 41.649996082324591 ], [ -70.623918632866264, 41.650109183094123 ], [ -70.623146242747012, 41.650088026827866 ], [ -70.623132739516606, 41.650133581079125 ], [ -70.623121433694195, 41.650171301687443 ], [ -70.623122758632192, 41.65017173972015 ], [ -70.623187159108184, 41.650193030890833 ], [ -70.623215141097219, 41.650195497636112 ], [ -70.623319047476073, 41.650204658923066 ], [ -70.623454827081346, 41.650276448189715 ], [ -70.62350290184385, 41.65034794941306 ], [ -70.623524153252049, 41.650379557865236 ], [ -70.623669510094373, 41.650440808574217 ], [ -70.623799573223337, 41.65054805252835 ], [ -70.623851380178024, 41.650590769566314 ], [ -70.623978456369258, 41.65060943419158 ], [ -70.624157257752344, 41.65063910826813 ], [ -70.624208353439982, 41.650696095499057 ], [ -70.624206166068589, 41.650697702702971 ], [ -70.624127367074053, 41.650755601362142 ], [ -70.624000096808643, 41.650751085191544 ], [ -70.623961597790739, 41.650807382344162 ], [ -70.623913570491027, 41.65087068052059 ], [ -70.623865155591318, 41.650962272551638 ], [ -70.623830693263045, 41.651068119141421 ], [ -70.623706685286805, 41.651169739883983 ], [ -70.623559582372266, 41.651235811204693 ], [ -70.623407473260485, 41.651323067070258 ], [ -70.623269170983633, 41.651435187470597 ], [ -70.623112636773854, 41.651501185511066 ], [ -70.622899369297471, 41.651577357900109 ], [ -70.622649152787062, 41.65159665111441 ], [ -70.62243183009565, 41.651573686140864 ], [ -70.621530816861494, 41.651388752111281 ], [ -70.61724463695937, 41.6505089513415 ], [ -70.615392405334305, 41.650055903820991 ], [ -70.614878201461465, 41.649930128953599 ], [ -70.613468285104418, 41.649585252444908 ], [ -70.61038199116804, 41.648587332252617 ], [ -70.606845126042131, 41.647605664062645 ], [ -70.604251548554217, 41.647386525184466 ], [ -70.601121098708887, 41.647280564432194 ], [ -70.600786074061375, 41.647270791684946 ], [ -70.60043536909582, 41.647259076896319 ], [ -70.598795874649085, 41.647204303282997 ], [ -70.592461453387003, 41.647505014292058 ], [ -70.591955252325732, 41.647527487431041 ], [ -70.589845586475789, 41.647916129073415 ], [ -70.588129724635223, 41.648232208685165 ], [ -70.584724604346647, 41.649178672841693 ], [ -70.580804912757202, 41.650747749203745 ], [ -70.5802473212553, 41.650970946856241 ], [ -70.576112504066316, 41.652885073528338 ], [ -70.574621416862698, 41.653664734118919 ], [ -70.572937350363304, 41.654657912044897 ], [ -70.572722145095383, 41.654784224920469 ], [ -70.569669346630533, 41.656448567442631 ], [ -70.568973083482973, 41.656828145300928 ], [ -70.564531607556972, 41.659249353164128 ], [ -70.560708126073024, 41.66183403373465 ], [ -70.558866491285769, 41.663376223204004 ], [ -70.553210037044394, 41.667726019910383 ], [ -70.547287458150478, 41.672849282945144 ], [ -70.546390544711045, 41.673436942258 ], [ -70.545513305728576, 41.674011546216207 ], [ -70.544638177142886, 41.674584657273712 ], [ -70.54574441397078, 41.673347258550734 ], [ -70.546490428509031, 41.672596608263852 ], [ -70.547203814192315, 41.671944162077786 ], [ -70.547743815813675, 41.671341470977389 ], [ -70.548496024417489, 41.670524454793899 ], [ -70.550707737376399, 41.668467511228918 ], [ -70.554865280830825, 41.664239166250951 ], [ -70.558617779636251, 41.660484296708852 ], [ -70.561152530091761, 41.658418483653939 ], [ -70.563162131256661, 41.656914698494056 ], [ -70.564794062323713, 41.65540777278833 ], [ -70.566868997849809, 41.653394657465434 ], [ -70.568995810568012, 41.651834033751221 ], [ -70.57123560947224, 41.650360058078654 ], [ -70.57431313486903, 41.647880848742851 ] ] ] } },
{ "type": "Feature", "properties": { "TMDL_BASIN": "Fiddlers Cove", "BBP_SYS_ID": "FIDCOV", "SHED_ACRES": 281.283, "HECTARES": 113.8317, "DELIN_YEAR": 2023 }, "geometry": { "type": "Polygon", "coordinates": [ [ [ -70.633198282642496, 41.647967605306491 ], [ -70.632926398292341, 41.647786854716657 ], [ -70.63292597405281, 41.647787471810979 ], [ -70.632838975300544, 41.647441857350202 ], [ -70.632413538895463, 41.646729979613418 ], [ -70.631494092445593, 41.645781225282164 ], [ -70.630422479684242, 41.645055078537219 ], [ -70.629599222778168, 41.644349471076353 ], [ -70.628402983253963, 41.643650323254064 ], [ -70.625186964105879, 41.642488083373848 ], [ -70.620929103553479, 41.641168515657704 ], [ -70.617448490461342, 41.640283732838689 ], [ -70.61269860856153, 41.639510158406004 ], [ -70.609850762555368, 41.639342555739418 ], [ -70.605756146864181, 41.639101451100849 ], [ -70.600906528075328, 41.639249688662588 ], [ -70.597598779278258, 41.639354022389618 ], [ -70.59413739271497, 41.639774057407344 ], [ -70.59123417929672, 41.640273043299558 ], [ -70.58260626951386, 41.64281974891626 ], [ -70.583677795701433, 41.642296293382714 ], [ -70.58630315183774, 41.640996660087964 ], [ -70.587843078676215, 41.640442984380769 ], [ -70.589702574800214, 41.639926151801603 ], [ -70.590966872047247, 41.63945599079819 ], [ -70.592892714053093, 41.63909401238373 ], [ -70.595508053794603, 41.63848019711628 ], [ -70.598647489638964, 41.637990547441404 ], [ -70.599860146232672, 41.637874514244849 ], [ -70.602951894319631, 41.637578619646078 ], [ -70.606770629653369, 41.637557226584718 ], [ -70.611726052559504, 41.63800771360907 ], [ -70.615333831193041, 41.638361742601568 ], [ -70.617621180533504, 41.638567681595212 ], [ -70.62012957293571, 41.638793467397313 ], [ -70.624786793852579, 41.639326838815215 ], [ -70.628217461358574, 41.640103623269205 ], [ -70.629834228149477, 41.640596281820272 ], [ -70.631078494759137, 41.640992858845273 ], [ -70.631598702455648, 41.641158655669187 ], [ -70.632850745021045, 41.641571298009715 ], [ -70.634171627823648, 41.641967298053089 ], [ -70.635228314330632, 41.642455613019052 ], [ -70.636943918805258, 41.643257668573028 ], [ -70.637952607701948, 41.643917119383232 ], [ -70.638573536354386, 41.644505013899114 ], [ -70.638807088782926, 41.644752152305934 ], [ -70.639011683742055, 41.644968648021582 ], [ -70.63901528425184, 41.644968934611384 ], [ -70.639046800582037, 41.645001750674425 ], [ -70.639179029558491, 41.645371533196396 ], [ -70.639265644755696, 41.645732393999694 ], [ -70.63926560128651, 41.645735624978002 ], [ -70.639258722330879, 41.646246919984513 ], [ -70.639173039084824, 41.646666510560699 ], [ -70.639015959010493, 41.646883730895048 ], [ -70.638858465646848, 41.647101521444021 ], [ -70.638487183714517, 41.647501795806775 ], [ -70.638036327932042, 41.647867159780674 ], [ -70.637390641558056, 41.64826535033469 ], [ -70.636587081518996, 41.64849938822978 ], [ -70.636156808880941, 41.648537146255812 ], [ -70.636095830317672, 41.648542496892283 ], [ -70.635957445856207, 41.648554639943569 ], [ -70.635863031235374, 41.648510734915988 ], [ -70.635689679824395, 41.6484301220963 ], [ -70.635654338456476, 41.648413685922982 ], [ -70.63558246754576, 41.648380264271928 ], [ -70.63551627560787, 41.648374148010596 ], [ -70.63487442489425, 41.64831484580985 ], [ -70.634477245967147, 41.648256546216324 ], [ -70.63425819432706, 41.648224393056836 ], [ -70.633721882225828, 41.64814312118628 ], [ -70.633198282642496, 41.647967605306491 ] ] ] } },
{ "type": "Feature", "properties": { "TMDL_BASIN": "Quissett Harbor", "BBP_SYS_ID": "QSTHRB", "SHED_ACRES": 418.111, "HECTARES": 169.2044, "DELIN_YEAR": 2023 }, "geometry": { "type": "Polygon", "coordinates": [ [ [ -70.644718752760511, 41.546633281390406 ], [ -70.645267054672829, 41.545730964546188 ], [ -70.646035993514957, 41.544367010440681 ], [ -70.646945916331916, 41.542480386672793 ], [ -70.64753194532689, 41.540752470313024 ], [ -70.64774444342217, 41.540455616600596 ], [ -70.648105626310453, 41.539951047301948 ], [ -70.649336040208695, 41.538147383030612 ], [ -70.650369928953012, 41.537006961766131 ], [ -70.652327443123866, 41.534946844009781 ], [ -70.654553942857234, 41.532808124435462 ], [ -70.655551294682368, 41.532392540959123 ], [ -70.656867372823001, 41.532200891997647 ], [ -70.65753695792678, 41.532246149961097 ], [ -70.658796245756434, 41.532295775648542 ], [ -70.659727806154294, 41.532806255456883 ], [ -70.660475439684603, 41.53303336255879 ], [ -70.660843588446852, 41.533579951149548 ], [ -70.66110663101891, 41.533964616202248 ], [ -70.661852965910043, 41.534292420496541 ], [ -70.662655814387492, 41.534399061555156 ], [ -70.663324374758304, 41.534524850404509 ], [ -70.663647093044034, 41.534446655801311 ], [ -70.664160075956332, 41.534168429487153 ], [ -70.665126908120698, 41.534034542104479 ], [ -70.665662491233164, 41.534078766321464 ], [ -70.666383617127693, 41.534285496231711 ], [ -70.666673239597074, 41.534690486503962 ], [ -70.666800459644989, 41.535215143232911 ], [ -70.667060926915042, 41.535801207159338 ], [ -70.666787890323079, 41.536181923978013 ], [ -70.666729040100648, 41.536584355768753 ], [ -70.666321965179222, 41.536964087547204 ], [ -70.665966139806272, 41.537525483161552 ], [ -70.665877854604304, 41.538129130219659 ], [ -70.66584423111145, 41.538652606129176 ], [ -70.665890767493735, 41.539196814232035 ], [ -70.664559487514651, 41.540071424114956 ], [ -70.661237645595179, 41.54225359970858 ], [ -70.661031152177557, 41.542165404754634 ], [ -70.66075490539211, 41.54211829500175 ], [ -70.660597985817958, 41.542120601651497 ], [ -70.660237234912174, 41.542183802347878 ], [ -70.659844776438732, 41.542201699285044 ], [ -70.659120852313563, 41.542289211020545 ], [ -70.658303641038216, 41.542547360921532 ], [ -70.657720175960563, 41.542782408217661 ], [ -70.65770368182757, 41.542789619539647 ], [ -70.656587570188691, 41.543277580100671 ], [ -70.656257638311345, 41.543899568268785 ], [ -70.656464425016381, 41.544485258133967 ], [ -70.655998313491338, 41.545267379487434 ], [ -70.655349031503221, 41.545705701743053 ], [ -70.653681211261954, 41.546116289291326 ], [ -70.651939868896847, 41.546002579440611 ], [ -70.649572019198658, 41.546123352635526 ], [ -70.648393042109888, 41.546567738284459 ], [ -70.646477423891895, 41.546956218352143 ], [ -70.64509531276893, 41.547550117125766 ], [ -70.643447436865159, 41.548294872596344 ], [ -70.643670700183591, 41.547900382067695 ], [ -70.643803965857828, 41.547653777965095 ], [ -70.64392050544555, 41.547369343482636 ], [ -70.644718752760511, 41.546633281390406 ] ] ] } },
{ "type": "Feature", "properties": { "TMDL_BASIN": "Squeteague Harbor", "BBP_SYS_ID": "SQUTEG", "SHED_ACRES": 1654.301, "HECTARES": 669.4747, "DELIN_YEAR": 2023 }, "geometry": { "type": "Polygon", "coordinates": [ [ [ -70.564035783386444, 41.664775879753385 ], [ -70.564889620876727, 41.664246062570406 ], [ -70.567684023652674, 41.662300589309773 ], [ -70.569516497150929, 41.66159980895948 ], [ -70.569778917910099, 41.661455544687776 ], [ -70.570129756319346, 41.661198127658302 ], [ -70.570787334418583, 41.66073173374194 ], [ -70.57135577922665, 41.660427286999031 ], [ -70.571794547863291, 41.66008924352456 ], [ -70.572317478211517, 41.659930831347623 ], [ -70.572625153225047, 41.659656786840735 ], [ -70.572909485036888, 41.659496426261633 ], [ -70.573019115047956, 41.65941598053702 ], [ -70.573262421151512, 41.659092606127402 ], [ -70.573179903095195, 41.658799112267644 ], [ -70.573139822857058, 41.658571035625137 ], [ -70.573251100698414, 41.658376728109971 ], [ -70.573317112984057, 41.658312194551314 ], [ -70.573907214014923, 41.658007911772273 ], [ -70.574871209390523, 41.657348775117924 ], [ -70.575941046719549, 41.656869436847295 ], [ -70.577424370931155, 41.656295836477447 ], [ -70.5778711098408, 41.656153048885969 ], [ -70.578937625668942, 41.655901405698096 ], [ -70.579154516320443, 41.655903162025538 ], [ -70.579720304212955, 41.655777598924885 ], [ -70.580788208975591, 41.655428342669993 ], [ -70.581967347367851, 41.654884760338106 ], [ -70.582338622595145, 41.654708810493332 ], [ -70.5835349952511, 41.654474440103911 ], [ -70.584687516609151, 41.654272239948497 ], [ -70.585720046682397, 41.654117867090456 ], [ -70.586721664742015, 41.65384936184202 ], [ -70.587549303945309, 41.653611987752306 ], [ -70.588636964077438, 41.653392959552257 ], [ -70.589440818281886, 41.653301791626575 ], [ -70.590243976198494, 41.653259415941022 ], [ -70.59126424600457, 41.653202501842102 ], [ -70.592890629412011, 41.653231753894623 ], [ -70.593508743087298, 41.653236682503682 ], [ -70.595744007994213, 41.653156870749399 ], [ -70.596828417129387, 41.653165488001882 ], [ -70.598107561619798, 41.653208175040504 ], [ -70.599039467192512, 41.653264365094024 ], [ -70.599797181723162, 41.653367972220487 ], [ -70.600338930784332, 41.653404794804466 ], [ -70.601161485465994, 41.653525173533616 ], [ -70.602092028413693, 41.65367893454993 ], [ -70.602762999155118, 41.653781836931891 ], [ -70.603273933591581, 41.653850937975044 ], [ -70.604878650508425, 41.653879847578082 ], [ -70.605463783755411, 41.653916987154311 ], [ -70.605831578168079, 41.653984950690806 ], [ -70.606524019462114, 41.654104267411533 ], [ -70.607216917379347, 41.654191047900198 ], [ -70.607910270864167, 41.65424529214863 ], [ -70.608537879667566, 41.65434782019495 ], [ -70.609186726097093, 41.654483046688533 ], [ -70.609510244588648, 41.654615722597264 ], [ -70.609942208208949, 41.65474924634146 ], [ -70.610612072007171, 41.654933432481684 ], [ -70.611000888397015, 41.655050346955413 ], [ -70.611627154640956, 41.655250454045699 ], [ -70.612297028538762, 41.655434630260913 ], [ -70.612945668369804, 41.655586101325788 ], [ -70.613464852970182, 41.655687756289801 ], [ -70.614524240774657, 41.655940026043218 ], [ -70.615107778320962, 41.656094231361152 ], [ -70.615798685831933, 41.656327353774344 ], [ -70.616360585562148, 41.656478130832916 ], [ -70.616987556182295, 41.656629410325635 ], [ -70.617636219234143, 41.65678085463761 ], [ -70.618262747396102, 41.656964659156806 ], [ -70.618996606959044, 41.657230630500287 ], [ -70.619245589685903, 41.657265094452328 ], [ -70.619636003138311, 41.657268117182397 ], [ -70.61998169463979, 41.657368399125403 ], [ -70.620390219530364, 41.65763184361596 ], [ -70.620692087373769, 41.657764319961295 ], [ -70.620948341347273, 41.658059120576524 ], [ -70.621335184630979, 41.658322394026975 ], [ -70.621787994688674, 41.658521104480954 ], [ -70.622112006232825, 41.658621212463842 ], [ -70.622327344912463, 41.658736748717779 ], [ -70.622563705150569, 41.658901250012498 ], [ -70.62267014818336, 41.659048480970661 ], [ -70.622993271677075, 41.659213650593585 ], [ -70.623123190520786, 41.659230920069767 ], [ -70.623402489523826, 41.659428286144184 ], [ -70.623466669038535, 41.659493851804555 ], [ -70.6236377407661, 41.659674115401394 ], [ -70.625835051911935, 41.660797232028273 ], [ -70.62635296622463, 41.660996424414236 ], [ -70.626721489781289, 41.661015522253642 ], [ -70.627047963696782, 41.66093668967337 ], [ -70.627308698381256, 41.660906155027455 ], [ -70.627568989080615, 41.660908151877919 ], [ -70.627893021763612, 41.661008243389347 ], [ -70.628108600652524, 41.66110750264685 ], [ -70.628388366554304, 41.661272324377386 ], [ -70.62842886713139, 41.661484115447621 ], [ -70.628470032901404, 41.661647108356945 ], [ -70.628423547464081, 41.661874500613251 ], [ -70.628421109261524, 41.66205342714688 ], [ -70.628301806503345, 41.662242193076608 ], [ -70.628296703760171, 41.662220915135713 ], [ -70.627943096752389, 41.662276345143432 ], [ -70.627589420964938, 41.662330345496109 ], [ -70.627285901859253, 41.662403635287859 ], [ -70.627234773350409, 41.662466079246506 ], [ -70.627232536335171, 41.662466896650031 ], [ -70.627224586891998, 41.662478520092449 ], [ -70.627120166502777, 41.662631200074557 ], [ -70.627069376293093, 41.662800462190759 ], [ -70.627063724457955, 41.662887461560913 ], [ -70.627149804519661, 41.663139870241601 ], [ -70.627127794154575, 41.663168875919297 ], [ -70.627021444199585, 41.663309025481396 ], [ -70.627042285759387, 41.663382916674394 ], [ -70.627069538237549, 41.663479536727444 ], [ -70.626964837002532, 41.663762301270182 ], [ -70.626887909377302, 41.663823952278221 ], [ -70.626770152133204, 41.663918324453405 ], [ -70.626684453735251, 41.663987003547113 ], [ -70.6264688263946, 41.664108766869631 ], [ -70.62635416824773, 41.664173513205824 ], [ -70.625929402895522, 41.664249683118967 ], [ -70.625893393804148, 41.664256140328959 ], [ -70.625747624586978, 41.664282279777268 ], [ -70.625117164507557, 41.664296337048327 ], [ -70.624943391389806, 41.664354864565141 ], [ -70.62487879930859, 41.664376619354748 ], [ -70.624787907519362, 41.664407231870626 ], [ -70.624764386100068, 41.664455062208702 ], [ -70.62469740970964, 41.664591256947553 ], [ -70.624658244867419, 41.664670898422024 ], [ -70.624352899725636, 41.664876498155756 ], [ -70.624228448509697, 41.664926583469423 ], [ -70.623845884530354, 41.66508054475856 ], [ -70.623743497235381, 41.665193182985391 ], [ -70.623746994030299, 41.665343019163927 ], [ -70.623759382882156, 41.665873870550399 ], [ -70.62390519791532, 41.666271989774771 ], [ -70.623875586743978, 41.666593139502247 ], [ -70.623521994732897, 41.66694533105764 ], [ -70.623517738815096, 41.666949570088953 ], [ -70.622611506905713, 41.666848060576065 ], [ -70.622207124338502, 41.666920558982163 ], [ -70.62099552871824, 41.667024630643972 ], [ -70.619207462617723, 41.666784457596002 ], [ -70.618126639693344, 41.666643237408742 ], [ -70.615897930955725, 41.666698564933128 ], [ -70.614646230788139, 41.666729628293893 ], [ -70.613516648232888, 41.666753935734057 ], [ -70.613415334080997, 41.666756115636893 ], [ -70.610131981319441, 41.666826735378628 ], [ -70.609210922464996, 41.666813461943136 ], [ -70.60797005850992, 41.666795575625386 ], [ -70.607258416580066, 41.666785314162567 ], [ -70.606580971826162, 41.666702376228294 ], [ -70.606543883693618, 41.666697835026298 ], [ -70.606381623300948, 41.666677968926791 ], [ -70.606212434231907, 41.66665725489927 ], [ -70.605846139027022, 41.666612406721072 ], [ -70.605773463585052, 41.666603508391937 ], [ -70.605850403157291, 41.666556041684643 ], [ -70.605921556762198, 41.666503794236576 ], [ -70.605975704061663, 41.66646993650749 ], [ -70.605979685094908, 41.666467447207381 ], [ -70.606029410841799, 41.666421432230507 ], [ -70.60604825106536, 41.666395775424455 ], [ -70.606092499468929, 41.666335517410204 ], [ -70.606127042797453, 41.666306986826804 ], [ -70.606149275429857, 41.666243153797339 ], [ -70.606151899184283, 41.666206465047786 ], [ -70.606171440928975, 41.666184121176912 ], [ -70.606201671095775, 41.666158755805277 ], [ -70.606227836553998, 41.666118955665794 ], [ -70.606255111651109, 41.666075966013203 ], [ -70.606303468271491, 41.666057945348818 ], [ -70.606342112631566, 41.66603504471864 ], [ -70.606348905776017, 41.666007094703488 ], [ -70.606357074803611, 41.666002819894899 ], [ -70.60637658820761, 41.665992608629637 ], [ -70.606406886914115, 41.665981146841744 ], [ -70.606407199878959, 41.6659587473127 ], [ -70.606409758195824, 41.665928363555416 ], [ -70.606394944604276, 41.665891716093341 ], [ -70.606404339946778, 41.665857912299153 ], [ -70.606411099509899, 41.665832362487073 ], [ -70.606407099448319, 41.665813129101835 ], [ -70.606377584927159, 41.665787293418518 ], [ -70.606369451898473, 41.665758426581853 ], [ -70.606341801482955, 41.665751808395292 ], [ -70.606314286404739, 41.665735591185062 ], [ -70.60629005758652, 41.66571905133285 ], [ -70.606289285005744, 41.665692188988707 ], [ -70.606269270359434, 41.665673629327181 ], [ -70.606233985442572, 41.665678953479642 ], [ -70.606227692726179, 41.665680471588388 ], [ -70.606201866721335, 41.665686702070353 ], [ -70.606172105158265, 41.665678467239836 ], [ -70.606138300114381, 41.665654198691819 ], [ -70.606132233684434, 41.665630148117273 ], [ -70.606125806217165, 41.665605999452119 ], [ -70.606124124359496, 41.665599680534456 ], [ -70.606109420953103, 41.665594022910163 ], [ -70.60609440756815, 41.665588246008255 ], [ -70.606060200058877, 41.665592777216226 ], [ -70.606019635401495, 41.665594059324548 ], [ -70.605994142221078, 41.665585857093333 ], [ -70.60596672554378, 41.665562440060327 ], [ -70.605918671724467, 41.665565262381818 ], [ -70.605883476326539, 41.665564185274214 ], [ -70.6058688522225, 41.66554166833015 ], [ -70.605862809471418, 41.665516017913156 ], [ -70.605871635664755, 41.66549528441729 ], [ -70.605854900412083, 41.665471149962237 ], [ -70.605822848850835, 41.665474098933053 ], [ -70.605779005059006, 41.665480954774225 ], [ -70.605754724733416, 41.665462361485687 ], [ -70.605746254336623, 41.665455044941567 ], [ -70.605730992214319, 41.66544186184673 ], [ -70.605712563548664, 41.665425226106606 ], [ -70.605678624575361, 41.665410557347805 ], [ -70.605640239527958, 41.665408655529468 ], [ -70.605608299876238, 41.665403603451118 ], [ -70.605563237654522, 41.665410864713557 ], [ -70.605456606034053, 41.66540443931089 ], [ -70.605314310355126, 41.66539586470747 ], [ -70.605070887674415, 41.665373957772545 ], [ -70.604782569145925, 41.665348009722074 ], [ -70.604249545585873, 41.665357132170207 ], [ -70.604104156835362, 41.665359619366264 ], [ -70.60326953501621, 41.665373900426992 ], [ -70.603002244707596, 41.665349493556924 ], [ -70.602311659405899, 41.665286434236513 ], [ -70.602136481984246, 41.66527043897667 ], [ -70.596486173907849, 41.66513482177205 ], [ -70.595943251515877, 41.665130501605368 ], [ -70.5957160716641, 41.665128693046576 ], [ -70.590102238840572, 41.665083934304377 ], [ -70.587722113389248, 41.664884347955635 ], [ -70.583952491424355, 41.66509872671709 ], [ -70.5810657931207, 41.665435603906651 ], [ -70.577788920150951, 41.665894739287218 ], [ -70.574806835753606, 41.66646535285787 ], [ -70.572455816544519, 41.666974727275701 ], [ -70.571963003077613, 41.667081493596477 ], [ -70.571044367215151, 41.66728050620442 ], [ -70.567418871420855, 41.668131649043978 ], [ -70.567377585692768, 41.668141340729825 ], [ -70.565206547984815, 41.66920400649483 ], [ -70.564613487110208, 41.66948017800847 ], [ -70.561914366765251, 41.670737012078611 ], [ -70.561022903386487, 41.671152093337561 ], [ -70.560020969141789, 41.671618629609149 ], [ -70.559886373647501, 41.671681300874191 ], [ -70.557642272201008, 41.672991347096925 ], [ -70.557125479370271, 41.673293023010075 ], [ -70.556078093606587, 41.673904414661223 ], [ -70.55552589839813, 41.674226747757686 ], [ -70.555307629065425, 41.674354157363467 ], [ -70.554865580419801, 41.674644469534705 ], [ -70.553874428737203, 41.675295407873307 ], [ -70.552564147516989, 41.676155900764172 ], [ -70.551248446015336, 41.677020056557055 ], [ -70.549506956809807, 41.678194057589558 ], [ -70.54912290077894, 41.678416038077962 ], [ -70.548115644839172, 41.678998208305153 ], [ -70.546320951792552, 41.680256103361195 ], [ -70.540971019823075, 41.68376896623942 ], [ -70.540377184597787, 41.684204214174542 ], [ -70.540326691002491, 41.68423975152367 ], [ -70.540054376403887, 41.68443948878835 ], [ -70.53757033423301, 41.686261395882063 ], [ -70.534811825507248, 41.688057995143261 ], [ -70.533203081548734, 41.689105682384294 ], [ -70.532570628787724, 41.689567200815361 ], [ -70.531745234869987, 41.690169498477779 ], [ -70.530344665523657, 41.691224551397625 ], [ -70.530615046076832, 41.691001037907974 ], [ -70.530555519933571, 41.690891822520442 ], [ -70.531173248720066, 41.690230098054187 ], [ -70.531746332283433, 41.689649330141506 ], [ -70.532626653717074, 41.68884342071366 ], [ -70.533286265355102, 41.688279648780778 ], [ -70.534536179451024, 41.687428060522265 ], [ -70.535765832775297, 41.686478679523333 ], [ -70.536906693453403, 41.685658677418367 ], [ -70.537611101222083, 41.684997652579774 ], [ -70.538491284690153, 41.684191697711213 ], [ -70.540029720770605, 41.682903254247812 ], [ -70.541083671616704, 41.6820824778843 ], [ -70.542072259028558, 41.681277409581497 ], [ -70.542434653644534, 41.680987637671507 ], [ -70.542721347687433, 41.680680959802977 ], [ -70.543755719548415, 41.679713583272935 ], [ -70.544658178669636, 41.67885896537166 ], [ -70.545565226613874, 41.677695288661837 ], [ -70.546028372962837, 41.677194867936073 ], [ -70.546379393316215, 41.676937524230688 ], [ -70.547104575817343, 41.676325420017847 ], [ -70.548577562700885, 41.675036315621099 ], [ -70.550227915846577, 41.673488387105159 ], [ -70.551701980445031, 41.672117912763937 ], [ -70.553415819990647, 41.670668075801956 ], [ -70.554713317827549, 41.669491308819573 ], [ -70.555930663705652, 41.668596923564927 ], [ -70.556147596771467, 41.668598723766266 ], [ -70.557868317454407, 41.668141219594268 ], [ -70.558043779317046, 41.668012529596012 ], [ -70.558637155002728, 41.667496869322292 ], [ -70.559447927226515, 41.66695046804297 ], [ -70.560912806633056, 41.666181712829854 ], [ -70.563271082946272, 41.665143745960975 ], [ -70.564035783386444, 41.664775879753385 ] ] ] } },
{ "type": "Feature", "properties": { "TMDL_BASIN": "Apponagansett Bay", "BBP_SYS_ID": "APPBAY", "SHED_ACRES": 5979.73, "HECTARES": 2419.9207, "DELIN_YEAR": 2023 }, "geometry": { "type": "Polygon", "coordinates": [ [ [ -70.95145736815968, 41.623265702161554 ], [ -70.951360783997231, 41.62246317526165 ], [ -70.951266944687774, 41.621607667517459 ], [ -70.9512004674352, 41.62036885321929 ], [ -70.949983626152047, 41.62026997903444 ], [ -70.94894563596813, 41.620348833175811 ], [ -70.948985108188452, 41.621126465457735 ], [ -70.949120159879712, 41.6222744191911 ], [ -70.949154234817428, 41.622527491781476 ], [ -70.949346147680529, 41.623952779942478 ], [ -70.948864974583415, 41.624430109308825 ], [ -70.948296000153036, 41.624875323970812 ], [ -70.947135397144265, 41.625110394497362 ], [ -70.946226306899732, 41.624961190599151 ], [ -70.94521382827844, 41.623950719468255 ], [ -70.944912161461417, 41.623037879730681 ], [ -70.944876149179706, 41.622928905256359 ], [ -70.944550249850778, 41.622408789755418 ], [ -70.943548003066297, 41.620809206034757 ], [ -70.943197579364906, 41.620196285423781 ], [ -70.942523654769019, 41.619017498428654 ], [ -70.942522358297012, 41.619015230674556 ], [ -70.942500451382401, 41.618982089125105 ], [ -70.941338604233749, 41.617224350737949 ], [ -70.941339525962078, 41.617222740626488 ], [ -70.94188698060357, 41.616266409595177 ], [ -70.942202776264594, 41.615688193365138 ], [ -70.941011130000049, 41.614311560101726 ], [ -70.940299009999961, 41.613429140101708 ], [ -70.93993149, 41.612892830101757 ], [ -70.940069439999959, 41.611525610101744 ], [ -70.9401154399999, 41.610937180101715 ], [ -70.941884489999907, 41.608272020101779 ], [ -70.941884559999977, 41.606974030101668 ], [ -70.941792719999967, 41.6063163601018 ], [ -70.941287419999938, 41.605400180101725 ], [ -70.94094294999995, 41.60413714010172 ], [ -70.94073625, 41.60375649010178 ], [ -70.94064437999991, 41.603635370101742 ], [ -70.94048361, 41.603341240101805 ], [ -70.94037477517962, 41.603145433368546 ], [ -70.940282009102887, 41.602831278062666 ], [ -70.940210479991308, 41.60258904026638 ], [ -70.940243919984312, 41.602551266422289 ], [ -70.940371215942193, 41.602407472303469 ], [ -70.940464773722667, 41.602301788487495 ], [ -70.940758863985835, 41.602193617703662 ], [ -70.941067123690516, 41.602098650362727 ], [ -70.941343993615277, 41.602013352499057 ], [ -70.941648439500582, 41.601884060204249 ], [ -70.941837738709125, 41.601781411348419 ], [ -70.942053553407405, 41.601664383491539 ], [ -70.942294323034247, 41.601533822566175 ], [ -70.942645369983993, 41.601343460247463 ], [ -70.942712875221105, 41.601210010319996 ], [ -70.942886828290426, 41.600866122779564 ], [ -70.943017689219133, 41.600583737419619 ], [ -70.943052251286602, 41.600343051089695 ], [ -70.943104381861346, 41.599980016218353 ], [ -70.943145995412479, 41.599690218435725 ], [ -70.943194520765346, 41.599352283363402 ], [ -70.943141357337893, 41.599038837761775 ], [ -70.94309643253294, 41.598797614463813 ], [ -70.94301208298171, 41.598344695421218 ], [ -70.942981413023759, 41.598180009977348 ], [ -70.94290776656716, 41.597784554380993 ], [ -70.942843566521972, 41.59743981867328 ], [ -70.942753361636989, 41.59716338195355 ], [ -70.942645138147341, 41.596877360989076 ], [ -70.942538597827166, 41.596491990216947 ], [ -70.942449356277692, 41.59616918779539 ], [ -70.942420343953202, 41.595948483874984 ], [ -70.94243446629595, 41.595608829838653 ], [ -70.942447819700334, 41.595287666087131 ], [ -70.942462047679541, 41.594941698090203 ], [ -70.942303828235183, 41.594835583813591 ], [ -70.942058194920023, 41.594670841856889 ], [ -70.941745701752751, 41.594461256177482 ], [ -70.941444887696221, 41.594449848581085 ], [ -70.941160293591764, 41.5944390553476 ], [ -70.940783441107101, 41.594424762111771 ], [ -70.940474112297167, 41.594413028970742 ], [ -70.940095554262967, 41.5943986687464 ], [ -70.939712185260703, 41.594384124730752 ], [ -70.93944367074026, 41.594039765689828 ], [ -70.939235833236211, 41.593773219496654 ], [ -70.939004415106538, 41.59347642870685 ], [ -70.938733480535362, 41.593125225663115 ], [ -70.938558405017972, 41.59289167019174 ], [ -70.938358094956911, 41.592624448736323 ], [ -70.938080070650486, 41.592264516343775 ], [ -70.937803334026583, 41.591923655755963 ], [ -70.937495188482359, 41.591544103275154 ], [ -70.937320619647878, 41.59132907902849 ], [ -70.937125288509421, 41.591088478893049 ], [ -70.93694226302685, 41.590863034367793 ], [ -70.936707478672332, 41.590585338019359 ], [ -70.93643759794675, 41.590273206023468 ], [ -70.936277281126706, 41.590087789004613 ], [ -70.936158944748271, 41.589900959544011 ], [ -70.936017895961626, 41.589670080578955 ], [ -70.935866211279105, 41.589460611532914 ], [ -70.935654184332094, 41.589185347242356 ], [ -70.935822811050343, 41.58900075707124 ], [ -70.936016078299545, 41.588789192098155 ], [ -70.936186842656568, 41.588602259059243 ], [ -70.936429044716931, 41.588337121985553 ], [ -70.93673181172818, 41.588005681028108 ], [ -70.937028674275965, 41.587680699610516 ], [ -70.937242294728605, 41.587446842473042 ], [ -70.937480036238284, 41.587186576763756 ], [ -70.937801358641693, 41.58683480735499 ], [ -70.938096415842949, 41.586511787713256 ], [ -70.938329925594175, 41.586254745986167 ], [ -70.938140988501885, 41.585999368765506 ], [ -70.937923937630899, 41.585705988595492 ], [ -70.937655492856564, 41.585348350373856 ], [ -70.93743905182113, 41.585061756634985 ], [ -70.9374405022334, 41.585060646904203 ], [ -70.937316459999863, 41.583609740152689 ], [ -70.937408299999888, 41.582675440152784 ], [ -70.93745421999995, 41.581360510152813 ], [ -70.937683820000089, 41.579318900152799 ], [ -70.937913420000058, 41.578453810152617 ], [ -70.938143009999976, 41.577415700152613 ], [ -70.938143000471925, 41.576987078664935 ], [ -70.938124188463632, 41.576883321427438 ], [ -70.944709896972157, 41.570908478097593 ], [ -70.944762809893874, 41.570921536167283 ], [ -70.944800810000032, 41.570907210076456 ], [ -70.945397689999893, 41.570664870076449 ], [ -70.945994540000015, 41.570180240076454 ], [ -70.946821010000065, 41.57004172007651 ], [ -70.947785149999973, 41.569487820076375 ], [ -70.949107681829076, 41.569109502677577 ], [ -70.948705899999979, 41.568349090000197 ], [ -70.948705960000026, 41.567968340000178 ], [ -70.9491192899998, 41.567345340000152 ], [ -70.94980805, 41.566999260000159 ], [ -70.951001899999881, 41.566307080000165 ], [ -70.951369259999879, 41.565857130000133 ], [ -70.951874349999926, 41.565372580000187 ], [ -70.952241749999942, 41.564472650000184 ], [ -70.953206, 41.563399690000139 ], [ -70.954721129999854, 41.562534420000212 ], [ -70.955501689999977, 41.561219140000141 ], [ -70.956419889999879, 41.560976870000154 ], [ -70.958715369999794, 41.561011510000171 ], [ -70.960322209999987, 41.561219180000158 ], [ -70.96124042000001, 41.561634530000163 ], [ -70.962709539999878, 41.561634490000174 ], [ -70.963168599999932, 41.560976820000143 ], [ -70.964132649999897, 41.56031913000016 ], [ -70.965326289999908, 41.560284460000211 ], [ -70.9657394299999, 41.559972910000241 ], [ -70.966382159999952, 41.559972870000202 ], [ -70.967024929999951, 41.560353580000218 ], [ -70.968310379999892, 41.560318870000167 ], [ -70.968999059999874, 41.560595720000201 ], [ -70.970100940000037, 41.560941750000168 ], [ -70.971202869999885, 41.561426230000166 ], [ -70.972167069999941, 41.561910710000177 ], [ -70.97303954, 41.562706720000207 ], [ -70.973177449999966, 41.563537420000173 ], [ -70.973361130000029, 41.563675850000159 ], [ -70.974646910000047, 41.564748700000173 ], [ -70.975473529999874, 41.565509850000097 ], [ -70.97643797, 41.566513210000203 ], [ -70.976667849999899, 41.567689690000108 ], [ -70.976622299999917, 41.569004630000173 ], [ -70.976622520000035, 41.569835120000185 ], [ -70.976439009999908, 41.570388800000188 ], [ -70.976439369999923, 41.571738340000181 ], [ -70.976531430000023, 41.572568810000128 ], [ -70.976761110000027, 41.572880210000157 ], [ -70.977128600000057, 41.573399200000189 ], [ -70.977266560000018, 41.574125850000193 ], [ -70.97740481000001, 41.575856010000116 ], [ -70.977588890000149, 41.577274720000169 ], [ -70.977773109999958, 41.579108680000196 ], [ -70.978186649999927, 41.579904490000196 ], [ -70.978646179999913, 41.580907920000136 ], [ -70.978922309999973, 41.58281107000014 ], [ -70.978601110000028, 41.583710810000099 ], [ -70.978096219999884, 41.584714400000216 ], [ -70.977683029999938, 41.585233520000116 ], [ -70.977452686498964, 41.585327019261022 ], [ -70.97750998352744, 41.585586178244036 ], [ -70.977612465112941, 41.586100609758738 ], [ -70.977720303529068, 41.586513985312287 ], [ -70.977982274684805, 41.587014995857018 ], [ -70.978283405293979, 41.587489686674949 ], [ -70.978546505946639, 41.587999614169412 ], [ -70.978644528345299, 41.588371562181152 ], [ -70.978769871475862, 41.588783804963796 ], [ -70.978936464891078, 41.589331707960724 ], [ -70.979164867822874, 41.590214532632288 ], [ -70.979479180681921, 41.591022253290369 ], [ -70.979505111328507, 41.591528099033063 ], [ -70.979545599951877, 41.592006201667381 ], [ -70.979593083992171, 41.592363400043247 ], [ -70.979673755368395, 41.592888467946572 ], [ -70.979743823498026, 41.593323372085557 ], [ -70.9797955719269, 41.593700407591093 ], [ -70.979786692713006, 41.594116586057162 ], [ -70.979753958156692, 41.594552810366189 ], [ -70.979757975248461, 41.595171469826177 ], [ -70.979819972127373, 41.595538790705689 ], [ -70.979893294515648, 41.595973207803063 ], [ -70.980016268843656, 41.596369903963073 ], [ -70.980091876365037, 41.59682460167447 ], [ -70.980143348792723, 41.597414438858401 ], [ -70.980194490581269, 41.598000476370778 ], [ -70.980288601977193, 41.598419750545048 ], [ -70.98040959001402, 41.59879233060731 ], [ -70.980574068358948, 41.59929883098058 ], [ -70.980705934459692, 41.599704898108975 ], [ -70.980715662142345, 41.600087604167648 ], [ -70.980715806646813, 41.600708596888801 ], [ -70.980715943067352, 41.601294838613889 ], [ -70.980765563953824, 41.601939817141336 ], [ -70.980820054734323, 41.602678006108754 ], [ -70.980931264902651, 41.60312802021803 ], [ -70.981021351265014, 41.603823712201617 ], [ -70.981005742837965, 41.604285374175824 ], [ -70.98098630966922, 41.60471388269773 ], [ -70.980894958584699, 41.60519628947516 ], [ -70.980760655564907, 41.605678379860642 ], [ -70.980572065684001, 41.60616666414704 ], [ -70.98034959566732, 41.60665821892465 ], [ -70.980349703445754, 41.607155636187692 ], [ -70.980349761233001, 41.607422331961637 ], [ -70.980349876664647, 41.607955056791496 ], [ -70.98033913475345, 41.60841943954226 ], [ -70.98032373217039, 41.608863331976785 ], [ -70.980308329373827, 41.609307224410067 ], [ -70.98030432627408, 41.609696911994696 ], [ -70.980304403259268, 41.610069974964112 ], [ -70.98033213250352, 41.610468363827849 ], [ -70.980467562269482, 41.610835415829293 ], [ -70.980577864844747, 41.611180206936695 ], [ -70.980685574365808, 41.611429478595433 ], [ -70.980954319127534, 41.611733065445961 ], [ -70.981172585010611, 41.611968744128717 ], [ -70.981429800503392, 41.612234704727079 ], [ -70.981530992538083, 41.612530297911626 ], [ -70.981590712705085, 41.612833606835594 ], [ -70.981656210278175, 41.613220455321567 ], [ -70.981414027633605, 41.613049551687666 ], [ -70.980813397693652, 41.612784742517299 ], [ -70.980169032426289, 41.612373253414773 ], [ -70.979333484455438, 41.612024323369454 ], [ -70.978978285877545, 41.612008149057623 ], [ -70.978368848769833, 41.612062232251276 ], [ -70.977645669846609, 41.612126399501349 ], [ -70.977047944928074, 41.612179431719341 ], [ -70.976814531781955, 41.612209808342087 ], [ -70.976322802561754, 41.612312757337662 ], [ -70.975921893295478, 41.612396690343942 ], [ -70.975427039259699, 41.612500289055312 ], [ -70.974763027153045, 41.612639297445185 ], [ -70.97420499871167, 41.612788260967505 ], [ -70.973512647469803, 41.613038661641909 ], [ -70.972996383283913, 41.613268904448027 ], [ -70.972580664791579, 41.613528003976789 ], [ -70.972174517942065, 41.613928167733995 ], [ -70.971650445184224, 41.614371664954966 ], [ -70.971678370000049, 41.614430520000177 ], [ -70.97177052, 41.615537820000164 ], [ -70.97301221, 41.61975928000026 ], [ -70.972690669999977, 41.620243770000215 ], [ -70.971542029999938, 41.620936000000142 ], [ -70.970150610000033, 41.621588400000242 ], [ -70.969336792421601, 41.622174908280655 ], [ -70.969094850000047, 41.622349270000193 ], [ -70.968544049999892, 41.623006350000246 ], [ -70.968541308346644, 41.622995077606248 ], [ -70.968535269999961, 41.623269380101597 ], [ -70.96789261000005, 41.624202940101711 ], [ -70.96695149, 41.624738900101626 ], [ -70.966630120000048, 41.624929070101686 ], [ -70.964770749999886, 41.625655200101555 ], [ -70.964610099999888, 41.626813460101594 ], [ -70.965505479999806, 41.628490320101598 ], [ -70.966056509999831, 41.62956213010159 ], [ -70.966075789999891, 41.629702140101664 ], [ -70.96646577999995, 41.631049440101656 ], [ -70.966557570000035, 41.631567630101621 ], [ -70.967062219999832, 41.632569460101529 ], [ -70.967337499999886, 41.633053100101591 ], [ -70.967819230000018, 41.63372673010165 ], [ -70.968048670000044, 41.634590380101614 ], [ -70.968048870000032, 41.636853170101588 ], [ -70.967498409999891, 41.637232420101547 ], [ -70.966557960000017, 41.637560560101555 ], [ -70.965938659999892, 41.63814770010157 ], [ -70.965663439999986, 41.638821170101522 ], [ -70.966030539999963, 41.640047210101585 ], [ -70.966558199999866, 41.641169630101686 ], [ -70.96784298999988, 41.643276310101598 ], [ -70.968255959999937, 41.643777070101521 ], [ -70.969058930000045, 41.644277800101591 ], [ -70.96919670999992, 41.645469600101642 ], [ -70.96917385, 41.646229420101555 ], [ -70.968279229999936, 41.647196480101563 ], [ -70.967269879999776, 41.648094480101562 ], [ -70.966719309999988, 41.648819780101576 ], [ -70.966467009999917, 41.649735000101444 ], [ -70.966008219999964, 41.650841110101538 ], [ -70.965664109999963, 41.651462960101618 ], [ -70.96509056, 41.651963900101528 ], [ -70.964654659999951, 41.652516650101518 ], [ -70.964126969999896, 41.653017590101577 ], [ -70.96334692, 41.654138980101521 ], [ -70.963048629999889, 41.654000840101439 ], [ -70.961534339999844, 41.652947470101473 ], [ -70.961121360000035, 41.652619370101476 ], [ -70.960708389999908, 41.65204951010152 ], [ -70.96041014, 41.651479650101464 ], [ -70.960433119999877, 41.650598970101576 ], [ -70.958964799999961, 41.65008089010152 ], [ -70.957840639999873, 41.649735490101612 ], [ -70.957290019999903, 41.64970093010151 ], [ -70.956051200000019, 41.648906530101534 ], [ -70.954927139999882, 41.648025780101491 ], [ -70.95453723, 41.647162340101573 ], [ -70.95394081, 41.646678800101604 ], [ -70.953183979999935, 41.644951900101617 ], [ -70.952518919999974, 41.643518090101658 ], [ -70.952289689999986, 41.642395640101583 ], [ -70.951624339999952, 41.641722210101655 ], [ -70.951338067912332, 41.640788611360378 ], [ -70.951306254547873, 41.640684858976961 ], [ -70.951227204417165, 41.639866030211593 ], [ -70.951129374622326, 41.638950160561826 ], [ -70.951080963914151, 41.638529466232995 ], [ -70.951078693606107, 41.638509736871484 ], [ -70.95105133208402, 41.638271959659463 ], [ -70.951012003443424, 41.637839480602139 ], [ -70.95099692666372, 41.637673686602049 ], [ -70.950989009001674, 41.637586618535529 ], [ -70.951053554227542, 41.636729475643783 ], [ -70.951059856496556, 41.636144505411337 ], [ -70.95104322697496, 41.635569108956361 ], [ -70.951038864627208, 41.635510054635937 ], [ -70.950994982839248, 41.634916008540543 ], [ -70.95099203372132, 41.634876084702206 ], [ -70.95089938642262, 41.634088527096111 ], [ -70.950899280988963, 41.634087630834863 ], [ -70.95089881938722, 41.634085094926263 ], [ -70.950788359947566, 41.63347825636297 ], [ -70.950359035867407, 41.632704691680743 ], [ -70.95035759169518, 41.63270208950793 ], [ -70.950355929970755, 41.632699717403071 ], [ -70.949465959099854, 41.631429258836803 ], [ -70.94946268884425, 41.631424590348395 ], [ -70.948984583577428, 41.630742153740691 ], [ -70.948607677127043, 41.630138174976729 ], [ -70.948419211486708, 41.629770664528102 ], [ -70.948357894682644, 41.628616940192458 ], [ -70.948492481118166, 41.628348338424196 ], [ -70.94905047285485, 41.628027264713189 ], [ -70.949065729679305, 41.628018485708623 ], [ -70.949066602567029, 41.628018305454482 ], [ -70.949765059888293, 41.627874069232611 ], [ -70.950320204816933, 41.627759424476977 ], [ -70.952979966635752, 41.627373870985139 ], [ -70.952533516372625, 41.626234616747169 ], [ -70.952531888734001, 41.626230463252192 ], [ -70.952199017587688, 41.625392446046042 ], [ -70.951761857450521, 41.624086337511386 ], [ -70.951760906477816, 41.624083774559367 ], [ -70.95163783325485, 41.623752079989991 ], [ -70.95145736815968, 41.623265702161554 ] ] ] } },
{ "type": "Feature", "properties": { "TMDL_BASIN": "Westport Rivers", "BBP_SYS_ID": "WSTPRIV", "SHED_ACRES": 53436.82, "HECTARES": 21625.2005, "DELIN_YEAR": 2023 }, "geometry": { "type": "Polygon", "coordinates": [ [ [ -71.013375450198978, 41.74782670631997 ], [ -71.013097763818834, 41.747018004851597 ], [ -71.012738495875482, 41.746094157133115 ], [ -71.01230446253895, 41.744950524117577 ], [ -71.0116341899612, 41.743603294432347 ], [ -71.010933777844727, 41.742246364810555 ], [ -71.010426917170122, 41.741201451628186 ], [ -71.009621004541202, 41.73935392364195 ], [ -71.009062774006082, 41.738326790181169 ], [ -71.008476295959881, 41.737409263988773 ], [ -71.007980653196, 41.73689335255024 ], [ -71.007471140709484, 41.736520874679876 ], [ -71.006858321496651, 41.736028086006158 ], [ -71.006400313595279, 41.73562768988176 ], [ -71.005890776896351, 41.735260832021076 ], [ -71.005183773010017, 41.734928003136304 ], [ -71.004734669621172, 41.734786494064913 ], [ -71.004065344215547, 41.734585500548377 ], [ -71.003535159741645, 41.73438904889403 ], [ -71.002216615557572, 41.733843635807851 ], [ -71.001848576212865, 41.733713161471655 ], [ -71.001547773362375, 41.733703404225423 ], [ -71.001202919553265, 41.733754790667412 ], [ -71.000842415696397, 41.733645729768575 ], [ -71.000016897369832, 41.733247072476665 ], [ -70.999590149968142, 41.73308369474082 ], [ -70.999326223821001, 41.733161879360544 ], [ -70.999267858949139, 41.733228024724987 ], [ -70.999090990541902, 41.733029729005857 ], [ -70.998906375484879, 41.732837588933528 ], [ -70.998758174089232, 41.732480729293428 ], [ -70.998713101148084, 41.732217173765633 ], [ -70.998492934867585, 41.732152053216538 ], [ -70.998236386433533, 41.732152048478426 ], [ -70.997965584422204, 41.732125532062511 ], [ -70.997635203147681, 41.732032912881586 ], [ -70.997481453709142, 41.732072188219043 ], [ -70.997159700528755, 41.732172059027363 ], [ -70.996932488615116, 41.73216711633701 ], [ -70.996646073587783, 41.73202460563683 ], [ -70.996447161322735, 41.731789068193528 ], [ -70.99638794442086, 41.731629554006368 ], [ -70.996218622427634, 41.731476305451039 ], [ -70.995910308695855, 41.731301057705849 ], [ -70.995477105579411, 41.731125818552336 ], [ -70.994918631339033, 41.730808777147814 ], [ -70.994455759097193, 41.730562498607298 ], [ -70.99394899988242, 41.730332905002051 ], [ -70.993538641268998, 41.730262427556077 ], [ -70.993187002652505, 41.730247357458914 ], [ -70.992345108243228, 41.73033758284874 ], [ -70.991957197454084, 41.730349358233845 ], [ -70.991590347235061, 41.730334215334508 ], [ -70.991165784610757, 41.730302494218563 ], [ -70.990710974372561, 41.730248689792354 ], [ -70.990351148957984, 41.730106397508706 ], [ -70.989764504785015, 41.72998165798068 ], [ -70.989090280358226, 41.729912232680554 ], [ -70.988628824172253, 41.729891591125472 ], [ -70.987639041890603, 41.729734642005745 ], [ -70.98708926482557, 41.729603864518388 ], [ -70.986457590371856, 41.72935848095608 ], [ -70.986253897966421, 41.729606288489542 ], [ -70.986071283307695, 41.729755150423614 ], [ -70.985830355304415, 41.729915566079221 ], [ -70.985618693497443, 41.730009711370307 ], [ -70.985296590720466, 41.730081973378496 ], [ -70.984996737723193, 41.730143080526368 ], [ -70.984688707943093, 41.730193458022413 ], [ -70.984424976239112, 41.730200142376241 ], [ -70.983853500217975, 41.730151972237991 ], [ -70.983626317729133, 41.730190895994184 ], [ -70.983370667480898, 41.730312974106013 ], [ -70.983100840212117, 41.730539092252251 ], [ -70.982911769696472, 41.73076501379785 ], [ -70.982597877127631, 41.731051705437388 ], [ -70.98233468385267, 41.73110734488337 ], [ -70.982063349441333, 41.731124681082974 ], [ -70.981675275163624, 41.731109409707535 ], [ -70.981382463857315, 41.731181231288915 ], [ -70.981090006423813, 41.731325083119891 ], [ -70.980124218754426, 41.73001908412602 ], [ -70.979607821011513, 41.729250287400788 ], [ -70.979385942801656, 41.728799652101749 ], [ -70.979156017155063, 41.728184662459938 ], [ -70.978838214095276, 41.727805898150997 ], [ -70.978569504806842, 41.727816242467874 ], [ -70.978522524361836, 41.727818051131052 ], [ -70.978280915459138, 41.727826220803209 ], [ -70.978274377795742, 41.727825104103133 ], [ -70.977894261896807, 41.727831861195412 ], [ -70.977281404777429, 41.727858794751086 ], [ -70.976851115734746, 41.727890998301334 ], [ -70.976970821366791, 41.727829279205515 ], [ -70.977056409626826, 41.727785150554752 ], [ -70.978757650253854, 41.727336480303265 ], [ -70.980275410110337, 41.727095179933464 ], [ -70.980781339551925, 41.72685378024795 ], [ -70.980765619493255, 41.726668651459761 ], [ -70.980726403972341, 41.726206855155802 ], [ -70.980643670314876, 41.725232550262909 ], [ -70.980308224032413, 41.72388974965434 ], [ -70.980230050348467, 41.723576810006065 ], [ -70.97990866012195, 41.720748280468136 ], [ -70.97980926222489, 41.720209247369773 ], [ -70.979495219770669, 41.718506140123758 ], [ -70.979429644469988, 41.717964182447069 ], [ -70.979265670178634, 41.716608949967778 ], [ -70.978806430082926, 41.713676920468735 ], [ -70.978760670041495, 41.71260761041605 ], [ -70.979220560529271, 41.712193740000401 ], [ -70.980232219648599, 41.711745420166807 ], [ -70.981335810315315, 41.71136609043856 ], [ -70.981979590227041, 41.710952230064052 ], [ -70.982439439622183, 41.710641489945665 ], [ -70.982366473574814, 41.710501573986697 ], [ -70.98204755227394, 41.709890018838919 ], [ -70.982025749748374, 41.709848210092602 ], [ -70.982002908461368, 41.709805735234703 ], [ -70.980968569654621, 41.707882250000083 ], [ -70.980583510244401, 41.706567181240843 ], [ -70.980049600094446, 41.704743660311735 ], [ -70.980050110047543, 41.701984550271412 ], [ -70.980274236376516, 41.700808767034282 ], [ -70.980326220121597, 41.700536050230554 ], [ -70.980837663228527, 41.700181965563218 ], [ -70.980923929783827, 41.700122240487609 ], [ -70.982119279752979, 41.699673990548156 ], [ -70.982716939743284, 41.69936364066632 ], [ -70.982779442708534, 41.69934723259238 ], [ -70.983773079728394, 41.699086380516981 ], [ -70.984646670432383, 41.69891409005713 ], [ -70.985198400401757, 41.698845200426753 ], [ -70.985842090393916, 41.698707350364522 ], [ -70.987221429672744, 41.698397160025209 ], [ -70.987727229808428, 41.698155819967369 ], [ -70.988462940311777, 41.697673060210825 ], [ -70.989290660386715, 41.696879930562837 ], [ -70.98967602522508, 41.696655157631803 ], [ -70.989704480056574, 41.696638560588063 ], [ -70.989980389572125, 41.696328200119382 ], [ -70.989980470135109, 41.695948120182841 ], [ -70.990302619856777, 41.694396160080792 ], [ -70.991038449844922, 41.693085670221407 ], [ -70.99136036050713, 41.692464900504255 ], [ -70.991452400366342, 41.691947580635073 ], [ -70.991498520360366, 41.69118883005531 ], [ -70.99140684964938, 41.689843750112324 ], [ -70.991371889560313, 41.689804394632887 ], [ -70.991039169977142, 41.689429840344516 ], [ -70.99030363025075, 41.689602209937711 ], [ -70.990188704968773, 41.689619435082548 ], [ -70.990073780017411, 41.689636660051583 ], [ -70.98956829016349, 41.688911350560737 ], [ -70.988695339836298, 41.687014350395366 ], [ -70.989476849493641, 41.686669560237178 ], [ -70.989247159745162, 41.686117710475649 ], [ -70.988925659821007, 41.68497953001247 ], [ -70.988787970033741, 41.684117299910888 ], [ -70.988466580159212, 41.682530760299564 ], [ -70.98832894030194, 41.681496070529462 ], [ -70.988467170013692, 41.680151020140308 ], [ -70.988651199808146, 41.679323309874903 ], [ -70.988671901062503, 41.679235374714878 ], [ -70.988789219995354, 41.678737020588699 ], [ -70.988662532038518, 41.678007090994733 ], [ -70.988651540369958, 41.677943760231116 ], [ -70.988651769842278, 41.676978070562697 ], [ -70.988631306888422, 41.676281455981254 ], [ -70.988606180380771, 41.67542606055499 ], [ -70.989663319928894, 41.674977840543995 ], [ -70.990076990278084, 41.674805450024927 ], [ -70.9912718901478, 41.674840070421105 ], [ -70.991524389605303, 41.675150243471251 ], [ -70.991777309919698, 41.675460929926004 ], [ -70.992512569630307, 41.675943860454126 ], [ -70.993018039616658, 41.676392250023795 ], [ -70.993661360245639, 41.67715107004976 ], [ -70.994085712900983, 41.677563263870375 ], [ -70.994442569705797, 41.677909890436233 ], [ -70.994764210386734, 41.678427250570905 ], [ -70.995637249639287, 41.680082780158678 ], [ -70.996004860481904, 41.680807080161792 ], [ -70.996345819549347, 41.680884971333072 ], [ -70.997061969587577, 41.68104856991544 ], [ -70.997843309797503, 41.681290030364011 ], [ -70.999635879898861, 41.68111767055364 ], [ -71.000922849754872, 41.680910780523526 ], [ -71.000909214935731, 41.680850660501463 ], [ -71.000555230022357, 41.679289790302491 ], [ -71.000509320225987, 41.678255129864645 ], [ -71.000785120054545, 41.677530860326058 ], [ -71.000647279649044, 41.676910059993538 ], [ -71.000233670353296, 41.67635724054 ], [ -70.999774160081344, 41.675012150303232 ], [ -70.9991768104111, 41.673529110191168 ], [ -70.999314789823345, 41.67214956042811 ], [ -70.99977439950959, 41.67132184057985 ], [ -71.000644457691081, 41.670596390714508 ], [ -71.001597465791036, 41.669748238310788 ], [ -71.000693720383211, 41.667390130313855 ], [ -70.999728860148025, 41.665010370432057 ], [ -70.999472361188182, 41.664652637366402 ], [ -70.998442379924526, 41.663216100586013 ], [ -70.998258710092344, 41.661767560614429 ], [ -70.99844260031152, 41.660594950445564 ], [ -70.998856289848277, 41.658732560102493 ], [ -70.998902289620503, 41.658008299983138 ], [ -70.999040169955364, 41.657490969976962 ], [ -70.999003412901914, 41.657435781204001 ], [ -70.998856400024664, 41.657215050273209 ], [ -70.997891679928159, 41.655731980266765 ], [ -70.997662069941214, 41.654731200330723 ], [ -70.997794772118354, 41.653410853005504 ], [ -70.997754129932943, 41.652799820319984 ], [ -70.999178330050256, 41.653248250311442 ], [ -71.000730787004727, 41.65340847039672 ], [ -71.001199800030008, 41.653489730322718 ], [ -71.001649384871001, 41.653788079000591 ], [ -71.001934870366412, 41.653938109993867 ], [ -71.002026769511531, 41.653524250522203 ], [ -71.002440269853125, 41.653075890190166 ], [ -71.003541040102192, 41.652524120535759 ], [ -71.004459990457917, 41.652110320203263 ], [ -71.005379050104622, 41.651110110032022 ], [ -71.005361284087968, 41.650989894739439 ], [ -71.005333170344898, 41.650799660090449 ], [ -71.005149539561486, 41.650247740034182 ], [ -71.005241550040239, 41.649626859925455 ], [ -71.005326420162504, 41.649575291947151 ], [ -71.00532647308178, 41.649575259776022 ], [ -71.006206430090728, 41.649040580161177 ], [ -71.006276466882483, 41.648988009609148 ], [ -71.007079410284959, 41.648385300369846 ], [ -71.007814529543523, 41.647902459971455 ], [ -71.008319920318698, 41.647557570014023 ], [ -71.00865778763665, 41.647113734159177 ], [ -71.008687509538149, 41.647074690100027 ], [ -71.008779450395011, 41.646695270104757 ], [ -71.008503970458577, 41.645798399974282 ], [ -71.008008910410055, 41.644899708001233 ], [ -71.007952900243353, 41.64479803002596 ], [ -71.00685067007106, 41.643556129895792 ], [ -71.006505747893343, 41.642811129702494 ], [ -71.006483340243022, 41.6427627306009 ], [ -71.006299789681151, 41.641796890460817 ], [ -71.006024550259923, 41.640072160584346 ], [ -71.005611240102098, 41.63962369026914 ], [ -71.005523139978663, 41.639527726923376 ], [ -71.004692810293349, 41.638623270115708 ], [ -71.003912080323133, 41.638174740064173 ], [ -71.003820340239514, 41.637622820471478 ], [ -71.004509490332438, 41.63686405016805 ], [ -71.005877579555332, 41.636484530525152 ], [ -71.006746935863731, 41.636244187694828 ], [ -71.006750940260034, 41.636243080620929 ], [ -71.007854209729004, 41.63558758004681 ], [ -71.008038120555113, 41.635242540367599 ], [ -71.008405989731997, 41.634310920675425 ], [ -71.010106780236299, 41.633103370461754 ], [ -71.011531700414807, 41.632275340232923 ], [ -71.012094138119551, 41.631878744264604 ], [ -71.01318302997467, 41.631078221075249 ], [ -71.013921870214716, 41.630377660162928 ], [ -71.014473420212894, 41.629860100167143 ], [ -71.015201307703137, 41.62921247598323 ], [ -71.015714389561666, 41.628755960386357 ], [ -71.018701730077211, 41.627306780233518 ], [ -71.019528980035759, 41.626858200149478 ], [ -71.020039838233373, 41.626642444494102 ], [ -71.02113962906266, 41.626177946528117 ], [ -71.021734890354708, 41.625926529962243 ], [ -71.023205490291076, 41.625581430361478 ], [ -71.025962860094936, 41.625339770024794 ], [ -71.027111789789288, 41.62547773016437 ], [ -71.027571340176536, 41.625477700505868 ], [ -71.028076820330327, 41.625167110248846 ], [ -71.028628230196162, 41.62464947992337 ], [ -71.029593220349511, 41.624166320597055 ], [ -71.030842140125614, 41.623754070505157 ], [ -71.031577870438397, 41.623270810667599 ], [ -71.032175590003646, 41.622718540559688 ], [ -71.03235951033048, 41.62247693056473 ], [ -71.032589349579339, 41.622062750523227 ], [ -71.032635260030872, 41.621614080034639 ], [ -71.03304908997832, 41.621337940388401 ], [ -71.033049079758484, 41.621320680285244 ], [ -71.033049069540425, 41.621303420329923 ], [ -71.033278980039981, 41.621130819997759 ], [ -71.033738759608795, 41.620820150276742 ], [ -71.034152560055404, 41.620474970195204 ], [ -71.034474400330438, 41.620198830231601 ], [ -71.034543360376574, 41.62011253541592 ], [ -71.03461232041208, 41.620026240247974 ], [ -71.034638635975753, 41.619838302955074 ], [ -71.034704140009097, 41.619370490012557 ], [ -71.03456608026157, 41.618887320581628 ], [ -71.034473890049156, 41.61795549046726 ], [ -71.034657730194255, 41.617506800501822 ], [ -71.035071520212711, 41.617265150238104 ], [ -71.035945190204529, 41.617161490506653 ], [ -71.03603710038341, 41.616954399989957 ], [ -71.036220740154832, 41.615815450394905 ], [ -71.036164740501277, 41.615710432118583 ], [ -71.036128730322233, 41.615642900665293 ], [ -71.035944609830821, 41.614883640599587 ], [ -71.035806430210044, 41.613951820198686 ], [ -71.036311970278177, 41.612950870209502 ], [ -71.037506909749581, 41.610914420380283 ], [ -71.038288229764959, 41.609775959999183 ], [ -71.038236191777358, 41.609635460223366 ], [ -71.038137119409328, 41.609367968340003 ], [ -71.038095522512648, 41.609255658821759 ], [ -71.038331391917652, 41.608813141233313 ], [ -71.038664855284054, 41.608187511557105 ], [ -71.038522643002295, 41.607248967871833 ], [ -71.038518946612371, 41.607224572617426 ], [ -71.038456784886918, 41.607015341950849 ], [ -71.03820716403176, 41.606175126745065 ], [ -71.038205745524479, 41.606037747631731 ], [ -71.038197019754321, 41.605192664480533 ], [ -71.038255389796731, 41.604584286610766 ], [ -71.038269449058376, 41.604437748339429 ], [ -71.038562915027043, 41.603617130028837 ], [ -71.038546334486711, 41.602773703931184 ], [ -71.038182019751318, 41.601404396049233 ], [ -71.038083038447965, 41.60046686279189 ], [ -71.037922214663439, 41.599157952885918 ], [ -71.037694245156189, 41.598475453453716 ], [ -71.037649046949255, 41.598340136396565 ], [ -71.037421373523344, 41.597456679678508 ], [ -71.037915911602227, 41.596442285569303 ], [ -71.038511639419852, 41.595636152274885 ], [ -71.038778624562781, 41.595274862883961 ], [ -71.039320232952647, 41.594050126626783 ], [ -71.039336435503529, 41.594013487119334 ], [ -71.03933655782707, 41.594013210502723 ], [ -71.039337849807509, 41.594012491020941 ], [ -71.040786055264988, 41.593205990553315 ], [ -71.042196316632456, 41.592953784273448 ], [ -71.042413010380969, 41.592915029783107 ], [ -71.043562522698281, 41.592465556919912 ], [ -71.04359294815184, 41.591928452883948 ], [ -71.04393285287334, 41.59117722004256 ], [ -71.044056910147049, 41.59090303289976 ], [ -71.044162953278757, 41.590668658239323 ], [ -71.044277370426059, 41.590468761721105 ], [ -71.045148650787937, 41.58960819052087 ], [ -71.045245644784643, 41.589512386940989 ], [ -71.045265432337231, 41.589469433705645 ], [ -71.045672458216444, 41.58858588202564 ], [ -71.045718070479111, 41.588486867630586 ], [ -71.045653004206628, 41.588321919776966 ], [ -71.04547537161055, 41.587871603152202 ], [ -71.045468214610764, 41.587853459283103 ], [ -71.045441512788287, 41.587818199544131 ], [ -71.044702669551995, 41.586842541164359 ], [ -71.044670791824643, 41.586800445159852 ], [ -71.044474084828352, 41.58572933702176 ], [ -71.044426637804705, 41.585628395043841 ], [ -71.044072610831165, 41.584875203024509 ], [ -71.044057694362692, 41.584843467944594 ], [ -71.043692506301525, 41.583844632194172 ], [ -71.043691496336891, 41.58382667783318 ], [ -71.04368538353954, 41.583718007858693 ], [ -71.043674385992759, 41.5835224975228 ], [ -71.04366647945163, 41.583381936351799 ], [ -71.043605661072306, 41.583300164408222 ], [ -71.042989883945737, 41.582472221240032 ], [ -71.042151127252254, 41.581873076047565 ], [ -71.041127268424063, 41.581121180081723 ], [ -71.040355984361767, 41.580839385015388 ], [ -71.039710275168744, 41.580603463823834 ], [ -71.039564703345519, 41.580636133042738 ], [ -71.038948511150139, 41.580774416418123 ], [ -71.038928650382232, 41.580778873423355 ], [ -71.037977078310618, 41.58091276037559 ], [ -71.037213387653921, 41.580283190350691 ], [ -71.036540626858141, 41.578678124071025 ], [ -71.03691841357238, 41.57766525676309 ], [ -71.036919865911841, 41.577661362960491 ], [ -71.036917804788914, 41.57765797462315 ], [ -71.036270034092297, 41.576593041400805 ], [ -71.036201052426335, 41.576479633364094 ], [ -71.036004242103559, 41.576324191139499 ], [ -71.035465915849912, 41.575899011422486 ], [ -71.035017864597066, 41.575545126264309 ], [ -71.034962065830413, 41.575501054223359 ], [ -71.034956049084045, 41.575484132384133 ], [ -71.034578172142702, 41.574421351362886 ], [ -71.03449708992315, 41.574193302472224 ], [ -71.034474000001282, 41.574128360275246 ], [ -71.03438285344042, 41.573972392851097 ], [ -71.03386151716191, 41.573080281116603 ], [ -71.033822865027716, 41.573014138363021 ], [ -71.03374655747244, 41.572965537688567 ], [ -71.032400512235156, 41.572108213672607 ], [ -71.031099332310674, 41.57159153644313 ], [ -71.030663588684533, 41.571009860831815 ], [ -71.030447168038037, 41.570720955646152 ], [ -71.030010012663979, 41.569726670976394 ], [ -71.030592211824867, 41.569714108164483 ], [ -71.031386688782945, 41.569244524177606 ], [ -71.031976295920401, 41.56875235743405 ], [ -71.032030569286917, 41.568420936871114 ], [ -71.031959052446567, 41.567970483362657 ], [ -71.031849224247537, 41.567278710832959 ], [ -71.031715912937258, 41.566439013436508 ], [ -71.031646124047143, 41.565999418115979 ], [ -71.031613971869845, 41.565796891779613 ], [ -71.031588255708556, 41.565765797121571 ], [ -71.030938383831725, 41.564979993230452 ], [ -71.030909928271711, 41.56494558518262 ], [ -71.030338088009771, 41.564040602856323 ], [ -71.030051795049616, 41.562859045728921 ], [ -71.029924639995713, 41.561950224501857 ], [ -71.029595640906265, 41.560898631863864 ], [ -71.029351008065078, 41.559780867124672 ], [ -71.029207068517607, 41.558790696763268 ], [ -71.02918132942284, 41.55870447079252 ], [ -71.029126120624852, 41.558519520469247 ], [ -71.029094228400609, 41.558412680398888 ], [ -71.029032295189126, 41.557687201743107 ], [ -71.029587230011003, 41.557366510248578 ], [ -71.029831011341244, 41.55698188261313 ], [ -71.03004655024354, 41.556641810055005 ], [ -71.029945484269689, 41.556224494720162 ], [ -71.029770769611517, 41.555503060311089 ], [ -71.029770722449527, 41.55514158950399 ], [ -71.029770679564137, 41.554812900230459 ], [ -71.029970455353848, 41.554356313860474 ], [ -71.030204173156704, 41.553822145368862 ], [ -71.030451092142258, 41.553257791295948 ], [ -71.030634436624311, 41.552838737841931 ], [ -71.030872879484903, 41.552293739926824 ], [ -71.030438090696421, 41.5516598953743 ], [ -71.030091789775852, 41.551155039777747 ], [ -71.030468828012062, 41.551186474902813 ], [ -71.030505229763776, 41.551189509827559 ], [ -71.031200827837864, 41.550976562589426 ], [ -71.031716963963817, 41.550818550736203 ], [ -71.032217031947184, 41.550665454797453 ], [ -71.032894837790948, 41.550457939737292 ], [ -71.033380749407613, 41.550309171461841 ], [ -71.033800486738102, 41.55018066063792 ], [ -71.034225899783351, 41.550050410225367 ], [ -71.034515763700185, 41.549859823928237 ], [ -71.034960780359341, 41.549567219984723 ], [ -71.035420030361536, 41.549084050014805 ], [ -71.034947374061616, 41.548449807643507 ], [ -71.034376446400387, 41.547683677430427 ], [ -71.034133060382558, 41.54735707018223 ], [ -71.034077345867146, 41.547312771454102 ], [ -71.033248937338399, 41.546625894875028 ], [ -71.03319661899657, 41.546582514321123 ], [ -71.032859328362619, 41.546249247150797 ], [ -71.032598581347443, 41.545989817907866 ], [ -71.032231512835324, 41.545624598279936 ], [ -71.032231603684025, 41.545624596935639 ], [ -71.032270308052333, 41.54562405573288 ], [ -71.032348437911537, 41.54567982211632 ], [ -71.03250119150654, 41.54567744946683 ], [ -71.032577683866521, 41.545676092270178 ], [ -71.032655812845135, 41.545732115843322 ], [ -71.032733940985011, 41.545788181926561 ], [ -71.032809748231912, 41.545786821753182 ], [ -71.032887877548859, 41.545842845166945 ], [ -71.032966006026342, 41.545898911090546 ], [ -71.033042498640853, 41.545897553580673 ], [ -71.033120627630282, 41.545953576831636 ], [ -71.033196892026439, 41.545952260846484 ], [ -71.033351513646352, 41.54600696883967 ], [ -71.03342964303954, 41.546062991877939 ], [ -71.033581941566879, 41.546060615900842 ], [ -71.033660071226763, 41.546116638780724 ], [ -71.033736335450129, 41.546115279864189 ], [ -71.033890958589637, 41.546169987125602 ], [ -71.033967222561571, 41.546168670620276 ], [ -71.034043486840176, 41.546167311497442 ], [ -71.034121617390127, 41.546223376629051 ], [ -71.034274372524493, 41.546220959027593 ], [ -71.034352275014101, 41.546276980496323 ], [ -71.034504803856763, 41.546274346817491 ], [ -71.034582934584265, 41.546330369062652 ], [ -71.034735691825233, 41.546327693441995 ], [ -71.034812182736417, 41.54632663470467 ], [ -71.034888904150435, 41.546325319453807 ], [ -71.035041204757974, 41.54632264155159 ], [ -71.035117469197218, 41.546321281707336 ], [ -71.035193960094432, 41.546320222712744 ], [ -71.035270681492946, 41.546318907204075 ], [ -71.035346489005434, 41.546317587903431 ], [ -71.035421112807995, 41.546259147039351 ], [ -71.03549783346304, 41.546257831374284 ], [ -71.03564872387031, 41.546197772814132 ], [ -71.03572521394554, 41.546196713458912 ], [ -71.035799839126611, 41.546138014947566 ], [ -71.035874690634685, 41.546079617286779 ], [ -71.03602744722383, 41.546076939928071 ], [ -71.036025579606942, 41.546019557723064 ], [ -71.036176466121447, 41.545959798423873 ], [ -71.036251547219166, 41.545901101481157 ], [ -71.0363261693998, 41.545842703089384 ], [ -71.036400565652087, 41.545784002752448 ], [ -71.036475644476766, 41.545725563060593 ], [ -71.03647377646513, 41.54566818136346 ], [ -71.036623249887697, 41.545551084204426 ], [ -71.036697871633365, 41.545492642502289 ], [ -71.036770626526831, 41.545376604226924 ], [ -71.036845704536219, 41.545318164290805 ], [ -71.036843836208888, 41.545260782100108 ], [ -71.036918913704866, 41.545202385182186 ], [ -71.036991668179581, 41.545086303699449 ], [ -71.03698979755724, 41.545029221976669 ], [ -71.037063008302326, 41.54491314281092 ], [ -71.037139270713396, 41.544911824175003 ], [ -71.037135760017264, 41.544797361701853 ], [ -71.037287099215774, 41.54473760278978 ], [ -71.037285230198947, 41.54468026367357 ], [ -71.037358438155337, 41.544564441216856 ], [ -71.037433516535629, 41.544505743494462 ], [ -71.037431188940673, 41.544448659919233 ], [ -71.037506267118403, 41.544389962148898 ], [ -71.037504397911988, 41.544332623537045 ], [ -71.037502756987379, 41.544275242286957 ], [ -71.037577605075256, 41.544216800939687 ], [ -71.037575735813675, 41.544159461829047 ], [ -71.03764894233926, 41.544043682252727 ], [ -71.037647301288999, 41.543986301505448 ], [ -71.037645888870358, 41.543928921689293 ], [ -71.037720279524635, 41.543870520955295 ], [ -71.037794898312882, 41.543812078534359 ], [ -71.037793256830824, 41.543754740355823 ], [ -71.037867649311949, 41.54369603956048 ], [ -71.037864593308612, 41.543581578468618 ], [ -71.037940854425514, 41.543580216728017 ], [ -71.037937800814902, 41.543465498742719 ], [ -71.03801218999925, 41.543407097815269 ], [ -71.038008677826596, 41.543292635372836 ], [ -71.038083754120947, 41.543233937222297 ], [ -71.038082341328433, 41.543176557412593 ], [ -71.038156730045728, 41.543118156390847 ], [ -71.038153219796001, 41.543003393488732 ], [ -71.038229708533834, 41.543002075550618 ], [ -71.038228293453898, 41.542944995707948 ], [ -71.038226423957539, 41.542887613543058 ], [ -71.038224554150474, 41.542830274944926 ], [ -71.038221040968011, 41.542715812007906 ], [ -71.038372374904625, 41.542656051654824 ], [ -71.038369091941718, 41.542541332753906 ], [ -71.038442066868811, 41.542425509174606 ], [ -71.038516457212438, 41.542366807956014 ], [ -71.038589659990507, 41.542251027778015 ], [ -71.038664734535786, 41.542192328744406 ], [ -71.038737480268438, 41.542076546616201 ], [ -71.038812095374084, 41.542018103526466 ], [ -71.038888811547892, 41.542016785572805 ], [ -71.039039685967907, 41.541957022474051 ], [ -71.039188691625966, 41.541839620128805 ], [ -71.039263763286783, 41.541781178598519 ], [ -71.039412766635365, 41.541664075927287 ], [ -71.039487837885929, 41.541605634249024 ], [ -71.039638712628246, 41.541545612956092 ], [ -71.03971355491791, 41.54148716970154 ], [ -71.039788170961558, 41.541428468575134 ], [ -71.039862784711147, 41.541370067864946 ], [ -71.039937400481548, 41.54131136664062 ], [ -71.040012242891137, 41.541252923192133 ], [ -71.040086857722812, 41.541194221866988 ], [ -71.040161473083245, 41.541135520495651 ], [ -71.040159599752755, 41.54107843883024 ], [ -71.040234671482978, 41.541019739260264 ], [ -71.040387186029847, 41.54101731251172 ], [ -71.04038367159238, 41.540902592750541 ], [ -71.040382256486225, 41.540845255539054 ], [ -71.040454997895424, 41.540729429247506 ], [ -71.040453582726116, 41.540672092537214 ], [ -71.040526551451705, 41.540556310189501 ], [ -71.040525136534583, 41.540498929913646 ], [ -71.04059952088852, 41.540440484731469 ], [ -71.04059600543664, 41.540325764975883 ], [ -71.040594588307968, 41.540268685166339 ], [ -71.040592945383096, 41.540211304469402 ], [ -71.04051340098961, 41.540097949156397 ], [ -71.04043527298137, 41.54004188843431 ], [ -71.040433856002593, 41.539984808623139 ], [ -71.040357144804958, 41.539985870224655 ], [ -71.040353856583693, 41.539871408287013 ], [ -71.040275728020163, 41.539815390018845 ], [ -71.040273856469426, 41.539758051458726 ], [ -71.040194312330811, 41.539644910258247 ], [ -71.040116184849012, 41.539588891883355 ], [ -71.040114770316634, 41.539531512103942 ], [ -71.040113126868846, 41.539474173964834 ], [ -71.040033126803692, 41.539361031302747 ], [ -71.040031712045646, 41.539303694088943 ], [ -71.039951942130784, 41.539190294895178 ], [ -71.039950525601071, 41.53913321507914 ], [ -71.039872398956163, 41.539077196537235 ], [ -71.039868657244313, 41.538962432772472 ], [ -71.039867242638451, 41.538905096057455 ], [ -71.039789116344451, 41.538849077458401 ], [ -71.039785600581922, 41.538734615080756 ], [ -71.039784186368266, 41.538677234798236 ], [ -71.039782542055292, 41.538620154056673 ], [ -71.039781127843298, 41.538562774274517 ], [ -71.039779256775091, 41.538505435207831 ], [ -71.039775969658066, 41.538390973757544 ], [ -71.039772455792658, 41.538276253982211 ], [ -71.039770813654698, 41.538218873276172 ], [ -71.039769397308049, 41.53816179345926 ], [ -71.039765655524803, 41.538047072760214 ], [ -71.039764239186539, 41.537989992943487 ], [ -71.039760726339068, 41.537875230105129 ], [ -71.039759083250516, 41.537817891963215 ], [ -71.039757666922924, 41.537760812146679 ], [ -71.039755796204815, 41.537703430514355 ], [ -71.039753925490047, 41.53764604888201 ], [ -71.039752511019202, 41.537588711667262 ], [ -71.039750866762645, 41.53753163092675 ], [ -71.039748996057313, 41.537474249294668 ], [ -71.039747353294985, 41.537416868586782 ], [ -71.039669456859556, 41.537360850831661 ], [ -71.039667812682453, 41.537303770090375 ], [ -71.039666398606002, 41.537246389808395 ], [ -71.039588274509185, 41.537190371073557 ], [ -71.039586403649906, 41.53713303250575 ], [ -71.039508279405254, 41.537076970646687 ], [ -71.039428739636406, 41.536963871983772 ], [ -71.03935061609198, 41.536907853085765 ], [ -71.039270621761219, 41.536794452492416 ], [ -71.039116701793063, 41.536739755351356 ], [ -71.039037165291333, 41.536626356450228 ], [ -71.039035293093875, 41.53656927477261 ], [ -71.038957170374388, 41.53651325560422 ], [ -71.038879047125704, 41.536457236379576 ], [ -71.038799511394927, 41.536343837312678 ], [ -71.038719519408971, 41.536230436335401 ], [ -71.038641396712876, 41.536174416947503 ], [ -71.038563731354756, 41.536118399364483 ], [ -71.038483738217465, 41.536005255119996 ], [ -71.038406072536503, 41.535949237426642 ], [ -71.038404202771432, 41.535891898841086 ], [ -71.038326081739228, 41.535835836173035 ], [ -71.038323025647188, 41.535721418184536 ], [ -71.038243034615547, 41.53560801687037 ], [ -71.038161857610618, 41.535437536597115 ], [ -71.038085378561533, 41.535438854992059 ], [ -71.038082324414304, 41.53532413703067 ], [ -71.038080455271114, 41.535266754874101 ], [ -71.038002791503217, 41.535210736908645 ], [ -71.037999051199179, 41.535096273558473 ], [ -71.037995540695064, 41.534981553737587 ], [ -71.037994126000882, 41.534924473903175 ], [ -71.037992485540997, 41.534867093176281 ], [ -71.037991072707513, 41.534809755943471 ], [ -71.037989203657233, 41.534752374286391 ], [ -71.037985919929653, 41.534637912795169 ], [ -71.037983829636687, 41.534569810632476 ], [ -71.037982407977381, 41.534523492942881 ], [ -71.037902875567482, 41.534410093250507 ], [ -71.03789936593877, 41.534295373431455 ], [ -71.037819832771646, 41.534182230582765 ], [ -71.03773984455124, 41.5340688289185 ], [ -71.037736789590213, 41.533954410919407 ], [ -71.037734920792275, 41.5338970292593 ], [ -71.037656801801063, 41.533841009197317 ], [ -71.037655389597433, 41.53378362939543 ], [ -71.037574217132175, 41.533613148712796 ], [ -71.037494230060034, 41.53349974637694 ], [ -71.037492359328013, 41.533442664678375 ], [ -71.037414698280926, 41.533386646813327 ], [ -71.037411189582301, 41.533271926982245 ], [ -71.037333300226265, 41.533215907630144 ], [ -71.037362104930111, 41.533146558396538 ], [ -71.037329789162271, 41.533101444692541 ], [ -71.037251672160338, 41.533045424355677 ], [ -71.03717355560245, 41.532989361398769 ], [ -71.037169089291297, 41.532817563578355 ], [ -71.037090972775744, 41.532761543131251 ], [ -71.03701285573139, 41.532705522627772 ], [ -71.037011444129092, 41.53264814281966 ], [ -71.036933327957996, 41.532592122264319 ], [ -71.036855211923282, 41.532536101655253 ], [ -71.036777095670857, 41.532480037923335 ], [ -71.036697566426199, 41.532366937360294 ], [ -71.036619450868486, 41.53231091708944 ], [ -71.036616171576554, 41.532196197667211 ], [ -71.03661430383363, 41.532138815991438 ], [ -71.036536186103419, 41.532083052559273 ], [ -71.036534774634106, 41.5320257153125 ], [ -71.036533135554933, 41.531968334568809 ], [ -71.0364550206301, 41.531912313685375 ], [ -71.036453153039545, 41.531854932007334 ], [ -71.036373624476568, 41.531741831216387 ], [ -71.036371985548755, 41.531684450470841 ], [ -71.036294099030215, 41.531628430408006 ], [ -71.036290590574694, 41.531513967445875 ], [ -71.036212932252965, 41.531457948258549 ], [ -71.036209197226839, 41.531343227462123 ], [ -71.036131083343662, 41.53128720685681 ], [ -71.036052969912035, 41.531231142631228 ], [ -71.035975312140948, 41.531175123281891 ], [ -71.035973442829615, 41.531118041561768 ], [ -71.035895329430218, 41.531062020294321 ], [ -71.03573955918371, 41.530949936896668 ], [ -71.035737691953116, 41.53089259777461 ], [ -71.035661446193686, 41.530893915468532 ], [ -71.035583789173117, 41.530837895851882 ], [ -71.035507086977006, 41.530839211574374 ], [ -71.035429202241644, 41.530783190919294 ], [ -71.035503809748278, 41.530724492624827 ], [ -71.035426153736367, 41.530668472903216 ], [ -71.035348038835295, 41.530612708155374 ], [ -71.035269926595305, 41.530556686958519 ], [ -71.035188858420213, 41.530570754549842 ], [ -71.035011287688022, 41.530512706499977 ], [ -71.034943852432036, 41.530461478040358 ], [ -71.034707739734614, 41.530294917171979 ], [ -71.034302256734662, 41.530108554295957 ], [ -71.03418383109198, 41.530076223432374 ], [ -71.034023398456227, 41.529992768309349 ], [ -71.033871627795037, 41.529883872680024 ], [ -71.033686140577572, 41.529749362489277 ], [ -71.033418542296531, 41.529251483026364 ], [ -71.033318460900787, 41.529028157537404 ], [ -71.03325163147872, 41.528894133919003 ], [ -71.03315956280575, 41.528734531108746 ], [ -71.03306763377887, 41.528555822035422 ], [ -71.03299256263081, 41.528389919921608 ], [ -71.032884147919503, 41.528147452494771 ], [ -71.032721454857068, 41.527763413811705 ], [ -71.032626849018826, 41.527401223616387 ], [ -71.032403978584824, 41.526605696242108 ], [ -71.03221364056661, 41.52593747772805 ], [ -71.031444933137266, 41.523266883716218 ], [ -71.031197087050955, 41.522356707901729 ], [ -71.030697910244513, 41.520469606653002 ], [ -71.030453884954042, 41.519608734865784 ], [ -71.030785331354309, 41.518790182736247 ], [ -71.03100330757556, 41.518372563742936 ], [ -71.031191907996288, 41.517662906693111 ], [ -71.031085171719212, 41.516824786680601 ], [ -71.030781632193481, 41.515890421466594 ], [ -71.030166808385488, 41.515082009368903 ], [ -71.029649893971822, 41.514390638948974 ], [ -71.029035410390335, 41.513539807796654 ], [ -71.028504804310515, 41.51279535744866 ], [ -71.028169361867171, 41.512369822151136 ], [ -71.027540810728865, 41.511518924307481 ], [ -71.026912823955271, 41.510593800839338 ], [ -71.026473950908994, 41.509926928771577 ], [ -71.026397078028481, 41.509753970878101 ], [ -71.026314242707684, 41.509509743636997 ], [ -71.026244903613517, 41.509123331856948 ], [ -71.026011448115753, 41.508550624515046 ], [ -71.02582447557873, 41.508121043916624 ], [ -71.025590498706947, 41.507619800006509 ], [ -71.025399959696088, 41.507247371579844 ], [ -71.025026428159563, 41.506759841394711 ], [ -71.024695539866798, 41.506508322865955 ], [ -71.024319241027584, 41.505970746541671 ], [ -71.024170786420868, 41.505609279770653 ], [ -71.024182472369887, 41.505184040710489 ], [ -71.024281250754015, 41.504684188983767 ], [ -71.024570688888389, 41.50411366975338 ], [ -71.02495333252817, 41.5037936730225 ], [ -71.025225221252384, 41.503591545765623 ], [ -71.025864420063982, 41.503405595136087 ], [ -71.025904797795263, 41.503403512948161 ], [ -71.026097713977975, 41.503359300659177 ], [ -71.026191680853131, 41.503350149234016 ], [ -71.026886981090939, 41.503198818226366 ], [ -71.026960199212709, 41.503172240606474 ], [ -71.027143089159352, 41.50317300295346 ], [ -71.027476339737646, 41.50310292482849 ], [ -71.028095043610335, 41.502998300348011 ], [ -71.028857653772633, 41.502715603254387 ], [ -71.029715582747357, 41.50239756321573 ], [ -71.030716880840529, 41.501972909884365 ], [ -71.031717904722797, 41.501583979617941 ], [ -71.033052931278561, 41.501017749837011 ], [ -71.033863026516187, 41.500735214728287 ], [ -71.035054650313498, 41.50027557218985 ], [ -71.035817197410694, 41.499992828348383 ], [ -71.036533500007209, 41.499531224721544 ], [ -71.036722326327052, 41.499710662209644 ], [ -71.036958683575406, 41.499890293374989 ], [ -71.037336600247684, 41.5002134342243 ], [ -71.037809065000801, 41.500608425415898 ], [ -71.038422327188599, 41.501254120702633 ], [ -71.039034059815577, 41.502114205160581 ], [ -71.039649144490426, 41.502509768460243 ], [ -71.03997878903948, 41.502939904420465 ], [ -71.040640651280043, 41.503442851308051 ], [ -71.041586187159538, 41.504161339967297 ], [ -71.042484465600609, 41.504843897686293 ], [ -71.043572135038929, 41.505634409082987 ], [ -71.044756169293933, 41.506246630890566 ], [ -71.04548127543913, 41.506647508096663 ], [ -71.045797874094518, 41.506822537179403 ], [ -71.046461844115882, 41.507039592706398 ], [ -71.047175625232356, 41.506935243627616 ], [ -71.048032007844583, 41.506831458167895 ], [ -71.049173093723297, 41.506800264659752 ], [ -71.049838831727428, 41.506767174340084 ], [ -71.050456281805552, 41.506841088627922 ], [ -71.051120768107253, 41.506986652504807 ], [ -71.051642153169368, 41.507203112993047 ], [ -71.051926364352184, 41.507347168392045 ], [ -71.052401716146321, 41.507349044485878 ], [ -71.052877067968083, 41.507350918588344 ], [ -71.05368317546457, 41.507639958104377 ], [ -71.054060227993702, 41.508105972642923 ], [ -71.054485566574584, 41.508464975216704 ], [ -71.055197367350971, 41.508646433811762 ], [ -71.055956955514048, 41.508792342013479 ], [ -71.056717288949102, 41.508831047752892 ], [ -71.057810623208226, 41.508835313628254 ], [ -71.058713566725316, 41.508874562131915 ], [ -71.05956799288289, 41.509056547818233 ], [ -71.060754446268163, 41.509347012042959 ], [ -71.061323419491586, 41.509563612562445 ], [ -71.062368253822385, 41.509710579625043 ], [ -71.063554488752942, 41.510036747053768 ], [ -71.064075211063894, 41.510360347861727 ], [ -71.064500135903188, 41.510790777881702 ], [ -71.064830717347419, 41.511113644806294 ], [ -71.065205932046737, 41.511865480207 ], [ -71.06553337467065, 41.512652864872607 ], [ -71.065721595325556, 41.51293945062433 ], [ -71.066382796001562, 41.513585176943444 ], [ -71.066720890199647, 41.514262568539856 ], [ -71.066760458002719, 41.513979684376629 ], [ -71.067001054754826, 41.513551804234368 ], [ -71.067195074221843, 41.512980813391593 ], [ -71.067721621102208, 41.512446822241841 ], [ -71.06886568082534, 41.511986643432849 ], [ -71.069533621062234, 41.511631847109747 ], [ -71.070391227273106, 41.511349231368449 ], [ -71.071009941390855, 41.511244372317009 ], [ -71.07186586561329, 41.511211872054808 ], [ -71.072531398754222, 41.511214381084706 ], [ -71.073672075482321, 41.511254405096494 ], [ -71.075098456667504, 41.511224022211877 ], [ -71.076001208080214, 41.511298865129291 ], [ -71.07676158258775, 41.511337437134301 ], [ -71.077807187835049, 41.511377064930791 ], [ -71.07847319278541, 41.51130807462448 ], [ -71.079377121464063, 41.511204229120501 ], [ -71.080850802784497, 41.511209682037688 ], [ -71.08161187869969, 41.51114102445424 ], [ -71.082372487469257, 41.511143826272907 ], [ -71.083561635935112, 41.511040996806777 ], [ -71.084180092879819, 41.510971798539671 ], [ -71.084798317980812, 41.510938329501123 ], [ -71.085179315254607, 41.51083252325671 ], [ -71.085845999077435, 41.510656292567411 ], [ -71.086511757440178, 41.510622987006499 ], [ -71.087225972458199, 41.510446922094872 ], [ -71.087369735234191, 41.510268779119265 ], [ -71.087705024819925, 41.509876932753471 ], [ -71.087844968432094, 41.509627869877555 ], [ -71.088111573982232, 41.509606775582391 ], [ -71.088544810585233, 41.509608347322853 ], [ -71.088623236216975, 41.509613133471625 ], [ -71.088818354410634, 41.50961384066639 ], [ -71.089021162898106, 41.509592066353903 ], [ -71.089193453649585, 41.509584857084739 ], [ -71.089396067604028, 41.509593423563324 ], [ -71.089892471986772, 41.509625650913222 ], [ -71.089898179936313, 41.509626530492106 ], [ -71.090528653204998, 41.509674833674026 ], [ -71.090599685209639, 41.509263730403141 ], [ -71.090328036009993, 41.508954230485429 ], [ -71.088757691256944, 41.5084857702062 ], [ -71.088219434369549, 41.508327909710694 ], [ -71.088334938488984, 41.508021096074167 ], [ -71.0889099498159, 41.50730851819749 ], [ -71.089576815472626, 41.507096533011364 ], [ -71.090576421172443, 41.506885745693765 ], [ -71.091290812075073, 41.506673921946728 ], [ -71.092099358070342, 41.506605365245917 ], [ -71.093097814002959, 41.506573216718742 ], [ -71.093715764718198, 41.506575431031401 ], [ -71.094428559631524, 41.50661371443843 ], [ -71.095046510782723, 41.506615921503865 ], [ -71.09537925483346, 41.506617108533746 ], [ -71.096044290930521, 41.506690944210533 ], [ -71.096355065222582, 41.506773951532715 ], [ -71.096237355048103, 41.506227101038803 ], [ -71.096334673417033, 41.505870115863608 ], [ -71.096480649388084, 41.505334637954284 ], [ -71.096720341137754, 41.505013892115272 ], [ -71.097576617647462, 41.504909732709038 ], [ -71.098575491839185, 41.504806071431453 ], [ -71.099145892818811, 41.504808087996821 ], [ -71.100524139453185, 41.504848682145017 ], [ -71.101380186330672, 41.50478022665839 ], [ -71.102141163925864, 41.504711431404971 ], [ -71.103140691131301, 41.504500532747706 ], [ -71.103854793180929, 41.504324362543301 ], [ -71.104711709739362, 41.504112952769752 ], [ -71.105378929730534, 41.503829410164201 ], [ -71.105998392279304, 41.503581431221605 ], [ -71.106760446392144, 41.503333943199642 ], [ -71.107188237268034, 41.503335425032013 ], [ -71.1074252427657, 41.503443444794172 ], [ -71.107709344721073, 41.503623093001437 ], [ -71.107945041277361, 41.50394550544658 ], [ -71.108370653816834, 41.504304306450507 ], [ -71.108936909967369, 41.504985188450128 ], [ -71.108982481855506, 41.505306943290563 ], [ -71.109073192179579, 41.506021918205711 ], [ -71.109402449683984, 41.506594781591211 ], [ -71.109778161284552, 41.507346469369189 ], [ -71.110156488852724, 41.507669367594623 ], [ -71.110296488673981, 41.508098645779384 ], [ -71.110437142593767, 41.508420726546127 ], [ -71.110623381614445, 41.509064562044081 ], [ -71.110858244425316, 41.509529897724761 ], [ -71.111091160801948, 41.510316824723589 ], [ -71.111276761955494, 41.511067855783104 ], [ -71.111510771662637, 41.511676120067619 ], [ -71.111266579192318, 41.512747276783649 ], [ -71.111309785277882, 41.513462087231154 ], [ -71.111494315406659, 41.514391779922782 ], [ -71.111680797930688, 41.514999881157571 ], [ -71.111915474749551, 41.515500947399275 ], [ -71.11205398982716, 41.516180350088142 ], [ -71.112096775481831, 41.516966624956446 ], [ -71.112093099846561, 41.517574075396517 ], [ -71.112326708874392, 41.518253802768072 ], [ -71.112894856451092, 41.518648806086688 ], [ -71.113130203047547, 41.519042672568531 ], [ -71.113270679649631, 41.519400482599998 ], [ -71.113267877274296, 41.519865003826602 ], [ -71.113263996999621, 41.520508186347364 ], [ -71.113354561065705, 41.521258890185905 ], [ -71.11330356618025, 41.521830446770828 ], [ -71.11329839277947, 41.522688023971234 ], [ -71.113342706820248, 41.523224171217819 ], [ -71.113386374151219, 41.523867516452306 ], [ -71.113478668135826, 41.524332360955846 ], [ -71.113522769376246, 41.524904240826281 ], [ -71.113519968587156, 41.52536876213658 ], [ -71.113136775105389, 41.525831987556096 ], [ -71.112801557549673, 41.526223908570792 ], [ -71.112466335894467, 41.526615828599944 ], [ -71.112414897588309, 41.527258849540864 ], [ -71.112315691175127, 41.527937440062189 ], [ -71.11197677929961, 41.528936809316598 ], [ -71.111960947818659, 41.529144814107902 ], [ -71.112022600667984, 41.529222831190076 ], [ -71.112732203979107, 41.529832716959952 ], [ -71.11334693067127, 41.530406543061218 ], [ -71.113772750066516, 41.530765323430821 ], [ -71.114245480588437, 41.531231461840761 ], [ -71.114765987433273, 41.531662027009297 ], [ -71.115144911887214, 41.531913444163784 ], [ -71.115428089650038, 41.532271735247058 ], [ -71.115616161644411, 41.532629703608521 ], [ -71.115994025589302, 41.533059779988001 ], [ -71.116514985742356, 41.53341887179257 ], [ -71.117132129680783, 41.533599620646669 ], [ -71.117606824316951, 41.533744153640399 ], [ -71.118319722836944, 41.533818019008102 ], [ -71.11917486369363, 41.533963823300468 ], [ -71.119697757304579, 41.53400130969203 ], [ -71.120315761680999, 41.534039111157767 ], [ -71.120885155278117, 41.534255413230561 ], [ -71.121502108570979, 41.53447187034682 ], [ -71.121975345075441, 41.534866511902663 ], [ -71.122306550746686, 41.535153478817975 ], [ -71.12287364804655, 41.535762827192471 ], [ -71.123107227572831, 41.536478265421806 ], [ -71.123527893414817, 41.537730319950967 ], [ -71.123948575693916, 41.538982372961641 ], [ -71.124322762541382, 41.540055605594276 ], [ -71.124555955206958, 41.540842504977505 ], [ -71.124893412351994, 41.54101314384318 ], [ -71.124913829849845, 41.54113078827119 ], [ -71.124959192144701, 41.541227348768636 ], [ -71.125063546611457, 41.541449479485507 ], [ -71.125116024795375, 41.541550733861598 ], [ -71.125456043680117, 41.541770733645563 ], [ -71.125716072570242, 41.542000732830424 ], [ -71.125856028198868, 41.542270761942767 ], [ -71.126026069012582, 41.542560697905962 ], [ -71.126236079722929, 41.542860759201012 ], [ -71.126366079960789, 41.54305071289361 ], [ -71.126646073066965, 41.543290679587955 ], [ -71.127146070682059, 41.543700726031588 ], [ -71.127406034136982, 41.543820697101552 ], [ -71.127596059798108, 41.543890738320336 ], [ -71.127916020298116, 41.544080682897579 ], [ -71.128166003917173, 41.544330721530855 ], [ -71.128256034315541, 41.544470752219752 ], [ -71.128456033550705, 41.544660752596435 ], [ -71.128566068066903, 41.544740704451449 ], [ -71.128706005941552, 41.544830747990787 ], [ -71.128816036997108, 41.544890711599066 ], [ -71.128945978817057, 41.545030692138752 ], [ -71.129046071100476, 41.545130689059455 ], [ -71.129446000464753, 41.545420740465516 ], [ -71.129695987124435, 41.545630709693484 ], [ -71.130036074933813, 41.545720683909614 ], [ -71.130456074965821, 41.545690719181792 ], [ -71.130946029677631, 41.546020764126062 ], [ -71.131306025121617, 41.546650745061633 ], [ -71.131626050212972, 41.547250703219561 ], [ -71.132126010617128, 41.547740769438292 ], [ -71.132876033476336, 41.548160693899639 ], [ -71.1336514784184, 41.548560958149309 ], [ -71.133805981993802, 41.548640707594629 ], [ -71.134505989595425, 41.54907072401236 ], [ -71.134576058739697, 41.549120739438159 ], [ -71.134626055185819, 41.549180774259945 ], [ -71.134686056955047, 41.549230757221139 ], [ -71.134746001849351, 41.549290733961115 ], [ -71.13480600381547, 41.549340716858985 ], [ -71.134876073489266, 41.549390732100058 ], [ -71.134945966481823, 41.549450740723117 ], [ -71.135026041602117, 41.549490704009379 ], [ -71.135095991758604, 41.549540718729546 ], [ -71.1351659989285, 41.549580739596117 ], [ -71.135236012252648, 41.549640748426 ], [ -71.13529601492877, 41.549690731065219 ], [ -71.135356017698427, 41.549740713673017 ], [ -71.135405958492314, 41.549810741962951 ], [ -71.135446071411266, 41.549880738677359 ], [ -71.135496069265017, 41.5499407731171 ], [ -71.135586061062256, 41.550070713780926 ], [ -71.135625991464778, 41.550130715851708 ], [ -71.135665984970359, 41.550200712104335 ], [ -71.135706035383265, 41.550260714531852 ], [ -71.135756033777085, 41.550320748857573 ], [ -71.13578595977134, 41.550390712771218 ], [ -71.13582595361423, 41.550460708968032 ], [ -71.135866067398624, 41.550530705534825 ], [ -71.135905998350296, 41.550590707507951 ], [ -71.135936043977722, 41.550660761801161 ], [ -71.135975975076065, 41.550720763749467 ], [ -71.136005964578828, 41.55080072180175 ], [ -71.136046015684883, 41.550860724110109 ], [ -71.136086066866227, 41.55092072640435 ], [ -71.136115340568367, 41.550971959582029 ], [ -71.137571969570374, 41.552904477375272 ], [ -71.137576026676669, 41.552910785076712 ], [ -71.137615960713276, 41.552970786451432 ], [ -71.137666026862973, 41.553040724100271 ], [ -71.137716029263387, 41.55310075756671 ], [ -71.137756026906004, 41.553170753087429 ], [ -71.13780602949177, 41.553230786514206 ], [ -71.137855969307935, 41.553280735689583 ], [ -71.137906035453426, 41.553350763267595 ], [ -71.137955975441173, 41.553400712399053 ], [ -71.138006034858122, 41.553450751925006 ], [ -71.138056031458348, 41.553490707199458 ], [ -71.138116039430983, 41.553540778386768 ], [ -71.138145948579975, 41.553550777659161 ], [ -71.138525954648202, 41.554180709173686 ], [ -71.138876008699583, 41.554830712209139 ], [ -71.138975958271047, 41.555450747618046 ], [ -71.139216040197354, 41.555920778138223 ], [ -71.139486017068592, 41.556510740935437 ], [ -71.139775969124301, 41.556810760584121 ], [ -71.139995965385609, 41.556910767912761 ], [ -71.140036016482398, 41.556950780811896 ], [ -71.140205946343045, 41.557150749014646 ], [ -71.140675954489268, 41.5576207843812 ], [ -71.140946043573962, 41.557830792231286 ], [ -71.141266024693792, 41.558100740935785 ], [ -71.141725970433839, 41.55855075214712 ], [ -71.141855944890764, 41.558930753761295 ], [ -71.14202594248674, 41.559270725353734 ], [ -71.142305938102794, 41.559640755076963 ], [ -71.142796037892879, 41.560490796634447 ], [ -71.143096019068679, 41.561040779103266 ], [ -71.143235935916408, 41.561230744440877 ], [ -71.143445985935472, 41.561010725972629 ], [ -71.143815940091088, 41.56077077059502 ], [ -71.144345989917312, 41.560540769289581 ], [ -71.144975964033407, 41.560470801734745 ], [ -71.146515953920598, 41.5602407918648 ], [ -71.147005967262373, 41.560290755388614 ], [ -71.147255945737101, 41.560370763762009 ], [ -71.147806037142644, 41.560700742131949 ], [ -71.148095941824224, 41.560910794327512 ], [ -71.148396025315989, 41.56145076898008 ], [ -71.149256003239259, 41.562680798165054 ], [ -71.152635957167163, 41.568990730457799 ], [ -71.152795978978318, 41.569350733232667 ], [ -71.153356025984749, 41.569610756960877 ], [ -71.153985993664634, 41.569800762918383 ], [ -71.154715931996094, 41.569950733228943 ], [ -71.155755909147715, 41.56999080471369 ], [ -71.156575984431228, 41.569810784453132 ], [ -71.157006024861886, 41.569880781321672 ], [ -71.15762599827147, 41.570260802685645 ], [ -71.157935977060916, 41.570250752266176 ], [ -71.158755969399593, 41.570130769975819 ], [ -71.159195939284885, 41.570250758300567 ], [ -71.15928598006316, 41.570340794235491 ], [ -71.159505937704367, 41.57080081703792 ], [ -71.159705963975114, 41.57174076112257 ], [ -71.159825918207488, 41.572000783997858 ], [ -71.159936014429249, 41.572220801287543 ], [ -71.160455945657702, 41.572820825401323 ], [ -71.163075953848775, 41.574190780300171 ], [ -71.163615992821576, 41.574600783695907 ], [ -71.163965978294726, 41.574990774673935 ], [ -71.164615941123515, 41.575980839534331 ], [ -71.165195901941146, 41.577520813633399 ], [ -71.165615999914365, 41.578840806754307 ], [ -71.166035884657219, 41.581170820319301 ], [ -71.166015994383272, 41.581420791522184 ], [ -71.165945990121187, 41.58153078962517 ], [ -71.165185951570081, 41.582130802250042 ], [ -71.164695958391292, 41.582660838986222 ], [ -71.164585901279878, 41.583090795670685 ], [ -71.164625959377972, 41.586020772270437 ], [ -71.164755862124764, 41.587000836350207 ], [ -71.165065903357288, 41.587750759488593 ], [ -71.165515909138207, 41.58827078207274 ], [ -71.165755918923622, 41.588470827910513 ], [ -71.166845859411438, 41.588970757270147 ], [ -71.167365930598862, 41.589420839932799 ], [ -71.166865894079393, 41.58996076072615 ], [ -71.1665559286605, 41.590410841281766 ], [ -71.166485941958314, 41.591390766690381 ], [ -71.16606594478796, 41.5935508449613 ], [ -71.16604588425227, 41.593740761763641 ], [ -71.166095908630012, 41.593830764615483 ], [ -71.16690595083638, 41.594940763876359 ], [ -71.166925843228753, 41.595220833849197 ], [ -71.166845911969858, 41.595760814940519 ], [ -71.166155885813339, 41.597900833966293 ], [ -71.166125920692565, 41.59854081120212 ], [ -71.16624592531069, 41.598920845165942 ], [ -71.166555888188384, 41.599400836214514 ], [ -71.167335881007503, 41.600260804375814 ], [ -71.167485891101776, 41.6005008289725 ], [ -71.167825890257021, 41.601760795398739 ], [ -71.1678459070353, 41.604260790839469 ], [ -71.167735806396976, 41.605250773913085 ], [ -71.167605865420853, 41.605740819509926 ], [ -71.167875897998286, 41.607890766085958 ], [ -71.16782579034782, 41.611420837549723 ], [ -71.168155878567347, 41.612290828385895 ], [ -71.168165852707958, 41.613120808501321 ], [ -71.167595831530448, 41.616290837846321 ], [ -71.166995861570982, 41.617180797350706 ], [ -71.166815867238299, 41.617530779690014 ], [ -71.166425827931548, 41.617940829733996 ], [ -71.165485825966385, 41.619420778756457 ], [ -71.165285850124377, 41.619940777765827 ], [ -71.1652558072023, 41.621050832198897 ], [ -71.165305778221594, 41.621200799116266 ], [ -71.165745738747745, 41.621690808648886 ], [ -71.166135784766013, 41.622020766079672 ], [ -71.166565842209266, 41.622870796942358 ], [ -71.166605821840704, 41.623050805963388 ], [ -71.16659578533941, 41.625230816142214 ], [ -71.166605733159599, 41.625670760798656 ], [ -71.16666575671799, 41.627900766281307 ], [ -71.166385771552939, 41.628940760170899 ], [ -71.165385729686932, 41.630350754797881 ], [ -71.164625796074631, 41.62862081624592 ], [ -71.164405806690326, 41.628350779572926 ], [ -71.163775741702281, 41.62820080878749 ], [ -71.163115778357039, 41.627940812036556 ], [ -71.162685739598786, 41.627840767452227 ], [ -71.162235795835159, 41.627760830148084 ], [ -71.161535813660436, 41.627740831126822 ], [ -71.161125712751414, 41.627660827966444 ], [ -71.160985738737665, 41.627670764769405 ], [ -71.160845814313092, 41.627580761655913 ], [ -71.159275758622712, 41.625950827962257 ], [ -71.158935710468754, 41.625720756805251 ], [ -71.158465800396456, 41.625540804712614 ], [ -71.157975826752505, 41.625410760258958 ], [ -71.156965758507042, 41.625420772012895 ], [ -71.156225731080184, 41.625220817557953 ], [ -71.156045806339648, 41.625140771555827 ], [ -71.15520574011471, 41.624600802024894 ], [ -71.154835827923634, 41.624260784076363 ], [ -71.154545751214769, 41.62378082155584 ], [ -71.154285731580401, 41.623290775632178 ], [ -71.152115778694522, 41.618080796432906 ], [ -71.151685848095184, 41.616410752971753 ], [ -71.151495751280166, 41.615890752713014 ], [ -71.151115786286397, 41.615360805741979 ], [ -71.150725781948267, 41.615110748498452 ], [ -71.150175787714318, 41.614630785916006 ], [ -71.14936576219236, 41.613590805241898 ], [ -71.148565818657957, 41.611680742083323 ], [ -71.14841579662243, 41.611210740407365 ], [ -71.148095804557343, 41.610670794626373 ], [ -71.147825819466846, 41.61044072671158 ], [ -71.147675781612307, 41.609800736030735 ], [ -71.147695866605929, 41.609660792324014 ], [ -71.147595870707818, 41.609410722459522 ], [ -71.146615776456528, 41.607730758739699 ], [ -71.146055855930797, 41.607370763062065 ], [ -71.145555839725859, 41.606960801401527 ], [ -71.145355789836202, 41.606540789604651 ], [ -71.144985809116832, 41.605570757001374 ], [ -71.14477586912578, 41.604880785325349 ], [ -71.144535776257555, 41.604350712917544 ], [ -71.144565853791136, 41.604010741005467 ], [ -71.144215771821294, 41.603630774005744 ], [ -71.14339588823681, 41.603390779208929 ], [ -71.142235828551605, 41.603470776459091 ], [ -71.141745792067937, 41.603280787277221 ], [ -71.14139583580733, 41.602710745890043 ], [ -71.141745805529098, 41.601970763286168 ], [ -71.14182582767414, 41.601110721412219 ], [ -71.141635896266109, 41.600840734841555 ], [ -71.141085796843157, 41.600370721371654 ], [ -71.140275863098353, 41.600290729336528 ], [ -71.139814684518768, 41.600417067988907 ], [ -71.139389097791891, 41.60060075370248 ], [ -71.139075774184619, 41.600820747570516 ], [ -71.138925816678196, 41.601270721429096 ], [ -71.138415801696667, 41.60150076243962 ], [ -71.137545212381724, 41.602242057784849 ], [ -71.137431038523999, 41.602331699915418 ], [ -71.137429931150336, 41.60233256968052 ], [ -71.137411690335327, 41.602346891098058 ], [ -71.137415172835645, 41.602352782471243 ], [ -71.137405851580439, 41.60236071999222 ], [ -71.136506319206632, 41.603153742381735 ], [ -71.13604836768171, 41.603557459520431 ], [ -71.135885851739701, 41.603700728209581 ], [ -71.135145765097121, 41.604050755582293 ], [ -71.13478575783158, 41.604200769703496 ], [ -71.13385580826295, 41.604270706481771 ], [ -71.13317584592275, 41.604110770492404 ], [ -71.132155849005073, 41.603630732515384 ], [ -71.131085813745017, 41.602760756782033 ], [ -71.130475828631276, 41.602160755349594 ], [ -71.129725857771291, 41.602060715040089 ], [ -71.128835865826034, 41.602070686783591 ], [ -71.127755834332632, 41.602230749597986 ], [ -71.127015833373846, 41.602190688081087 ], [ -71.126675832967223, 41.602240712112319 ], [ -71.126335835942953, 41.601940674838481 ], [ -71.126055851034636, 41.601470755867439 ], [ -71.125885771016982, 41.600770705696767 ], [ -71.125895214102044, 41.600140020635394 ], [ -71.125895114069792, 41.600140095806161 ], [ -71.125420454564306, 41.59808088979613 ], [ -71.125217679616938, 41.597343050703095 ], [ -71.125233851471492, 41.596853532815665 ], [ -71.12516099473072, 41.596589374216329 ], [ -71.124964271847958, 41.596451420055907 ], [ -71.124664578738731, 41.596423419676107 ], [ -71.124247491512065, 41.59647212376079 ], [ -71.123792776333289, 41.59644979831765 ], [ -71.123412259393348, 41.596494118608327 ], [ -71.123083858238815, 41.596599384878054 ], [ -71.122579391199068, 41.596814359749992 ], [ -71.12213382615785, 41.597051474584703 ], [ -71.121644404980401, 41.597415054934288 ], [ -71.121389037833694, 41.597877327561278 ], [ -71.12103197431567, 41.598295367906047 ], [ -71.114251573247699, 41.598957952541767 ], [ -71.113790551333523, 41.599139835208753 ], [ -71.113520914617453, 41.599409589615647 ], [ -71.113295092308107, 41.59987194476507 ], [ -71.113084819665616, 41.600862189336723 ], [ -71.113006054088572, 41.601707135459428 ], [ -71.112999239983822, 41.601780266623933 ], [ -71.113015510261675, 41.602561385618962 ], [ -71.112943799641997, 41.603386097608727 ], [ -71.112769969745131, 41.604360146740781 ], [ -71.112489272123497, 41.604857385068271 ], [ -71.112347649505566, 41.605108257885853 ], [ -71.111873138324725, 41.605713819592467 ], [ -71.111442327954876, 41.606066302079782 ], [ -71.111055080914326, 41.606374476698498 ], [ -71.110646595472389, 41.606814817862407 ], [ -71.110164537780378, 41.607392773108621 ], [ -71.110011702451814, 41.607711877132189 ], [ -71.110114600607389, 41.60811345384694 ], [ -71.110173934393501, 41.608404586741685 ], [ -71.110423310897872, 41.608762210152243 ], [ -71.110695288666861, 41.609102465922206 ], [ -71.110924672990819, 41.609573690419893 ], [ -71.111010945913634, 41.609751244429816 ], [ -71.111239169262575, 41.610383403905921 ], [ -71.111381314715885, 41.61142023316151 ], [ -71.111395158154565, 41.611521206683939 ], [ -71.111367788899571, 41.612324123105559 ], [ -71.110952849228028, 41.613419456517278 ], [ -71.109847335522005, 41.616719994380027 ], [ -71.109365674388002, 41.618479109920628 ], [ -71.109111889196839, 41.618469796571254 ], [ -71.108475394531823, 41.61850305769196 ], [ -71.107209630267846, 41.618674824002788 ], [ -71.106478147270352, 41.618758391021089 ], [ -71.105811765989458, 41.618681802163223 ], [ -71.105248103409139, 41.618638767015455 ], [ -71.104940763496558, 41.618771065355013 ], [ -71.104700065223014, 41.618980125411632 ], [ -71.104590991742029, 41.619277428204555 ], [ -71.104547810774918, 41.619651490920816 ], [ -71.10455785747051, 41.620877706302558 ], [ -71.104638449983796, 41.621246009587324 ], [ -71.10456619311222, 41.621713383734999 ], [ -71.104479361051744, 41.622142441744543 ], [ -71.104509895362568, 41.622632119795036 ], [ -71.104540143710366, 41.623259102038283 ], [ -71.104658941785459, 41.623968550289973 ], [ -71.104571837127963, 41.624319951212534 ], [ -71.104345212359675, 41.624584206718943 ], [ -71.104046127163997, 41.624892664787396 ], [ -71.103942901712102, 41.625182109206257 ], [ -71.103855645809048, 41.625314608564935 ], [ -71.103740501080395, 41.625530294131103 ], [ -71.103500480933704, 41.625746106828892 ], [ -71.102827579758355, 41.625953654743846 ], [ -71.102080428219125, 41.626039952660598 ], [ -71.101444087535953, 41.626186283213009 ], [ -71.101137696997355, 41.626369782848435 ], [ -71.101045563295017, 41.62677237159776 ], [ -71.100976575545545, 41.627251572301539 ], [ -71.101013993608518, 41.627742723372727 ], [ -71.101026491275206, 41.627906760937265 ], [ -71.101256107484559, 41.629062280950755 ], [ -71.101501444742539, 41.630344468994863 ], [ -71.102101601986149, 41.631922767418267 ], [ -71.102485493819344, 41.633997756648348 ], [ -71.102931395056103, 41.635542872922045 ], [ -71.103197198846019, 41.636481585224814 ], [ -71.103638049885703, 41.638038427105982 ], [ -71.103649474549698, 41.638078771921727 ], [ -71.10403761468001, 41.63887525641281 ], [ -71.104558832343642, 41.639776306783716 ], [ -71.104931168593751, 41.640523776001835 ], [ -71.105435240937112, 41.64195878981316 ], [ -71.105792892546205, 41.643449566404776 ], [ -71.105894502440393, 41.644187089859244 ], [ -71.105910800730882, 41.645255763278946 ], [ -71.105984712189141, 41.646197460220179 ], [ -71.106021601144747, 41.647943164468799 ], [ -71.106178346273694, 41.649110238635956 ], [ -71.106310167944741, 41.649908640681531 ], [ -71.10657972319305, 41.650606791150736 ], [ -71.106524302299633, 41.650987002250666 ], [ -71.106304406415049, 41.651820201293802 ], [ -71.106139592388672, 41.652266997870129 ], [ -71.10607707528608, 41.652702331342404 ], [ -71.106434780944682, 41.655019750325955 ], [ -71.106538730536641, 41.656875417830932 ], [ -71.106618131038658, 41.657629745400534 ], [ -71.106683616936337, 41.658389652045287 ], [ -71.106895091764471, 41.659143310589549 ], [ -71.107172606098217, 41.659835859682261 ], [ -71.107531088263684, 41.660572017385512 ], [ -71.107664790526059, 41.661590449985525 ], [ -71.107602225145328, 41.666284494308222 ], [ -71.107612462012071, 41.667490451355583 ], [ -71.107597479348982, 41.668250642436782 ], [ -71.107710712569514, 41.668662948375193 ], [ -71.108077011359228, 41.669449213646885 ], [ -71.108509943015548, 41.670355567648045 ], [ -71.108788417997516, 41.671147155534705 ], [ -71.108916242573756, 41.671538126805522 ], [ -71.108851478317163, 41.672463588220452 ], [ -71.1093259658725, 41.673882725093584 ], [ -71.109550610597381, 41.674459727574366 ], [ -71.109835074008132, 41.675135974502027 ], [ -71.110328195216155, 41.676152259220906 ], [ -71.110458110429477, 41.676757634350786 ], [ -71.110536659512874, 41.677324568139191 ], [ -71.110556058226805, 41.677836715005441 ], [ -71.110354014728443, 41.678289580210127 ], [ -71.110050486777496, 41.678797807131708 ], [ -71.109880189342121, 41.679459551578425 ], [ -71.109716551937808, 41.680044225188318 ], [ -71.107367477540961, 41.679890959695058 ], [ -71.106653311035956, 41.680462473308239 ], [ -71.106163981692845, 41.680723573547183 ], [ -71.105842605404987, 41.680923353805461 ], [ -71.104895069001387, 41.680779385850748 ], [ -71.103866636289098, 41.680668891922394 ], [ -71.10333846407454, 41.680655234536189 ], [ -71.102796776616245, 41.680763076328986 ], [ -71.102152215256496, 41.680936957543537 ], [ -71.101501129916784, 41.681193532994371 ], [ -71.100960998281863, 41.68147187751191 ], [ -71.100017711757289, 41.681878792653514 ], [ -71.099367747006269, 41.682223145163604 ], [ -71.098731260012315, 41.682452182666346 ], [ -71.097999249900383, 41.68262123020093 ], [ -71.09722995810462, 41.682779449276602 ], [ -71.096606413829065, 41.682799186621182 ], [ -71.096158555741496, 41.682724443522766 ], [ -71.095775829481298, 41.682588592913234 ], [ -71.095385281708204, 41.682413885088494 ], [ -71.094884944775515, 41.682240473241016 ], [ -71.09444419183265, 41.682170813206689 ], [ -71.094069547163841, 41.682122770931862 ], [ -71.093578194651371, 41.682131145952312 ], [ -71.093101542446377, 41.682188528609331 ], [ -71.092141760018805, 41.682347720099202 ], [ -71.091547392482582, 41.682383290630725 ], [ -71.090938768156988, 41.682359157812591 ], [ -71.090498474009905, 41.682394151233169 ], [ -71.090132446561512, 41.682495249489691 ], [ -71.089782144536343, 41.682689815847631 ], [ -71.089388441937587, 41.683067110594116 ], [ -71.089405016812393, 41.683203912918742 ], [ -71.08939151406409, 41.684283736108803 ], [ -71.089599912293451, 41.685527550485297 ], [ -71.08985401650159, 41.68690320713764 ], [ -71.089912758117933, 41.687839795453932 ], [ -71.089867462596885, 41.688522781949949 ], [ -71.089797234816317, 41.688908559058348 ], [ -71.089829554368563, 41.689282888553876 ], [ -71.089941829737015, 41.689569158159649 ], [ -71.090266823798501, 41.689815114759696 ], [ -71.090577329436272, 41.690067208282905 ], [ -71.090607474982932, 41.690166356563793 ], [ -71.090477952122114, 41.690491709021558 ], [ -71.090245313573575, 41.690740722034569 ], [ -71.090144998092811, 41.69098908578686 ], [ -71.09020208945698, 41.69171577100866 ], [ -71.090356239864533, 41.692585738082109 ], [ -71.090554061471536, 41.693465991122856 ], [ -71.090727852513922, 41.694054665183081 ], [ -71.090849806250333, 41.694560994574616 ], [ -71.090641962858342, 41.695156736913376 ], [ -71.090254166713621, 41.696182879387159 ], [ -71.089987370467242, 41.696778971005514 ], [ -71.089924545296796, 41.697121444906699 ], [ -71.089933854122364, 41.697396651562428 ], [ -71.089988573825622, 41.697820581541094 ], [ -71.08985912637209, 41.698102040936462 ], [ -71.089415950978804, 41.698627154692353 ], [ -71.085846471401567, 41.700071682405856 ], [ -71.08175768783785, 41.701760665733822 ], [ -71.079695043025595, 41.702628641554973 ], [ -71.077588033703933, 41.703529387293003 ], [ -71.077046945796866, 41.703761194773094 ], [ -71.076330549111105, 41.704106295371815 ], [ -71.075505785544109, 41.704655257126376 ], [ -71.072772367026801, 41.706073230188359 ], [ -71.071486402007579, 41.706828639850286 ], [ -71.071609866121008, 41.707538702914427 ], [ -71.072054615409371, 41.708996712427741 ], [ -71.072064269089083, 41.709321441981629 ], [ -71.07194162206838, 41.709553386919907 ], [ -71.071407236907405, 41.709759584937025 ], [ -71.070982181671468, 41.709844080887393 ], [ -71.070394899808164, 41.709846930467691 ], [ -71.069954740970488, 41.70985989929639 ], [ -71.068973997670994, 41.710245033989942 ], [ -71.068410380397822, 41.710412841881798 ], [ -71.067845778356315, 41.710475976081014 ], [ -71.067170998541684, 41.71056232312079 ], [ -71.066922271269831, 41.710640158835368 ], [ -71.066615188544546, 41.710823564482524 ], [ -71.066199289482839, 41.711133730923628 ], [ -71.065804899181032, 41.711372511598981 ], [ -71.06505737415803, 41.711497396805463 ], [ -71.064359828766669, 41.711561131172836 ], [ -71.063982522041954, 41.711605089156073 ], [ -71.063817366066345, 41.711624330169158 ], [ -71.063921454672069, 41.711778353400057 ], [ -71.064187356520407, 41.71199151974745 ], [ -71.064416680197553, 41.712200043690231 ], [ -71.064639062436967, 41.712518272346564 ], [ -71.06481090075107, 41.712842497333696 ], [ -71.065019616509687, 41.71326590288816 ], [ -71.065199310131433, 41.713705516273642 ], [ -71.065379980891308, 41.714250362997007 ], [ -71.065516911743586, 41.714849626975862 ], [ -71.065573855153687, 41.715532431839449 ], [ -71.066204775563676, 41.716411003261818 ], [ -71.066916986000777, 41.717377103008353 ], [ -71.067570742215992, 41.718327219826023 ], [ -71.067596077161213, 41.718717848334094 ], [ -71.067657839793796, 41.719136188779117 ], [ -71.06780030468083, 41.719477179313408 ], [ -71.068037865194739, 41.719861860462693 ], [ -71.068233074233504, 41.720345420368211 ], [ -71.068087630890005, 41.720527754820175 ], [ -71.067655590393542, 41.720689868380383 ], [ -71.066922499041155, 41.720830577359258 ], [ -71.066204120176096, 41.72098878221442 ], [ -71.065420623665005, 41.721223264829412 ], [ -71.064923935185377, 41.721501605695366 ], [ -71.064580857242873, 41.721778281087168 ], [ -71.064312398646152, 41.722154280928898 ], [ -71.064168665943427, 41.722551578559262 ], [ -71.064084012137158, 41.723014378519132 ], [ -71.064072254077715, 41.723416683065295 ], [ -71.064085918613713, 41.723808393137944 ], [ -71.064143909186996, 41.72408885302432 ], [ -71.064314990547899, 41.724362992973859 ], [ -71.06466353524209, 41.724802127516575 ], [ -71.065063541775842, 41.72524089483926 ], [ -71.065872138935177, 41.726294591329612 ], [ -71.065983208530696, 41.72647564999118 ], [ -71.065208355960195, 41.72683734051904 ], [ -71.064681990805312, 41.727109939857378 ], [ -71.064376362726932, 41.727425586013133 ], [ -71.063926008645993, 41.728061431321038 ], [ -71.063453749959876, 41.728713509960961 ], [ -71.063103639286481, 41.729023354918169 ], [ -71.062855843764865, 41.729200788183732 ], [ -71.062497314853061, 41.72939524001918 ], [ -71.062286623311465, 41.729666227232997 ], [ -71.062259457995609, 41.729958177912636 ], [ -71.06218251486041, 41.730415941545139 ], [ -71.061971218597719, 41.730637405918309 ], [ -71.061686189365489, 41.73084789429641 ], [ -71.061461772839053, 41.731256695189806 ], [ -71.061428773541152, 41.731686491223137 ], [ -71.061467116293187, 41.731901037731603 ], [ -71.061726216939235, 41.732131065013014 ], [ -71.062109203432215, 41.732316550048104 ], [ -71.062632003790569, 41.732517764507193 ], [ -71.062890847496021, 41.732731469051636 ], [ -71.062886704077783, 41.733117483547254 ], [ -71.062727990187994, 41.733503467310292 ], [ -71.062343580652282, 41.734100168813079 ], [ -71.062125097716844, 41.734327233133278 ], [ -71.061677590415798, 41.734400916811218 ], [ -71.061053158366676, 41.734365310651832 ], [ -71.060398681417695, 41.734274437876664 ], [ -71.060083926226966, 41.734325555914296 ], [ -71.059784408459052, 41.734536546347123 ], [ -71.059353595217885, 41.734857885154724 ], [ -71.058930065726216, 41.735157304219982 ], [ -71.058382217987898, 41.735535021400445 ], [ -71.058054136341923, 41.735828054630588 ], [ -71.05806231150784, 41.735976646190608 ], [ -71.058181750205407, 41.736168999436558 ], [ -71.058396675069346, 41.736459637312429 ], [ -71.05859736204286, 41.736745155045682 ], [ -71.058694635911195, 41.736992569027734 ], [ -71.058933364705112, 41.737454366986931 ], [ -71.059144321227578, 41.73810344485991 ], [ -71.059044699176482, 41.73852229044121 ], [ -71.058821947190211, 41.73914605418382 ], [ -71.05864917334182, 41.739604006863999 ], [ -71.058410315990869, 41.740056638520677 ], [ -71.058069561254101, 41.740603412371243 ], [ -71.057741963952267, 41.74098535743164 ], [ -71.057370150266394, 41.741323237043851 ], [ -71.057689810604131, 41.741789853846427 ], [ -71.057936171501865, 41.74231752242023 ], [ -71.058269784691504, 41.74272341723924 ], [ -71.058426976264201, 41.743108369012631 ], [ -71.058429686977647, 41.743449954496427 ], [ -71.058313913689346, 41.743676284332665 ], [ -71.058087724445556, 41.743870110263678 ], [ -71.057766031415554, 41.744020797736219 ], [ -71.057326597399921, 41.744192973059342 ], [ -71.056857704408657, 41.744332956664586 ], [ -71.056440054537305, 41.744478202468407 ], [ -71.056067328812333, 41.744700152673175 ], [ -71.055731863638783, 41.744966139688493 ], [ -71.054921336392667, 41.74558141159396 ], [ -71.054571048053916, 41.745924430828921 ], [ -71.054287995707483, 41.74632285934058 ], [ -71.054048345390626, 41.746692758049548 ], [ -71.053838920981832, 41.747145495471614 ], [ -71.053812120042622, 41.747459391899675 ], [ -71.053836931999086, 41.747833702251633 ], [ -71.053877357466448, 41.748285730010778 ], [ -71.053998236663972, 41.748703746495764 ], [ -71.054132808965051, 41.749044160185186 ], [ -71.054304386730905, 41.749385281242759 ], [ -71.054557236551901, 41.749763859846425 ], [ -71.054870812895359, 41.750216955101848 ], [ -71.055391087904368, 41.751014682337122 ], [ -71.055815652120472, 41.752015740875486 ], [ -71.056013588231608, 41.752675465160763 ], [ -71.056210011582181, 41.753147795302723 ], [ -71.055991234026152, 41.753269617059246 ], [ -71.055771606383914, 41.75362159016192 ], [ -71.055566345133798, 41.753879643598893 ], [ -71.055338776940658, 41.753995239824931 ], [ -71.055155635993998, 41.754044044671758 ], [ -71.05471581835684, 41.754098598841956 ], [ -71.054437353746451, 41.754076689064185 ], [ -71.054144580717562, 41.754032213544079 ], [ -71.053822046566381, 41.753998875227389 ], [ -71.053485005905173, 41.753998117264459 ], [ -71.053030346672145, 41.754025595882965 ], [ -71.052760000116194, 41.754025097460541 ], [ -71.052173474032188, 41.753942323170911 ], [ -71.051177247377538, 41.753825856864367 ], [ -71.050473635619895, 41.753802824138887 ], [ -71.049982336124401, 41.75385771958846 ], [ -71.049669346507031, 41.753909941645254 ], [ -71.049528151468323, 41.753791210769343 ], [ -71.049300995464591, 41.753713781391248 ], [ -71.04906695759469, 41.75365320611175 ], [ -71.048114191850786, 41.75347611054373 ], [ -71.047674568289949, 41.753343813063182 ], [ -71.047520702623515, 41.753184513041866 ], [ -71.047447430060913, 41.752919740425362 ], [ -71.047462511267568, 41.752700336946177 ], [ -71.047689520483459, 41.752744568561475 ], [ -71.047960798610433, 41.752772093615398 ], [ -71.048267975990612, 41.752717602310717 ], [ -71.049697731086624, 41.752042364355148 ], [ -71.049932264461333, 41.751845211543433 ], [ -71.050005275625054, 41.751641792982092 ], [ -71.050012655463505, 41.751394222434577 ], [ -71.049910334106613, 41.751091633969097 ], [ -71.049573394062193, 41.750173057633532 ], [ -71.049579000611701, 41.749990756372426 ], [ -71.049460669055463, 41.749881119397706 ], [ -71.049159186312934, 41.749849539228293 ], [ -71.048733439744353, 41.749856856868803 ], [ -71.047242812006431, 41.749902149471048 ], [ -71.046390103432543, 41.749823351356937 ], [ -71.045955053078373, 41.749633104461189 ], [ -71.045813874836966, 41.749435024486367 ], [ -71.045604235174849, 41.748852328821144 ], [ -71.0454751299756, 41.748357176812718 ], [ -71.045414429995617, 41.748043495720985 ], [ -71.045236810279619, 41.747845832273924 ], [ -71.044699202258769, 41.747682744579983 ], [ -71.044272701170328, 41.747613511619811 ], [ -71.044044071811385, 41.74750961756741 ], [ -71.043866891107442, 41.747356409139755 ], [ -71.043747564248221, 41.747125213162036 ], [ -71.04358493052402, 41.746960808020788 ], [ -71.043158238265164, 41.746919143715139 ], [ -71.042762028068296, 41.746975514673949 ], [ -71.042211410132353, 41.746978367403571 ], [ -71.041528719986019, 41.747008822257435 ], [ -71.040339597843698, 41.747140772056724 ], [ -71.039811561461448, 41.747242181556828 ], [ -71.039481594656976, 41.747359583278246 ], [ -71.039196515625619, 41.747504176563851 ], [ -71.038801811242195, 41.747715289811701 ], [ -71.038495092193486, 41.74794251460515 ], [ -71.037909008449745, 41.748198430052739 ], [ -71.037264435667637, 41.748410774903491 ], [ -71.036369283829146, 41.748541626416532 ], [ -71.035437012614992, 41.748583971347486 ], [ -71.034261733414354, 41.748589300692025 ], [ -71.033151990925703, 41.748495283827467 ], [ -71.032416615248479, 41.748354961816858 ], [ -71.031614119149808, 41.748094498121958 ], [ -71.031039844921338, 41.747914875939784 ], [ -71.030487736418181, 41.747735904950268 ], [ -71.029891621388032, 41.747589387830487 ], [ -71.029230218884734, 41.747559082319263 ], [ -71.028224348680766, 41.747597124851744 ], [ -71.027526378896454, 41.747583539794775 ], [ -71.027233314170289, 41.747600516257613 ], [ -71.027218164126012, 41.747601393551555 ], [ -71.027472065063648, 41.748145479224888 ], [ -71.027432917266836, 41.748790202483328 ], [ -71.027272728482373, 41.749011252365058 ], [ -71.027001828678905, 41.74913899228747 ], [ -71.02651817997041, 41.749278790098252 ], [ -71.025822269976985, 41.749491419694863 ], [ -71.025206007240982, 41.749653731618601 ], [ -71.024744330352618, 41.74979361351474 ], [ -71.024378365476267, 41.749971596004059 ], [ -71.023943388141916, 41.750132969804085 ], [ -71.02364944709332, 41.750754117563432 ], [ -71.023664136430355, 41.751001216391344 ], [ -71.023810669865469, 41.751606198472729 ], [ -71.023495218269559, 41.751886243017125 ], [ -71.02248369936963, 41.752368766294865 ], [ -71.021076329852505, 41.752950345194897 ], [ -71.020145627871273, 41.753223852926695 ], [ -71.0198305636698, 41.753399221696633 ], [ -71.019646586261658, 41.753580769754855 ], [ -71.019529356868006, 41.753904969180965 ], [ -71.019550813973652, 41.754124523465514 ], [ -71.019638960088216, 41.754344921723558 ], [ -71.01979986294981, 41.754608956676044 ], [ -71.019982966157116, 41.754994071382278 ], [ -71.020107247561981, 41.755406511635258 ], [ -71.020114366322176, 41.755934380095297 ], [ -71.019893759459336, 41.756538945378502 ], [ -71.019739459851465, 41.756995229732723 ], [ -71.01976073972935, 41.757413426022801 ], [ -71.019848948398291, 41.757776194399383 ], [ -71.019973036261575, 41.758040073849848 ], [ -71.020302900700401, 41.758348712613518 ], [ -71.020609964979826, 41.758541332593907 ], [ -71.020691020091377, 41.758706552822723 ], [ -71.020573249020231, 41.75887712639031 ], [ -71.020382333565394, 41.759080030099582 ], [ -71.020301957726417, 41.759299718118712 ], [ -71.020184771180666, 41.759492240122952 ], [ -71.019905898672789, 41.75972290891275 ], [ -71.019663697706761, 41.759849064342461 ], [ -71.019370319722015, 41.759859644213179 ], [ -71.019194912190613, 41.759798692175615 ], [ -71.018894402271513, 41.759633669728736 ], [ -71.018711848421916, 41.759424126689552 ], [ -71.018960731157094, 41.759358776069661 ], [ -71.019151159528747, 41.759271231811198 ], [ -71.019232155026032, 41.759144397245407 ], [ -71.019254122487439, 41.758896889838127 ], [ -71.019130156216974, 41.758567170998425 ], [ -71.018998449474111, 41.758242483878441 ], [ -71.018749335190748, 41.757890289726284 ], [ -71.018419525757793, 41.757625539401673 ], [ -71.017658289967869, 41.757217717511601 ], [ -71.017350548890377, 41.756892845633978 ], [ -71.016992161415374, 41.756557629070976 ], [ -71.01672102505259, 41.756287495247427 ], [ -71.016684735378064, 41.756067877478785 ], [ -71.016794639309467, 41.755770660785785 ], [ -71.016758284720197, 41.755336080775194 ], [ -71.016605235816357, 41.754830101895983 ], [ -71.016378291214053, 41.754208449885873 ], [ -71.015792538179525, 41.753608344533987 ], [ -71.015675717238551, 41.753306225781643 ], [ -71.015712644109612, 41.75297043429007 ], [ -71.015940186356076, 41.752371533654809 ], [ -71.016086943482122, 41.751772289387269 ], [ -71.016116851890956, 41.751420148832572 ], [ -71.015926892125407, 41.75110140046101 ], [ -71.015633864448986, 41.750848052671678 ], [ -71.015113859134573, 41.750500887984124 ], [ -71.014528169278393, 41.750170322787454 ], [ -71.013588777202443, 41.748971643551371 ], [ -71.013375450198978, 41.74782670631997 ] ] ] } },
{ "type": "Feature", "properties": { "TMDL_BASIN": "West Branch Westport River", "BBP_SYS_ID": "WBWRIV", "SHED_ACRES": 12765.887, "HECTARES": 5166.1918, "DELIN_YEAR": 2023 }, "geometry": { "type": "Polygon", "coordinates": [ [ [ -71.161535813660436, 41.627740831126765 ], [ -71.161125712751584, 41.627660827966416 ], [ -71.16098573873775, 41.627670764769476 ], [ -71.160845814313348, 41.627580761655878 ], [ -71.159275758622798, 41.625950827962363 ], [ -71.158935710468754, 41.625720756805229 ], [ -71.158465800396456, 41.625540804712578 ], [ -71.15797582675269, 41.625410760258923 ], [ -71.156965758507212, 41.625420772012852 ], [ -71.156225731080369, 41.625220817558017 ], [ -71.156045806339733, 41.625140771555905 ], [ -71.155205740114809, 41.62460080202483 ], [ -71.154835827923634, 41.624260784076363 ], [ -71.154545751214869, 41.62378082155584 ], [ -71.154285731580487, 41.623290775632178 ], [ -71.152115778694608, 41.618080796432935 ], [ -71.151685848095184, 41.616410752971809 ], [ -71.151495751280351, 41.615890752713014 ], [ -71.151115786286397, 41.615360805742007 ], [ -71.150725781948083, 41.615110748498537 ], [ -71.150175787714318, 41.61463078591607 ], [ -71.14936576219263, 41.613590805241955 ], [ -71.148565818658227, 41.611680742083323 ], [ -71.148415796622515, 41.611210740407365 ], [ -71.148095804557343, 41.61067079462633 ], [ -71.147825819466846, 41.610440726711545 ], [ -71.147675781612136, 41.609800736030735 ], [ -71.147695866606028, 41.609660792324128 ], [ -71.147595870707733, 41.609410722459522 ], [ -71.146615776456528, 41.607730758739727 ], [ -71.146055855930896, 41.607370763062043 ], [ -71.145555839725944, 41.606960801401421 ], [ -71.145355789836287, 41.606540789604715 ], [ -71.144985809116918, 41.605570757001431 ], [ -71.144775869125695, 41.604880785325314 ], [ -71.144535776257641, 41.604350712917565 ], [ -71.144565853791221, 41.604010741005538 ], [ -71.144215771821109, 41.603630774005744 ], [ -71.143395888236896, 41.603390779208929 ], [ -71.142235828551605, 41.603470776459062 ], [ -71.141745792067937, 41.603280787277178 ], [ -71.141395835807415, 41.602710745890107 ], [ -71.141745805529197, 41.601970763286097 ], [ -71.141825827674239, 41.601110721412191 ], [ -71.141635896266109, 41.600840734841555 ], [ -71.141085796843242, 41.600370721371739 ], [ -71.140275863098353, 41.600290729336528 ], [ -71.139814684518683, 41.600417067988964 ], [ -71.139389097791991, 41.600600753702416 ], [ -71.139075774184704, 41.600820747570452 ], [ -71.138925816678366, 41.601270721429096 ], [ -71.138415801696837, 41.60150076243962 ], [ -71.137545212381809, 41.602242057784906 ], [ -71.137411690655668, 41.602346890985729 ], [ -71.137415173209007, 41.602352782383385 ], [ -71.137405851154114, 41.602360719823366 ], [ -71.136506319181407, 41.603153742448612 ], [ -71.136048367929007, 41.603557459568485 ], [ -71.135885851313276, 41.603700728040813 ], [ -71.135145764670611, 41.604050755413525 ], [ -71.134785757405069, 41.604200769534671 ], [ -71.133855807836525, 41.604270706312903 ], [ -71.133175845496226, 41.604110770323651 ], [ -71.132155848578762, 41.603630732346517 ], [ -71.131085813318421, 41.602760756613208 ], [ -71.13047582820478, 41.602160755180805 ], [ -71.129725857344624, 41.602060714871328 ], [ -71.128835865399623, 41.602070686614795 ], [ -71.127755833906491, 41.602230749429296 ], [ -71.12701583294735, 41.602190687912199 ], [ -71.126675832540727, 41.602240711943473 ], [ -71.126335835516372, 41.601940674669763 ], [ -71.12605585060814, 41.601470755698763 ], [ -71.1258857705906, 41.600770705527971 ], [ -71.125895214232955, 41.600140020895836 ], [ -71.125895114099791, 41.600140095675364 ], [ -71.125420454639766, 41.598080889926102 ], [ -71.125217679467838, 41.597343050832237 ], [ -71.125233851097008, 41.596853532944131 ], [ -71.125160995031194, 41.596589374346948 ], [ -71.124964271698843, 41.596451420185097 ], [ -71.124664578589616, 41.596423419805369 ], [ -71.12424749136278, 41.596472123889988 ], [ -71.123792776408919, 41.596449798447509 ], [ -71.123412259244162, 41.596494118737645 ], [ -71.123083857864515, 41.596599385006549 ], [ -71.122579391499912, 41.596814359880639 ], [ -71.12213382600865, 41.597051474713865 ], [ -71.121644404831201, 41.597415055063465 ], [ -71.12138903768458, 41.597877327690462 ], [ -71.12103197416647, 41.598295368035231 ], [ -71.114251572873712, 41.598957952670212 ], [ -71.113790551409053, 41.599139835338718 ], [ -71.11352091424294, 41.599409589744148 ], [ -71.113295092383822, 41.599871944895042 ], [ -71.113084819291259, 41.60086218946519 ], [ -71.113006054388791, 41.601707135590161 ], [ -71.112999239834409, 41.601780266753131 ], [ -71.113015510112447, 41.60256138574816 ], [ -71.112943799492754, 41.60338609773784 ], [ -71.112769969595803, 41.604360146869901 ], [ -71.112489272130929, 41.604857384905841 ], [ -71.112347649131195, 41.605108258014248 ], [ -71.11187313795017, 41.60571381972084 ], [ -71.111442327805904, 41.606066302209022 ], [ -71.111055080764999, 41.606374476827661 ], [ -71.110646595097819, 41.606814817990823 ], [ -71.110164538080696, 41.607392773239525 ], [ -71.110011702527345, 41.607711877262126 ], [ -71.110114600233359, 41.608113453975307 ], [ -71.110173934469302, 41.608404586871643 ], [ -71.110423310523288, 41.608762210280808 ], [ -71.110695288742306, 41.6091024660522 ], [ -71.110924673215081, 41.609573690656141 ], [ -71.111010945695526, 41.609751244667663 ], [ -71.111239169494226, 41.610383404145303 ], [ -71.11138131449664, 41.611420233144052 ], [ -71.11076145974782, 41.611480100904551 ], [ -71.109999439627927, 41.611513221788158 ], [ -71.109427869515031, 41.611546992204921 ], [ -71.108952397392017, 41.611438157722908 ], [ -71.108002333259236, 41.611077553094624 ], [ -71.107147284691322, 41.610753002139433 ], [ -71.106577696346676, 41.610465166419615 ], [ -71.10577159516852, 41.609926375391296 ], [ -71.105393566775092, 41.609460532087112 ], [ -71.1051579354626, 41.609066648680681 ], [ -71.104639071280118, 41.608278714787588 ], [ -71.104310437684362, 41.607527174161888 ], [ -71.103886151335772, 41.606846765575703 ], [ -71.10322693109066, 41.605665270760113 ], [ -71.103209674705212, 41.605666828576886 ], [ -71.102900298887576, 41.604719294671121 ], [ -71.102617536649575, 41.604253774815369 ], [ -71.102335888287797, 41.603609592197145 ], [ -71.102051802399643, 41.603358465408419 ], [ -71.101957477869604, 41.603215202302451 ], [ -71.101292322320631, 41.602998471386883 ], [ -71.100911917250968, 41.602925669700113 ], [ -71.100200947272597, 41.602422905927362 ], [ -71.100013202648356, 41.601993446937946 ], [ -71.099968499561797, 41.601528758072533 ], [ -71.099829257393822, 41.600956536727317 ], [ -71.099928486151839, 41.600313688651291 ], [ -71.099978323039423, 41.59995653217532 ], [ -71.0999805555807, 41.599599208110064 ], [ -71.099840647514426, 41.599134184005251 ], [ -71.099651574350162, 41.598919118863968 ], [ -71.099511223137867, 41.598525559167108 ], [ -71.099182028717124, 41.59788120097209 ], [ -71.098899995257597, 41.597308474674591 ], [ -71.098713170158717, 41.596736083938168 ], [ -71.098573725606201, 41.596199593477508 ], [ -71.098244328370953, 41.595590964980147 ], [ -71.098105114524273, 41.59501874154757 ], [ -71.097965230087112, 41.594553715150418 ], [ -71.097825796554133, 41.594017223781606 ], [ -71.097734862532121, 41.593337971172325 ], [ -71.097595433576657, 41.592801479526571 ], [ -71.09755120361946, 41.592265324944115 ], [ -71.097506974403203, 41.591729170347207 ], [ -71.097512589469375, 41.590835860368017 ], [ -71.097660994194015, 41.589943056135944 ], [ -71.097568944892657, 41.589442465413946 ], [ -71.097429525809289, 41.588905973584474 ], [ -71.097148221935214, 41.588226045791394 ], [ -71.096914518856764, 41.587546286179403 ], [ -71.096727739985411, 41.586973892230404 ], [ -71.096541639830335, 41.586294300791529 ], [ -71.096211411628133, 41.585828596039825 ], [ -71.096025996507777, 41.585041806582119 ], [ -71.095744273382138, 41.584433340128953 ], [ -71.095414737812149, 41.583860435892774 ], [ -71.094991832670729, 41.583001332278137 ], [ -71.09470877154115, 41.58260725761653 ], [ -71.0941861746618, 41.582462459199377 ], [ -71.093710264308655, 41.582460758145757 ], [ -71.092996625916186, 41.582422470440328 ], [ -71.092570125514442, 41.582135076010012 ], [ -71.091999946643952, 41.581990096844038 ], [ -71.091525863129363, 41.581702527563408 ], [ -71.091386967485349, 41.581094563600729 ], [ -71.091105077659705, 41.580521818055978 ], [ -71.090869868965981, 41.580092172745978 ], [ -71.090444764651423, 41.579590376057254 ], [ -71.090256695167227, 41.579232365806725 ], [ -71.090224329793102, 41.579107746307109 ], [ -71.090117359562555, 41.578695865070237 ], [ -71.090409516004769, 41.577660655963506 ], [ -71.090557532354183, 41.576839325909326 ], [ -71.090657501924866, 41.576089288955842 ], [ -71.090469441531951, 41.575731279074517 ], [ -71.090282526135752, 41.575194606993854 ], [ -71.09009584255233, 41.57462220223259 ], [ -71.090051459223631, 41.574121777225443 ], [ -71.089819484736452, 41.573191876507472 ], [ -71.089730725073082, 41.572191026284862 ], [ -71.089688177460005, 41.571404742155188 ], [ -71.089550008501647, 41.570689578911804 ], [ -71.089550013897068, 41.570688736920836 ], [ -71.089554358900514, 41.570010663809313 ], [ -71.089606977278265, 41.569224723528507 ], [ -71.089848772808409, 41.568618132548188 ], [ -71.090043440841839, 41.567939904580918 ], [ -71.090142716660381, 41.567297065301965 ], [ -71.090337149049816, 41.56665456921904 ], [ -71.090531805945417, 41.565976340437089 ], [ -71.090677738831374, 41.565476601730147 ], [ -71.090775634869942, 41.565048156161986 ], [ -71.090778374055262, 41.564619367686042 ], [ -71.090828918891432, 41.564155018262731 ], [ -71.090784993601702, 41.563583128882321 ], [ -71.090551904712115, 41.562831891679238 ], [ -71.090365026261836, 41.562295219846575 ], [ -71.090368225043491, 41.56179496666126 ], [ -71.09056172498282, 41.561295399735648 ], [ -71.090992184043131, 41.560939618934086 ], [ -71.091422638322285, 41.56058383650312 ], [ -71.091617334971701, 41.560312784392337 ], [ -71.091614683766423, 41.560310572813101 ], [ -71.091332655418725, 41.559773560392145 ], [ -71.090956853121099, 41.5590218103805 ], [ -71.090676205755031, 41.558270402128016 ], [ -71.090442223765663, 41.557662094246616 ], [ -71.090067130200666, 41.556803144220609 ], [ -71.089834303154745, 41.556016173275758 ], [ -71.089504508711144, 41.555514716886059 ], [ -71.089270776980115, 41.554870674260847 ], [ -71.089035674755294, 41.554441025337042 ], [ -71.08870337145575, 41.554332622620969 ], [ -71.088324188022199, 41.554116849398575 ], [ -71.087802527614656, 41.553864824601362 ], [ -71.087423810174442, 41.553577583655994 ], [ -71.0869497270739, 41.553325727772396 ], [ -71.086571708349709, 41.552931286916966 ], [ -71.086336862038209, 41.552465900067013 ], [ -71.086054912455765, 41.551928874624984 ], [ -71.085867872517113, 41.551427927862733 ], [ -71.085682683958368, 41.550641121975154 ], [ -71.085353874621731, 41.549996724179039 ], [ -71.084834343172659, 41.549423094607114 ], [ -71.084456823961759, 41.548957182044852 ], [ -71.084080933830307, 41.548241141798641 ], [ -71.083846586937881, 41.547704285151845 ], [ -71.083707837850156, 41.547096312166751 ], [ -71.083521527105674, 41.546488164557218 ], [ -71.083287888434057, 41.545844109745182 ], [ -71.082911564463416, 41.545199530365572 ], [ -71.082487918027155, 41.544519042510558 ], [ -71.082253132204343, 41.544053647303038 ], [ -71.081876129699864, 41.543516261538109 ], [ -71.081451338451501, 41.543014431535767 ], [ -71.081263193065112, 41.542692138978659 ], [ -71.080693624538497, 41.542511370833154 ], [ -71.080220117901703, 41.542188022245533 ], [ -71.079889532842287, 41.541829467426282 ], [ -71.079463830372816, 41.541470559341107 ], [ -71.079039071575423, 41.540968720338277 ], [ -71.078709439045241, 41.540467232770517 ], [ -71.078428311357811, 41.539822991553571 ], [ -71.078240425709936, 41.539464961684139 ], [ -71.07838521865888, 41.539143900696885 ], [ -71.078909774490739, 41.538931448390677 ], [ -71.079242919780555, 41.538896950409018 ], [ -71.080004092293819, 41.538864035777017 ], [ -71.080765965289288, 41.53872391904352 ], [ -71.081433418263359, 41.538476249539386 ], [ -71.081863774724937, 41.538120503518726 ], [ -71.082293427711235, 41.537871952874831 ], [ -71.082724240657072, 41.537444738928556 ], [ -71.082965283865761, 41.536945360014663 ], [ -71.082825636042571, 41.536480315450852 ], [ -71.082731685573265, 41.536301304208955 ], [ -71.082497160864122, 41.535800177267042 ], [ -71.082358217495525, 41.535227935143133 ], [ -71.082029287626526, 41.534619260292182 ], [ -71.08179500772853, 41.53408239959105 ], [ -71.081855087464717, 41.533819494702108 ], [ -71.081655374635005, 41.533617353622923 ], [ -71.080896835572844, 41.533257223714017 ], [ -71.079998686544926, 41.532432040749022 ], [ -71.079431088562501, 41.531965407718481 ], [ -71.078864437997126, 41.53135584256826 ], [ -71.078393138445037, 41.530710895562812 ], [ -71.077923024916146, 41.529887285019797 ], [ -71.077123364574163, 41.528562180534223 ], [ -71.076559598761804, 41.527523816162301 ], [ -71.076043164298568, 41.526521358948294 ], [ -71.0756208971072, 41.52566218425514 ], [ -71.075292553814208, 41.524982025431093 ], [ -71.074871491758699, 41.52394418645472 ], [ -71.074447359492737, 41.523370865901882 ], [ -71.074068407202262, 41.523155045247847 ], [ -71.073640722331788, 41.523117706239795 ], [ -71.073449583546065, 41.523259920839223 ], [ -71.073067303430065, 41.5235443490742 ], [ -71.072399258522907, 41.523899166190219 ], [ -71.072064994744977, 41.524112305575223 ], [ -71.071636827074826, 41.524146423615292 ], [ -71.071590712291197, 41.523931850358942 ], [ -71.071167804693957, 41.523179856060125 ], [ -71.070840239050327, 41.52239248751782 ], [ -71.070370762542311, 41.521497381309523 ], [ -71.069760102949743, 41.520387338808938 ], [ -71.069055097018719, 41.51916973516785 ], [ -71.06830257479379, 41.517951946355069 ], [ -71.067786828376413, 41.516877987302173 ], [ -71.067269893273391, 41.515982687346991 ], [ -71.066710503207574, 41.514336825709421 ], [ -71.066720889958162, 41.514262568614811 ], [ -71.066760458311649, 41.51397968443667 ], [ -71.067001054970987, 41.513551804326163 ], [ -71.067195073826198, 41.512980813298725 ], [ -71.067721621040292, 41.512446822359081 ], [ -71.068865680680446, 41.511986643190639 ], [ -71.069533621016433, 41.511631847007152 ], [ -71.070391227610742, 41.511349231513805 ], [ -71.071009941306968, 41.511244372637535 ], [ -71.071865865916919, 41.511211871985672 ], [ -71.072531399157612, 41.511214381015947 ], [ -71.073672075798157, 41.511254405418548 ], [ -71.075098456430126, 41.511224022140709 ], [ -71.076001207849373, 41.511298865165308 ], [ -71.076761582601435, 41.511337436887104 ], [ -71.077807187618134, 41.511377065074058 ], [ -71.078473192669236, 41.511308074660981 ], [ -71.079377121353943, 41.511204229333927 ], [ -71.080850802638878, 41.511209682250971 ], [ -71.081611878797432, 41.511141024561049 ], [ -71.082372487809565, 41.511143826380611 ], [ -71.083561635811094, 41.51104099708958 ], [ -71.084180093234409, 41.510971798717208 ], [ -71.084798317917148, 41.510938329285743 ], [ -71.085179314862003, 41.510832523217054 ], [ -71.085845998784251, 41.510656292597716 ], [ -71.086511757245205, 41.510622987321149 ], [ -71.087225972887524, 41.510446921806093 ], [ -71.087369735427927, 41.510268778899508 ], [ -71.087705025060643, 41.509876932957027 ], [ -71.087844968822793, 41.509627869546982 ], [ -71.088111573982232, 41.509606775582391 ], [ -71.088544810585418, 41.509608347322853 ], [ -71.08862323621689, 41.509613133471689 ], [ -71.088818354410449, 41.509613840666454 ], [ -71.089021162898007, 41.509592066353903 ], [ -71.089193453649401, 41.509584857084725 ], [ -71.089396067604028, 41.509593423563324 ], [ -71.089892471986772, 41.509625650913122 ], [ -71.089898180046518, 41.509626530509003 ], [ -71.090528652858012, 41.509674833423759 ], [ -71.090599685187783, 41.509263730219878 ], [ -71.090328035583653, 41.508954230181338 ], [ -71.088757691415879, 41.508485770400398 ], [ -71.088219434401353, 41.508327909399142 ], [ -71.088334938309757, 41.508021096190141 ], [ -71.088909949596655, 41.507308517916528 ], [ -71.089576815350981, 41.507096533084557 ], [ -71.090576421202755, 41.506885745445807 ], [ -71.091290811825345, 41.506673922051434 ], [ -71.092099357685825, 41.50660536524294 ], [ -71.093097813766747, 41.506573217000302 ], [ -71.093715764959569, 41.50657543131468 ], [ -71.094428559596736, 41.506613714436725 ], [ -71.095046511225718, 41.506615921503865 ], [ -71.095379254428337, 41.506617108530698 ], [ -71.096044290624661, 41.506690944315075 ], [ -71.096355064881479, 41.506773951864595 ], [ -71.0962373550297, 41.506227100785338 ], [ -71.096334673540269, 41.505870115749765 ], [ -71.096480649274682, 41.505334638048609 ], [ -71.096720340932734, 41.505013892064426 ], [ -71.097576617826562, 41.504909732836452 ], [ -71.0985754921671, 41.504806071736162 ], [ -71.099145893103795, 41.504808088301459 ], [ -71.100524139562197, 41.504848682165026 ], [ -71.101380185927255, 41.504780226569302 ], [ -71.102141163765367, 41.504711431209536 ], [ -71.10314069111881, 41.504500532906548 ], [ -71.103854792890047, 41.504324362770696 ], [ -71.104711709835684, 41.504112952676977 ], [ -71.105378929925109, 41.50382941031819 ], [ -71.105998392053635, 41.503581431336542 ], [ -71.106760446409325, 41.503333943277894 ], [ -71.107188237477871, 41.503335425110947 ], [ -71.107425242884005, 41.503443444695968 ], [ -71.107709344369098, 41.503623092832022 ], [ -71.107945040831865, 41.503945505421555 ], [ -71.108370653564847, 41.504304306286926 ], [ -71.108936909672778, 41.504985188291812 ], [ -71.108982482080549, 41.505306943278761 ], [ -71.10907319254882, 41.506021917915966 ], [ -71.10940245010201, 41.506594781483855 ], [ -71.109778161373939, 41.507346469373424 ], [ -71.110156488613654, 41.507669367742523 ], [ -71.110296489098047, 41.508098645897455 ], [ -71.110437142781635, 41.508420726808204 ], [ -71.110623381191672, 41.509064561918194 ], [ -71.110858244805755, 41.509529897960832 ], [ -71.111091161090883, 41.510316824788049 ], [ -71.111276761630918, 41.511067855958203 ], [ -71.111510771245776, 41.511676120140649 ], [ -71.11126657886679, 41.51274727711457 ], [ -71.111309785474262, 41.513462087285198 ], [ -71.111494314989642, 41.514391780017817 ], [ -71.111680797799636, 41.514999881151795 ], [ -71.111915474525276, 41.515500947468269 ], [ -71.112053990265636, 41.51618035016493 ], [ -71.112096775543904, 41.516966624860579 ], [ -71.112093099909245, 41.517574075199015 ], [ -71.112326708844407, 41.518253802575686 ], [ -71.112894856376641, 41.518648806146132 ], [ -71.113130202879034, 41.519042672879543 ], [ -71.113270679246952, 41.519400482770926 ], [ -71.113267876873508, 41.519865003681623 ], [ -71.113263996597084, 41.520508186491718 ], [ -71.113354560804851, 41.521258890443519 ], [ -71.113303566300459, 41.521830446536761 ], [ -71.113298392900077, 41.522688023672963 ], [ -71.113342706559948, 41.523224171384662 ], [ -71.113386374413878, 41.523867516235057 ], [ -71.113478668539074, 41.524332361098438 ], [ -71.113522769400092, 41.524904241149898 ], [ -71.113519968612906, 41.525368762144012 ], [ -71.113136775461271, 41.525831987248559 ], [ -71.112801557854041, 41.526223908515092 ], [ -71.112466336147421, 41.526615828795947 ], [ -71.112414897322921, 41.527258849349423 ], [ -71.112315690766877, 41.527937439875693 ], [ -71.111976779738839, 41.528936809283287 ], [ -71.111960947967859, 41.529144814162457 ], [ -71.112022600731208, 41.52922283090895 ], [ -71.112732203760686, 41.52983271725148 ], [ -71.113346930933858, 41.5304065428614 ], [ -71.113772749619926, 41.53076532376457 ], [ -71.114245480856852, 41.531231461860862 ], [ -71.114765987138654, 41.531662026995569 ], [ -71.115144912163004, 41.531913444189449 ], [ -71.115428089455918, 41.532271735131843 ], [ -71.115616161736455, 41.532629703354942 ], [ -71.115994025353729, 41.53305977970124 ], [ -71.116514985839046, 41.533418872043057 ], [ -71.117132129356975, 41.53359962082606 ], [ -71.117606824709299, 41.533744153361319 ], [ -71.118319722950559, 41.533818018835198 ], [ -71.119174863292713, 41.533963823340315 ], [ -71.119697757240573, 41.534001309449025 ], [ -71.120315762092659, 41.534039111307422 ], [ -71.120885155649205, 41.534255413026528 ], [ -71.121502108519508, 41.534471870462944 ], [ -71.121975344841104, 41.534866511594892 ], [ -71.122306550559827, 41.535153478939122 ], [ -71.122873647817528, 41.535762827211911 ], [ -71.123107227252589, 41.536478265162259 ], [ -71.123527893286223, 41.53773031987992 ], [ -71.123948575757154, 41.53898237307898 ], [ -71.124322762278766, 41.540055605292743 ], [ -71.124555954848887, 41.540842505179455 ], [ -71.12489341194194, 41.541013144018969 ], [ -71.124913829489699, 41.541130787990404 ], [ -71.125063546611457, 41.541449479485507 ], [ -71.125116024795474, 41.541550733861598 ], [ -71.125456043680217, 41.541770733645563 ], [ -71.125716072570242, 41.542000732830459 ], [ -71.125856028198868, 41.542270761942767 ], [ -71.126026069012667, 41.54256069790592 ], [ -71.126236079722929, 41.542860759200941 ], [ -71.126366079960789, 41.543050712893681 ], [ -71.12664607306715, 41.543290679587898 ], [ -71.127146070682059, 41.543700726031588 ], [ -71.127406034137067, 41.543820697101523 ], [ -71.127596059798279, 41.5438907383203 ], [ -71.127916020298116, 41.544080682897558 ], [ -71.128166003917258, 41.544330721530883 ], [ -71.128256034315726, 41.544470752219787 ], [ -71.12845603355062, 41.544660752596457 ], [ -71.128566068066817, 41.544740704451371 ], [ -71.128706005941652, 41.544830747990787 ], [ -71.128816036997108, 41.54489071159913 ], [ -71.128945978816873, 41.545030692138837 ], [ -71.129046071100476, 41.545130689059427 ], [ -71.129446000464668, 41.545420740465552 ], [ -71.12969598712435, 41.545630709693405 ], [ -71.130036074933628, 41.545720683909551 ], [ -71.13045607496592, 41.545690719181863 ], [ -71.130946029677631, 41.546020764126119 ], [ -71.131306025121617, 41.546650745061704 ], [ -71.131626050212972, 41.547250703219632 ], [ -71.132126010617029, 41.547740769438292 ], [ -71.132876033476421, 41.548160693899639 ], [ -71.133651478418571, 41.548560958149281 ], [ -71.133805981993888, 41.548640707594714 ], [ -71.134505989595425, 41.549070724012331 ], [ -71.134576058739881, 41.549120739438123 ], [ -71.134626055185905, 41.549180774259945 ], [ -71.134686056955047, 41.549230757221139 ], [ -71.13474600184945, 41.549290733961136 ], [ -71.134806003815285, 41.549340716858985 ], [ -71.134876073489352, 41.549390732100058 ], [ -71.134945966481638, 41.549450740723117 ], [ -71.135026041602202, 41.549490704009408 ], [ -71.135095991758703, 41.549540718729574 ], [ -71.1351659989284, 41.549580739596117 ], [ -71.135236012252733, 41.549640748425922 ], [ -71.135296014928954, 41.549690731065255 ], [ -71.135356017698427, 41.549740713673053 ], [ -71.135405958492314, 41.549810741962951 ], [ -71.135446071411167, 41.549880738677359 ], [ -71.135496069265201, 41.549940773117058 ], [ -71.135586061062256, 41.55007071378099 ], [ -71.135625991464948, 41.550130715851708 ], [ -71.135665984970444, 41.55020071210442 ], [ -71.13570603538335, 41.550260714531909 ], [ -71.13575603377717, 41.550320748857601 ], [ -71.135785959771795, 41.550390712771254 ], [ -71.135825953614145, 41.550460708968032 ], [ -71.135866067398723, 41.550530705534825 ], [ -71.135905998350466, 41.550590707508007 ], [ -71.135936043977807, 41.550660761801197 ], [ -71.135975975076065, 41.550720763749467 ], [ -71.136005964579013, 41.550800721801814 ], [ -71.136046015685068, 41.550860724110159 ], [ -71.136086066866312, 41.550920726404392 ], [ -71.136115340568466, 41.5509719595821 ], [ -71.137571969570459, 41.552904477375343 ], [ -71.137576026676669, 41.552910785076669 ], [ -71.137615960713276, 41.552970786451326 ], [ -71.137666026863414, 41.553040724100356 ], [ -71.137716029263473, 41.553100757566682 ], [ -71.137756026906089, 41.553170753087457 ], [ -71.13780602949204, 41.553230786514277 ], [ -71.137855969308021, 41.55328073568964 ], [ -71.137906035453611, 41.553350763267666 ], [ -71.137955975441258, 41.553400712399018 ], [ -71.138006034858208, 41.553450751924977 ], [ -71.138056031458348, 41.553490707199487 ], [ -71.138116039431068, 41.553540778386811 ], [ -71.13814594858006, 41.553550777659126 ], [ -71.138525954648202, 41.554180709173686 ], [ -71.138876008699583, 41.554830712209018 ], [ -71.138975958271047, 41.555450747618103 ], [ -71.139216040197539, 41.555920778138187 ], [ -71.139486017069032, 41.556510740935437 ], [ -71.139775969124486, 41.556810760584099 ], [ -71.139995965385424, 41.556910767912711 ], [ -71.140036016482398, 41.556950780811952 ], [ -71.14020594634313, 41.557150749014646 ], [ -71.140675954489453, 41.557620784381179 ], [ -71.140946043573962, 41.557830792231286 ], [ -71.141266024693891, 41.558100740935828 ], [ -71.141725970433924, 41.558550752147092 ], [ -71.141855944890949, 41.558930753761295 ], [ -71.14202594248674, 41.559270725353706 ], [ -71.142305938102794, 41.559640755077034 ], [ -71.142796037892879, 41.560490796634447 ], [ -71.143096019068679, 41.561040779103315 ], [ -71.143235935916493, 41.561230744440877 ], [ -71.143445985935472, 41.561010725972629 ], [ -71.143815940091088, 41.560770770595049 ], [ -71.144345989917312, 41.560540769289531 ], [ -71.144975964033407, 41.560470801734816 ], [ -71.146515953920513, 41.5602407918648 ], [ -71.147005967262373, 41.560290755388571 ], [ -71.147255945737101, 41.560370763762045 ], [ -71.147806037142644, 41.560700742131949 ], [ -71.148095941824053, 41.560910794327405 ], [ -71.148396025315989, 41.56145076898008 ], [ -71.149256003239614, 41.562680798165012 ], [ -71.152635957167249, 41.568990730457756 ], [ -71.152795978978403, 41.569350733232739 ], [ -71.153356025984934, 41.569610756960842 ], [ -71.153985993664634, 41.569800762918355 ], [ -71.154715931996193, 41.569950733228943 ], [ -71.1557559091478, 41.569990804713733 ], [ -71.156575984431328, 41.56981078445321 ], [ -71.157006024861886, 41.569880781321693 ], [ -71.157625998271556, 41.570260802685667 ], [ -71.157935977061001, 41.570250752266141 ], [ -71.158755969399778, 41.570130769975819 ], [ -71.15919593928497, 41.570250758300602 ], [ -71.15928598006326, 41.570340794235463 ], [ -71.159505937704452, 41.57080081703792 ], [ -71.159705963975284, 41.571740761122527 ], [ -71.159825918207574, 41.572000783997858 ], [ -71.159936014429249, 41.572220801287543 ], [ -71.160455945657702, 41.572820825401351 ], [ -71.163075953848875, 41.574190780300171 ], [ -71.163615992821661, 41.574600783695871 ], [ -71.163965978294726, 41.574990774673935 ], [ -71.1646159411236, 41.575980839534317 ], [ -71.165195901941232, 41.577520813633399 ], [ -71.165615999914451, 41.578840806754343 ], [ -71.166035884657219, 41.581170820319301 ], [ -71.166015994383443, 41.581420791522106 ], [ -71.165945990121273, 41.58153078962512 ], [ -71.165185951570081, 41.582130802250077 ], [ -71.164695958391377, 41.582660838986143 ], [ -71.164585901279878, 41.583090795670749 ], [ -71.164625959378071, 41.58602077227048 ], [ -71.164755862124849, 41.587000836350207 ], [ -71.165065903357288, 41.587750759488621 ], [ -71.165515909138207, 41.588270782072691 ], [ -71.165755918923622, 41.588470827910477 ], [ -71.166845859411623, 41.588970757270175 ], [ -71.167365930598777, 41.589420839932842 ], [ -71.166865894079564, 41.589960760726228 ], [ -71.1665559286605, 41.59041084128188 ], [ -71.166485941958399, 41.591390766690424 ], [ -71.16606594478813, 41.593550844961364 ], [ -71.16604588425237, 41.593740761763605 ], [ -71.166095908630012, 41.593830764615454 ], [ -71.166905950836465, 41.59494076387633 ], [ -71.166925843228839, 41.59522083384914 ], [ -71.166845911969858, 41.595760814940569 ], [ -71.166155885813424, 41.597900833966357 ], [ -71.16612592069265, 41.59854081120212 ], [ -71.16624592531079, 41.598920845165942 ], [ -71.166555888188469, 41.599400836214585 ], [ -71.167335881007588, 41.600260804375893 ], [ -71.167485891101776, 41.6005008289725 ], [ -71.167825890257021, 41.601760795398647 ], [ -71.1678459070353, 41.60426079083949 ], [ -71.167735806397147, 41.605250773913106 ], [ -71.167605865421208, 41.605740819509904 ], [ -71.167875897998371, 41.607890766085831 ], [ -71.16782579034782, 41.611420837549659 ], [ -71.168155878567433, 41.612290828385895 ], [ -71.168165852707958, 41.613120808501321 ], [ -71.167595831530448, 41.616290837846321 ], [ -71.166995861570982, 41.617180797350706 ], [ -71.166815867238384, 41.617530779689957 ], [ -71.166425827931548, 41.617940829733961 ], [ -71.165485825966655, 41.619420778756457 ], [ -71.165285850124377, 41.619940777765827 ], [ -71.1652558072023, 41.621050832198868 ], [ -71.165305778221594, 41.621200799116266 ], [ -71.165745738747745, 41.621690808648886 ], [ -71.166135784766013, 41.62202076607975 ], [ -71.166565842209266, 41.622870796942394 ], [ -71.166605821840804, 41.623050805963388 ], [ -71.166595785339311, 41.625230816142292 ], [ -71.16660573315977, 41.625670760798585 ], [ -71.16666575671799, 41.627900766281307 ], [ -71.166385771553038, 41.628940760170934 ], [ -71.165385729687031, 41.630350754797838 ], [ -71.164625796074546, 41.628620816245956 ], [ -71.164405806690326, 41.628350779572834 ], [ -71.163775741702281, 41.628200808787554 ], [ -71.163115778357124, 41.62794081203662 ], [ -71.162685739598871, 41.627840767452227 ], [ -71.162235795835159, 41.627760830148084 ], [ -71.161535813660436, 41.627740831126765 ] ] ] } },
{ "type": "Feature", "properties": { "TMDL_BASIN": "East Branch Westport River", "BBP_SYS_ID": "EBWRIV", "SHED_ACRES": 40670.928, "HECTARES": 16459.0063, "DELIN_YEAR": 2023 }, "geometry": { "type": "Polygon", "coordinates": [ [ [ -71.013375450198978, 41.74782670631997 ], [ -71.013097763818834, 41.747018004851597 ], [ -71.012738495875482, 41.746094157133115 ], [ -71.01230446253895, 41.744950524117577 ], [ -71.0116341899612, 41.743603294432347 ], [ -71.010933777844727, 41.742246364810555 ], [ -71.010426917170122, 41.741201451628186 ], [ -71.009621004541202, 41.73935392364195 ], [ -71.009062774006082, 41.738326790181169 ], [ -71.008476295959881, 41.737409263988773 ], [ -71.007980653196, 41.73689335255024 ], [ -71.007471140709484, 41.736520874679876 ], [ -71.006858321496651, 41.736028086006158 ], [ -71.006400313595279, 41.73562768988176 ], [ -71.005890776896351, 41.735260832021076 ], [ -71.005183773010017, 41.734928003136304 ], [ -71.004734669621172, 41.734786494064913 ], [ -71.004065344215547, 41.734585500548377 ], [ -71.003535159741645, 41.73438904889403 ], [ -71.002216615557572, 41.733843635807851 ], [ -71.001848576212865, 41.733713161471655 ], [ -71.001547773362375, 41.733703404225423 ], [ -71.001202919553265, 41.733754790667412 ], [ -71.000842415696397, 41.733645729768575 ], [ -71.000016897369832, 41.733247072476665 ], [ -70.999590149968142, 41.73308369474082 ], [ -70.999326223821001, 41.733161879360544 ], [ -70.999267858949139, 41.733228024724987 ], [ -70.999090990541902, 41.733029729005857 ], [ -70.998906375484879, 41.732837588933528 ], [ -70.998758174089232, 41.732480729293428 ], [ -70.998713101148084, 41.732217173765633 ], [ -70.998492934867585, 41.732152053216538 ], [ -70.998236386433533, 41.732152048478426 ], [ -70.997965584422204, 41.732125532062511 ], [ -70.997635203147681, 41.732032912881586 ], [ -70.997481453709142, 41.732072188219043 ], [ -70.997159700528755, 41.732172059027363 ], [ -70.996932488615116, 41.73216711633701 ], [ -70.996646073587783, 41.73202460563683 ], [ -70.996447161322735, 41.731789068193528 ], [ -70.99638794442086, 41.731629554006368 ], [ -70.996218622427634, 41.731476305451039 ], [ -70.995910308695855, 41.731301057705849 ], [ -70.995477105579411, 41.731125818552336 ], [ -70.994918631339033, 41.730808777147814 ], [ -70.994455759097193, 41.730562498607298 ], [ -70.99394899988242, 41.730332905002051 ], [ -70.993538641268998, 41.730262427556077 ], [ -70.993187002652505, 41.730247357458914 ], [ -70.992345108243228, 41.73033758284874 ], [ -70.991957197454084, 41.730349358233845 ], [ -70.991590347235061, 41.730334215334508 ], [ -70.991165784610757, 41.730302494218563 ], [ -70.990710974372561, 41.730248689792354 ], [ -70.990351148957984, 41.730106397508706 ], [ -70.989764504785015, 41.72998165798068 ], [ -70.989090280358226, 41.729912232680554 ], [ -70.988628824172253, 41.729891591125472 ], [ -70.987639041890603, 41.729734642005745 ], [ -70.98708926482557, 41.729603864518388 ], [ -70.986457590371856, 41.72935848095608 ], [ -70.986253897966421, 41.729606288489542 ], [ -70.986071283307695, 41.729755150423614 ], [ -70.985830355304415, 41.729915566079221 ], [ -70.985618693497443, 41.730009711370307 ], [ -70.985296590720466, 41.730081973378496 ], [ -70.984996737723193, 41.730143080526368 ], [ -70.984688707943093, 41.730193458022413 ], [ -70.984424976239112, 41.730200142376241 ], [ -70.983853500217975, 41.730151972237991 ], [ -70.983626317729133, 41.730190895994184 ], [ -70.983370667480898, 41.730312974106013 ], [ -70.983100840212117, 41.730539092252251 ], [ -70.982911769696472, 41.73076501379785 ], [ -70.982597877127631, 41.731051705437388 ], [ -70.98233468385267, 41.73110734488337 ], [ -70.982063349441333, 41.731124681082974 ], [ -70.981675275163624, 41.731109409707535 ], [ -70.981382463857315, 41.731181231288915 ], [ -70.981090006423813, 41.731325083119891 ], [ -70.980124218754426, 41.73001908412602 ], [ -70.979607821011513, 41.729250287400788 ], [ -70.979385942801656, 41.728799652101749 ], [ -70.979156017155063, 41.728184662459938 ], [ -70.978838214095276, 41.727805898150997 ], [ -70.978569504806842, 41.727816242467874 ], [ -70.978522524361836, 41.727818051131052 ], [ -70.978280915459138, 41.727826220803209 ], [ -70.978274377795742, 41.727825104103133 ], [ -70.977894261896807, 41.727831861195412 ], [ -70.977281404777429, 41.727858794751086 ], [ -70.976851115734746, 41.727890998301334 ], [ -70.976970821366791, 41.727829279205515 ], [ -70.977056409626826, 41.727785150554752 ], [ -70.978757650253854, 41.727336480303265 ], [ -70.980275410110337, 41.727095179933464 ], [ -70.980781339551925, 41.72685378024795 ], [ -70.980765619493255, 41.726668651459761 ], [ -70.980726403972341, 41.726206855155802 ], [ -70.980643670314876, 41.725232550262909 ], [ -70.980308224032413, 41.72388974965434 ], [ -70.980230050348467, 41.723576810006065 ], [ -70.97990866012195, 41.720748280468136 ], [ -70.97980926222489, 41.720209247369773 ], [ -70.979495219770669, 41.718506140123758 ], [ -70.979429644469988, 41.717964182447069 ], [ -70.979265670178634, 41.716608949967778 ], [ -70.978806430082926, 41.713676920468735 ], [ -70.978760670041495, 41.71260761041605 ], [ -70.979220560529271, 41.712193740000401 ], [ -70.980232219648599, 41.711745420166807 ], [ -70.981335810315315, 41.71136609043856 ], [ -70.981979590227041, 41.710952230064052 ], [ -70.982439439622183, 41.710641489945665 ], [ -70.982366473574814, 41.710501573986697 ], [ -70.98204755227394, 41.709890018838919 ], [ -70.982025749748374, 41.709848210092602 ], [ -70.982002908461368, 41.709805735234703 ], [ -70.980968569654621, 41.707882250000083 ], [ -70.980583510244401, 41.706567181240843 ], [ -70.980049600094446, 41.704743660311735 ], [ -70.980050110047543, 41.701984550271412 ], [ -70.980274236376516, 41.700808767034282 ], [ -70.980326220121597, 41.700536050230554 ], [ -70.980837663228527, 41.700181965563218 ], [ -70.980923929783827, 41.700122240487609 ], [ -70.982119279752979, 41.699673990548156 ], [ -70.982716939743284, 41.69936364066632 ], [ -70.982779442708534, 41.69934723259238 ], [ -70.983773079728394, 41.699086380516981 ], [ -70.984646670432383, 41.69891409005713 ], [ -70.985198400401757, 41.698845200426753 ], [ -70.985842090393916, 41.698707350364522 ], [ -70.987221429672744, 41.698397160025209 ], [ -70.987727229808428, 41.698155819967369 ], [ -70.988462940311777, 41.697673060210825 ], [ -70.989290660386715, 41.696879930562837 ], [ -70.98967602522508, 41.696655157631803 ], [ -70.989704480056574, 41.696638560588063 ], [ -70.989980389572125, 41.696328200119382 ], [ -70.989980470135109, 41.695948120182841 ], [ -70.990302619856777, 41.694396160080792 ], [ -70.991038449844922, 41.693085670221407 ], [ -70.99136036050713, 41.692464900504255 ], [ -70.991452400366342, 41.691947580635073 ], [ -70.991498520360366, 41.69118883005531 ], [ -70.99140684964938, 41.689843750112324 ], [ -70.991371889560313, 41.689804394632887 ], [ -70.991039169977142, 41.689429840344516 ], [ -70.99030363025075, 41.689602209937711 ], [ -70.990188704968773, 41.689619435082548 ], [ -70.990073780017411, 41.689636660051583 ], [ -70.98956829016349, 41.688911350560737 ], [ -70.988695339836298, 41.687014350395366 ], [ -70.989476849493641, 41.686669560237178 ], [ -70.989247159745162, 41.686117710475649 ], [ -70.988925659821007, 41.68497953001247 ], [ -70.988787970033741, 41.684117299910888 ], [ -70.988466580159212, 41.682530760299564 ], [ -70.98832894030194, 41.681496070529462 ], [ -70.988467170013692, 41.680151020140308 ], [ -70.988651199808146, 41.679323309874903 ], [ -70.988671901062503, 41.679235374714878 ], [ -70.988789219995354, 41.678737020588699 ], [ -70.988662532038518, 41.678007090994733 ], [ -70.988651540369958, 41.677943760231116 ], [ -70.988651769842278, 41.676978070562697 ], [ -70.988631306888422, 41.676281455981254 ], [ -70.988606180380771, 41.67542606055499 ], [ -70.989663319928894, 41.674977840543995 ], [ -70.990076990278084, 41.674805450024927 ], [ -70.9912718901478, 41.674840070421105 ], [ -70.991524389605303, 41.675150243471251 ], [ -70.991777309919698, 41.675460929926004 ], [ -70.992512569630307, 41.675943860454126 ], [ -70.993018039616658, 41.676392250023795 ], [ -70.993661360245639, 41.67715107004976 ], [ -70.994085712900983, 41.677563263870375 ], [ -70.994442569705797, 41.677909890436233 ], [ -70.994764210386734, 41.678427250570905 ], [ -70.995637249639287, 41.680082780158678 ], [ -70.996004860481904, 41.680807080161792 ], [ -70.996345819549347, 41.680884971333072 ], [ -70.997061969587577, 41.68104856991544 ], [ -70.997843309797503, 41.681290030364011 ], [ -70.999635879898861, 41.68111767055364 ], [ -71.000922849754872, 41.680910780523526 ], [ -71.000909214935731, 41.680850660501463 ], [ -71.000555230022357, 41.679289790302491 ], [ -71.000509320225987, 41.678255129864645 ], [ -71.000785120054545, 41.677530860326058 ], [ -71.000647279649044, 41.676910059993538 ], [ -71.000233670353296, 41.67635724054 ], [ -70.999774160081344, 41.675012150303232 ], [ -70.9991768104111, 41.673529110191168 ], [ -70.999314789823345, 41.67214956042811 ], [ -70.99977439950959, 41.67132184057985 ], [ -71.000644457691081, 41.670596390714508 ], [ -71.001597465791036, 41.669748238310788 ], [ -71.000693720383211, 41.667390130313855 ], [ -70.999728860148025, 41.665010370432057 ], [ -70.999472361188182, 41.664652637366402 ], [ -70.998442379924526, 41.663216100586013 ], [ -70.998258710092344, 41.661767560614429 ], [ -70.99844260031152, 41.660594950445564 ], [ -70.998856289848277, 41.658732560102493 ], [ -70.998902289620503, 41.658008299983138 ], [ -70.999040169955364, 41.657490969976962 ], [ -70.999003412901914, 41.657435781204001 ], [ -70.997891679928159, 41.655731980266765 ], [ -70.997662069941214, 41.654731200330723 ], [ -70.997794772118354, 41.653410853005504 ], [ -70.997754129932943, 41.652799820319984 ], [ -70.999178330050256, 41.653248250311442 ], [ -71.000730787004727, 41.65340847039672 ], [ -71.001199800030008, 41.653489730322718 ], [ -71.001649384871001, 41.653788079000591 ], [ -71.001934870366412, 41.653938109993867 ], [ -71.002026769511531, 41.653524250522203 ], [ -71.002440269853125, 41.653075890190166 ], [ -71.003541040102192, 41.652524120535759 ], [ -71.004459990457917, 41.652110320203263 ], [ -71.005379050104622, 41.651110110032022 ], [ -71.005361284087968, 41.650989894739439 ], [ -71.005333170344898, 41.650799660090449 ], [ -71.005149539561486, 41.650247740034182 ], [ -71.005241550040239, 41.649626859925455 ], [ -71.005326420162504, 41.649575291947151 ], [ -71.00532647308178, 41.649575259776022 ], [ -71.006206430090728, 41.649040580161177 ], [ -71.006276466882483, 41.648988009609148 ], [ -71.007079410284959, 41.648385300369846 ], [ -71.007814529543523, 41.647902459971455 ], [ -71.008319920318698, 41.647557570014023 ], [ -71.00865778763665, 41.647113734159177 ], [ -71.008687509538149, 41.647074690100027 ], [ -71.008779450395011, 41.646695270104757 ], [ -71.008503970458577, 41.645798399974282 ], [ -71.008008910410055, 41.644899708001233 ], [ -71.007952900243353, 41.64479803002596 ], [ -71.00685067007106, 41.643556129895792 ], [ -71.006505747893343, 41.642811129702494 ], [ -71.006483340243022, 41.6427627306009 ], [ -71.006299789681151, 41.641796890460817 ], [ -71.006024550259923, 41.640072160584346 ], [ -71.005611240102098, 41.63962369026914 ], [ -71.005523139978663, 41.639527726923376 ], [ -71.004692810293349, 41.638623270115708 ], [ -71.003912080323133, 41.638174740064173 ], [ -71.003820340239514, 41.637622820471478 ], [ -71.004509490332438, 41.63686405016805 ], [ -71.005877579555332, 41.636484530525152 ], [ -71.006746935863731, 41.636244187694828 ], [ -71.006750940260034, 41.636243080620929 ], [ -71.007854209729004, 41.63558758004681 ], [ -71.008038120555113, 41.635242540367599 ], [ -71.008405989731997, 41.634310920675425 ], [ -71.010106780236299, 41.633103370461754 ], [ -71.011531700414807, 41.632275340232923 ], [ -71.012094138119551, 41.631878744264604 ], [ -71.01318302997467, 41.631078221075249 ], [ -71.013921870214716, 41.630377660162928 ], [ -71.014473420212894, 41.629860100167143 ], [ -71.015201307703137, 41.62921247598323 ], [ -71.015714389561666, 41.628755960386357 ], [ -71.018701730077211, 41.627306780233518 ], [ -71.019528980035759, 41.626858200149478 ], [ -71.020039838233373, 41.626642444494102 ], [ -71.02113962906266, 41.626177946528117 ], [ -71.021734890354708, 41.625926529962243 ], [ -71.023205490291076, 41.625581430361478 ], [ -71.025962860094936, 41.625339770024794 ], [ -71.027111789789288, 41.62547773016437 ], [ -71.027571340176536, 41.625477700505868 ], [ -71.028076820330327, 41.625167110248846 ], [ -71.028628230196162, 41.62464947992337 ], [ -71.029593220349511, 41.624166320597055 ], [ -71.030842140125614, 41.623754070505157 ], [ -71.031577870438397, 41.623270810667599 ], [ -71.032175590003646, 41.622718540559688 ], [ -71.03235951033048, 41.62247693056473 ], [ -71.032589349579339, 41.622062750523227 ], [ -71.032635260030872, 41.621614080034639 ], [ -71.03304908997832, 41.621337940388401 ], [ -71.033049079758484, 41.621320680285244 ], [ -71.033049069540425, 41.621303420329923 ], [ -71.033278980039981, 41.621130819997759 ], [ -71.033738759608795, 41.620820150276742 ], [ -71.034152560055404, 41.620474970195204 ], [ -71.034474400330438, 41.620198830231601 ], [ -71.034543360376574, 41.62011253541592 ], [ -71.03461232041208, 41.620026240247974 ], [ -71.034638635975753, 41.619838302955074 ], [ -71.034704140009097, 41.619370490012557 ], [ -71.03456608026157, 41.618887320581628 ], [ -71.034473890049156, 41.61795549046726 ], [ -71.034657730194255, 41.617506800501822 ], [ -71.035071520212711, 41.617265150238104 ], [ -71.035945190204529, 41.617161490506653 ], [ -71.03603710038341, 41.616954399989957 ], [ -71.036220740154832, 41.615815450394905 ], [ -71.036164740501277, 41.615710432118583 ], [ -71.036128730322233, 41.615642900665293 ], [ -71.035944609830821, 41.614883640599587 ], [ -71.035806430210044, 41.613951820198686 ], [ -71.036311970278177, 41.612950870209502 ], [ -71.037506909749581, 41.610914420380283 ], [ -71.038288229764959, 41.609775959999183 ], [ -71.038236191777358, 41.609635460223366 ], [ -71.038137119409328, 41.609367968340003 ], [ -71.038095522512648, 41.609255658821759 ], [ -71.038331391917652, 41.608813141233313 ], [ -71.038664855284054, 41.608187511557105 ], [ -71.038522643002295, 41.607248967871833 ], [ -71.038518946612371, 41.607224572617426 ], [ -71.038456784886918, 41.607015341950849 ], [ -71.03820716403176, 41.606175126745065 ], [ -71.038205745524479, 41.606037747631731 ], [ -71.038197019754321, 41.605192664480533 ], [ -71.038255389796731, 41.604584286610766 ], [ -71.038269449058376, 41.604437748339429 ], [ -71.038562915027043, 41.603617130028837 ], [ -71.038546334486711, 41.602773703931184 ], [ -71.038182019751318, 41.601404396049233 ], [ -71.038083038447965, 41.60046686279189 ], [ -71.037922214663439, 41.599157952885918 ], [ -71.037694245156189, 41.598475453453716 ], [ -71.037649046949255, 41.598340136396565 ], [ -71.037421373523344, 41.597456679678508 ], [ -71.037915911602227, 41.596442285569303 ], [ -71.038511639419852, 41.595636152274885 ], [ -71.038778624562781, 41.595274862883961 ], [ -71.039320232952647, 41.594050126626783 ], [ -71.039336435503529, 41.594013487119334 ], [ -71.03933655782707, 41.594013210502723 ], [ -71.039337849807509, 41.594012491020941 ], [ -71.040786055264988, 41.593205990553315 ], [ -71.042196316632456, 41.592953784273448 ], [ -71.042413010380969, 41.592915029783107 ], [ -71.043562522698281, 41.592465556919912 ], [ -71.04359294815184, 41.591928452883948 ], [ -71.04393285287334, 41.59117722004256 ], [ -71.044056910147049, 41.59090303289976 ], [ -71.044162953278757, 41.590668658239323 ], [ -71.044277370426059, 41.590468761721105 ], [ -71.045148650787937, 41.58960819052087 ], [ -71.045245644784643, 41.589512386940989 ], [ -71.045265432337231, 41.589469433705645 ], [ -71.045672458216444, 41.58858588202564 ], [ -71.045718070479111, 41.588486867630586 ], [ -71.045653004206628, 41.588321919776966 ], [ -71.04547537161055, 41.587871603152202 ], [ -71.045468214610764, 41.587853459283103 ], [ -71.045441512788287, 41.587818199544131 ], [ -71.044702669551995, 41.586842541164359 ], [ -71.044670791824643, 41.586800445159852 ], [ -71.044474084828352, 41.58572933702176 ], [ -71.044426637804705, 41.585628395043841 ], [ -71.044072610831165, 41.584875203024509 ], [ -71.044057694362692, 41.584843467944594 ], [ -71.043692506301525, 41.583844632194172 ], [ -71.043691496336891, 41.58382667783318 ], [ -71.04368538353954, 41.583718007858693 ], [ -71.043674385992759, 41.5835224975228 ], [ -71.04366647945163, 41.583381936351799 ], [ -71.043605661072306, 41.583300164408222 ], [ -71.042989883945737, 41.582472221240032 ], [ -71.042151127252254, 41.581873076047565 ], [ -71.041127268424063, 41.581121180081723 ], [ -71.040355984361767, 41.580839385015388 ], [ -71.039710275168744, 41.580603463823834 ], [ -71.039564703345519, 41.580636133042738 ], [ -71.038948511150139, 41.580774416418123 ], [ -71.038928650382232, 41.580778873423355 ], [ -71.037977078310618, 41.58091276037559 ], [ -71.037213387653921, 41.580283190350691 ], [ -71.036540626858141, 41.578678124071025 ], [ -71.03691841357238, 41.57766525676309 ], [ -71.036919865911841, 41.577661362960491 ], [ -71.036917804788914, 41.57765797462315 ], [ -71.036270034092297, 41.576593041400805 ], [ -71.036201052426335, 41.576479633364094 ], [ -71.036004242103559, 41.576324191139499 ], [ -71.035465915849912, 41.575899011422486 ], [ -71.035017864597066, 41.575545126264309 ], [ -71.034962065830413, 41.575501054223359 ], [ -71.034956049084045, 41.575484132384133 ], [ -71.034578172142702, 41.574421351362886 ], [ -71.03449708992315, 41.574193302472224 ], [ -71.034474000001282, 41.574128360275246 ], [ -71.03438285344042, 41.573972392851097 ], [ -71.03386151716191, 41.573080281116603 ], [ -71.033822865027716, 41.573014138363021 ], [ -71.03374655747244, 41.572965537688567 ], [ -71.032400512235156, 41.572108213672607 ], [ -71.031099332310674, 41.57159153644313 ], [ -71.030663588684533, 41.571009860831815 ], [ -71.030447168038037, 41.570720955646152 ], [ -71.030010012663979, 41.569726670976394 ], [ -71.030592211824867, 41.569714108164483 ], [ -71.031386688782945, 41.569244524177606 ], [ -71.031976295920401, 41.56875235743405 ], [ -71.032030569286917, 41.568420936871114 ], [ -71.031959052446567, 41.567970483362657 ], [ -71.031849224247537, 41.567278710832959 ], [ -71.031715912937258, 41.566439013436508 ], [ -71.031646124047143, 41.565999418115979 ], [ -71.031613971869845, 41.565796891779613 ], [ -71.031588255708556, 41.565765797121571 ], [ -71.030938383831725, 41.564979993230452 ], [ -71.030909928271711, 41.56494558518262 ], [ -71.030338088009771, 41.564040602856323 ], [ -71.030051795049616, 41.562859045728921 ], [ -71.029924639995713, 41.561950224501857 ], [ -71.029595640906265, 41.560898631863864 ], [ -71.029351008065078, 41.559780867124672 ], [ -71.029207068517607, 41.558790696763268 ], [ -71.02918132942284, 41.55870447079252 ], [ -71.029126120624852, 41.558519520469247 ], [ -71.029094228400609, 41.558412680398888 ], [ -71.029032295189126, 41.557687201743107 ], [ -71.029587230011003, 41.557366510248578 ], [ -71.029831011341244, 41.55698188261313 ], [ -71.03004655024354, 41.556641810055005 ], [ -71.029945484269689, 41.556224494720162 ], [ -71.029770769611517, 41.555503060311089 ], [ -71.029770722449527, 41.55514158950399 ], [ -71.029770679564137, 41.554812900230459 ], [ -71.029970455353848, 41.554356313860474 ], [ -71.030204173156704, 41.553822145368862 ], [ -71.030451092142258, 41.553257791295948 ], [ -71.030634436624311, 41.552838737841931 ], [ -71.030872879484903, 41.552293739926824 ], [ -71.030438090696421, 41.5516598953743 ], [ -71.030091789775852, 41.551155039777747 ], [ -71.030468828012062, 41.551186474902813 ], [ -71.030505229763776, 41.551189509827559 ], [ -71.031200827837864, 41.550976562589426 ], [ -71.031716963963817, 41.550818550736203 ], [ -71.032217031947184, 41.550665454797453 ], [ -71.032894837790948, 41.550457939737292 ], [ -71.033380749407613, 41.550309171461841 ], [ -71.033800486738102, 41.55018066063792 ], [ -71.034225899783351, 41.550050410225367 ], [ -71.034515763700185, 41.549859823928237 ], [ -71.034960780359341, 41.549567219984723 ], [ -71.035420030361536, 41.549084050014805 ], [ -71.034947374061616, 41.548449807643507 ], [ -71.034376446400387, 41.547683677430427 ], [ -71.034133060382558, 41.54735707018223 ], [ -71.034077345867146, 41.547312771454102 ], [ -71.033248937338399, 41.546625894875028 ], [ -71.03319661899657, 41.546582514321123 ], [ -71.032859328362619, 41.546249247150797 ], [ -71.032598581347443, 41.545989817907866 ], [ -71.032231512835324, 41.545624598279936 ], [ -71.032231603684025, 41.545624596935639 ], [ -71.032270308052333, 41.54562405573288 ], [ -71.032348437911537, 41.54567982211632 ], [ -71.03250119150654, 41.54567744946683 ], [ -71.032577683866521, 41.545676092270178 ], [ -71.032655812845135, 41.545732115843322 ], [ -71.032733940985011, 41.545788181926561 ], [ -71.032809748231912, 41.545786821753182 ], [ -71.032887877548859, 41.545842845166945 ], [ -71.032966006026342, 41.545898911090546 ], [ -71.033042498640853, 41.545897553580673 ], [ -71.033120627630282, 41.545953576831636 ], [ -71.033196892026439, 41.545952260846484 ], [ -71.033351513646352, 41.54600696883967 ], [ -71.03342964303954, 41.546062991877939 ], [ -71.033581941566879, 41.546060615900842 ], [ -71.033660071226763, 41.546116638780724 ], [ -71.033736335450129, 41.546115279864189 ], [ -71.033890958589637, 41.546169987125602 ], [ -71.033967222561571, 41.546168670620276 ], [ -71.034043486840176, 41.546167311497442 ], [ -71.034121617390127, 41.546223376629051 ], [ -71.034274372524493, 41.546220959027593 ], [ -71.034352275014101, 41.546276980496323 ], [ -71.034504803856763, 41.546274346817491 ], [ -71.034582934584265, 41.546330369062652 ], [ -71.034735691825233, 41.546327693441995 ], [ -71.034812182736417, 41.54632663470467 ], [ -71.034888904150435, 41.546325319453807 ], [ -71.035041204757974, 41.54632264155159 ], [ -71.035117469197218, 41.546321281707336 ], [ -71.035193960094432, 41.546320222712744 ], [ -71.035270681492946, 41.546318907204075 ], [ -71.035346489005434, 41.546317587903431 ], [ -71.035421112807995, 41.546259147039351 ], [ -71.03549783346304, 41.546257831374284 ], [ -71.03564872387031, 41.546197772814132 ], [ -71.03572521394554, 41.546196713458912 ], [ -71.035799839126611, 41.546138014947566 ], [ -71.035874690634685, 41.546079617286779 ], [ -71.03602744722383, 41.546076939928071 ], [ -71.036025579606942, 41.546019557723064 ], [ -71.036176466121447, 41.545959798423873 ], [ -71.036251547219166, 41.545901101481157 ], [ -71.0363261693998, 41.545842703089384 ], [ -71.036400565652087, 41.545784002752448 ], [ -71.036475644476766, 41.545725563060593 ], [ -71.03647377646513, 41.54566818136346 ], [ -71.036623249887697, 41.545551084204426 ], [ -71.036697871633365, 41.545492642502289 ], [ -71.036770626526831, 41.545376604226924 ], [ -71.036845704536219, 41.545318164290805 ], [ -71.036843836208888, 41.545260782100108 ], [ -71.036918913704866, 41.545202385182186 ], [ -71.036991668179581, 41.545086303699449 ], [ -71.03698979755724, 41.545029221976669 ], [ -71.037063008302326, 41.54491314281092 ], [ -71.037139270713396, 41.544911824175003 ], [ -71.037135760017264, 41.544797361701853 ], [ -71.037287099215774, 41.54473760278978 ], [ -71.037285230198947, 41.54468026367357 ], [ -71.037358438155337, 41.544564441216856 ], [ -71.037433516535629, 41.544505743494462 ], [ -71.037431188940673, 41.544448659919233 ], [ -71.037506267118403, 41.544389962148898 ], [ -71.037504397911988, 41.544332623537045 ], [ -71.037502756987379, 41.544275242286957 ], [ -71.037577605075256, 41.544216800939687 ], [ -71.037575735813675, 41.544159461829047 ], [ -71.03764894233926, 41.544043682252727 ], [ -71.037647301288999, 41.543986301505448 ], [ -71.037645888870358, 41.543928921689293 ], [ -71.037720279524635, 41.543870520955295 ], [ -71.037794898312882, 41.543812078534359 ], [ -71.037793256830824, 41.543754740355823 ], [ -71.037867649311949, 41.54369603956048 ], [ -71.037864593308612, 41.543581578468618 ], [ -71.037940854425514, 41.543580216728017 ], [ -71.037937800814902, 41.543465498742719 ], [ -71.03801218999925, 41.543407097815269 ], [ -71.038008677826596, 41.543292635372836 ], [ -71.038083754120947, 41.543233937222297 ], [ -71.038082341328433, 41.543176557412593 ], [ -71.038156730045728, 41.543118156390847 ], [ -71.038153219796001, 41.543003393488732 ], [ -71.038229708533834, 41.543002075550618 ], [ -71.038228293453898, 41.542944995707948 ], [ -71.038226423957539, 41.542887613543058 ], [ -71.038224554150474, 41.542830274944926 ], [ -71.038221040968011, 41.542715812007906 ], [ -71.038372374904625, 41.542656051654824 ], [ -71.038369091941718, 41.542541332753906 ], [ -71.038442066868811, 41.542425509174606 ], [ -71.038516457212438, 41.542366807956014 ], [ -71.038589659990507, 41.542251027778015 ], [ -71.038664734535786, 41.542192328744406 ], [ -71.038737480268438, 41.542076546616201 ], [ -71.038812095374084, 41.542018103526466 ], [ -71.038888811547892, 41.542016785572805 ], [ -71.039039685967907, 41.541957022474051 ], [ -71.039188691625966, 41.541839620128805 ], [ -71.039263763286783, 41.541781178598519 ], [ -71.039412766635365, 41.541664075927287 ], [ -71.039487837885929, 41.541605634249024 ], [ -71.039638712628246, 41.541545612956092 ], [ -71.03971355491791, 41.54148716970154 ], [ -71.039788170961558, 41.541428468575134 ], [ -71.039862784711147, 41.541370067864946 ], [ -71.039937400481548, 41.54131136664062 ], [ -71.040012242891137, 41.541252923192133 ], [ -71.040086857722812, 41.541194221866988 ], [ -71.040161473083245, 41.541135520495651 ], [ -71.040159599752755, 41.54107843883024 ], [ -71.040234671482978, 41.541019739260264 ], [ -71.040387186029847, 41.54101731251172 ], [ -71.04038367159238, 41.540902592750541 ], [ -71.040382256486225, 41.540845255539054 ], [ -71.040454997895424, 41.540729429247506 ], [ -71.040453582726116, 41.540672092537214 ], [ -71.040526551451705, 41.540556310189501 ], [ -71.040525136534583, 41.540498929913646 ], [ -71.04059952088852, 41.540440484731469 ], [ -71.04059600543664, 41.540325764975883 ], [ -71.040594588307968, 41.540268685166339 ], [ -71.040592945383096, 41.540211304469402 ], [ -71.04051340098961, 41.540097949156397 ], [ -71.04043527298137, 41.54004188843431 ], [ -71.040433856002593, 41.539984808623139 ], [ -71.040357144804958, 41.539985870224655 ], [ -71.040353856583693, 41.539871408287013 ], [ -71.040275728020163, 41.539815390018845 ], [ -71.040273856469426, 41.539758051458726 ], [ -71.040194312330811, 41.539644910258247 ], [ -71.040116184849012, 41.539588891883355 ], [ -71.040114770316634, 41.539531512103942 ], [ -71.040113126868846, 41.539474173964834 ], [ -71.040033126803692, 41.539361031302747 ], [ -71.040031712045646, 41.539303694088943 ], [ -71.039951942130784, 41.539190294895178 ], [ -71.039950525601071, 41.53913321507914 ], [ -71.039872398956163, 41.539077196537235 ], [ -71.039868657244313, 41.538962432772472 ], [ -71.039867242638451, 41.538905096057455 ], [ -71.039789116344451, 41.538849077458401 ], [ -71.039785600581922, 41.538734615080756 ], [ -71.039784186368266, 41.538677234798236 ], [ -71.039782542055292, 41.538620154056673 ], [ -71.039781127843298, 41.538562774274517 ], [ -71.039779256775091, 41.538505435207831 ], [ -71.039775969658066, 41.538390973757544 ], [ -71.039772455792658, 41.538276253982211 ], [ -71.039770813654698, 41.538218873276172 ], [ -71.039769397308049, 41.53816179345926 ], [ -71.039765655524803, 41.538047072760214 ], [ -71.039764239186539, 41.537989992943487 ], [ -71.039760726339068, 41.537875230105129 ], [ -71.039759083250516, 41.537817891963215 ], [ -71.039757666922924, 41.537760812146679 ], [ -71.039755796204815, 41.537703430514355 ], [ -71.039753925490047, 41.53764604888201 ], [ -71.039752511019202, 41.537588711667262 ], [ -71.039750866762645, 41.53753163092675 ], [ -71.039748996057313, 41.537474249294668 ], [ -71.039747353294985, 41.537416868586782 ], [ -71.039669456859556, 41.537360850831661 ], [ -71.039667812682453, 41.537303770090375 ], [ -71.039666398606002, 41.537246389808395 ], [ -71.039588274509185, 41.537190371073557 ], [ -71.039586403649906, 41.53713303250575 ], [ -71.039508279405254, 41.537076970646687 ], [ -71.039428739636406, 41.536963871983772 ], [ -71.03935061609198, 41.536907853085765 ], [ -71.039270621761219, 41.536794452492416 ], [ -71.039116701793063, 41.536739755351356 ], [ -71.039037165291333, 41.536626356450228 ], [ -71.039035293093875, 41.53656927477261 ], [ -71.038957170374388, 41.53651325560422 ], [ -71.038879047125704, 41.536457236379576 ], [ -71.038799511394927, 41.536343837312678 ], [ -71.038719519408971, 41.536230436335401 ], [ -71.038641396712876, 41.536174416947503 ], [ -71.038563731354756, 41.536118399364483 ], [ -71.038483738217465, 41.536005255119996 ], [ -71.038406072536503, 41.535949237426642 ], [ -71.038404202771432, 41.535891898841086 ], [ -71.038326081739228, 41.535835836173035 ], [ -71.038323025647188, 41.535721418184536 ], [ -71.038243034615547, 41.53560801687037 ], [ -71.038161857610618, 41.535437536597115 ], [ -71.038085378561533, 41.535438854992059 ], [ -71.038082324414304, 41.53532413703067 ], [ -71.038080455271114, 41.535266754874101 ], [ -71.038002791503217, 41.535210736908645 ], [ -71.037999051199179, 41.535096273558473 ], [ -71.037995540695064, 41.534981553737587 ], [ -71.037994126000882, 41.534924473903175 ], [ -71.037992485540997, 41.534867093176281 ], [ -71.037991072707513, 41.534809755943471 ], [ -71.037989203657233, 41.534752374286391 ], [ -71.037985919929653, 41.534637912795169 ], [ -71.037983829636687, 41.534569810632476 ], [ -71.037982407977381, 41.534523492942881 ], [ -71.037902875567482, 41.534410093250507 ], [ -71.03789936593877, 41.534295373431455 ], [ -71.037819832771646, 41.534182230582765 ], [ -71.03773984455124, 41.5340688289185 ], [ -71.037736789590213, 41.533954410919407 ], [ -71.037734920792275, 41.5338970292593 ], [ -71.037656801801063, 41.533841009197317 ], [ -71.037655389597433, 41.53378362939543 ], [ -71.037574217132175, 41.533613148712796 ], [ -71.037494230060034, 41.53349974637694 ], [ -71.037492359328013, 41.533442664678375 ], [ -71.037414698280926, 41.533386646813327 ], [ -71.037411189582301, 41.533271926982245 ], [ -71.037333300226265, 41.533215907630144 ], [ -71.037362104930111, 41.533146558396538 ], [ -71.037329789162271, 41.533101444692541 ], [ -71.037251672160338, 41.533045424355677 ], [ -71.03717355560245, 41.532989361398769 ], [ -71.037169089291297, 41.532817563578355 ], [ -71.037090972775744, 41.532761543131251 ], [ -71.03701285573139, 41.532705522627772 ], [ -71.037011444129092, 41.53264814281966 ], [ -71.036933327957996, 41.532592122264319 ], [ -71.036855211923282, 41.532536101655253 ], [ -71.036777095670857, 41.532480037923335 ], [ -71.036697566426199, 41.532366937360294 ], [ -71.036619450868486, 41.53231091708944 ], [ -71.036616171576554, 41.532196197667211 ], [ -71.03661430383363, 41.532138815991438 ], [ -71.036536186103419, 41.532083052559273 ], [ -71.036534774634106, 41.5320257153125 ], [ -71.036533135554933, 41.531968334568809 ], [ -71.0364550206301, 41.531912313685375 ], [ -71.036453153039545, 41.531854932007334 ], [ -71.036373624476568, 41.531741831216387 ], [ -71.036371985548755, 41.531684450470841 ], [ -71.036294099030215, 41.531628430408006 ], [ -71.036290590574694, 41.531513967445875 ], [ -71.036212932252965, 41.531457948258549 ], [ -71.036209197226839, 41.531343227462123 ], [ -71.036131083343662, 41.53128720685681 ], [ -71.036052969912035, 41.531231142631228 ], [ -71.035975312140948, 41.531175123281891 ], [ -71.035973442829615, 41.531118041561768 ], [ -71.035895329430218, 41.531062020294321 ], [ -71.03573955918371, 41.530949936896668 ], [ -71.035737691953116, 41.53089259777461 ], [ -71.035661446193686, 41.530893915468532 ], [ -71.035583789173117, 41.530837895851882 ], [ -71.035507086977006, 41.530839211574374 ], [ -71.035429202241644, 41.530783190919294 ], [ -71.035503809748278, 41.530724492624827 ], [ -71.035426153736367, 41.530668472903216 ], [ -71.035348038835295, 41.530612708155374 ], [ -71.035269926595305, 41.530556686958519 ], [ -71.035188858420213, 41.530570754549842 ], [ -71.035011287688022, 41.530512706499977 ], [ -71.034943852432036, 41.530461478040358 ], [ -71.034707739734614, 41.530294917171979 ], [ -71.034302256734662, 41.530108554295957 ], [ -71.03418383109198, 41.530076223432374 ], [ -71.034023398456227, 41.529992768309349 ], [ -71.033871627795037, 41.529883872680024 ], [ -71.033686140577572, 41.529749362489277 ], [ -71.033418542296531, 41.529251483026364 ], [ -71.033318460900787, 41.529028157537404 ], [ -71.03325163147872, 41.528894133919003 ], [ -71.03315956280575, 41.528734531108746 ], [ -71.03306763377887, 41.528555822035422 ], [ -71.03299256263081, 41.528389919921608 ], [ -71.032884147919503, 41.528147452494771 ], [ -71.032721454857068, 41.527763413811705 ], [ -71.032626849018826, 41.527401223616387 ], [ -71.032403978584824, 41.526605696242108 ], [ -71.03221364056661, 41.52593747772805 ], [ -71.031444933137266, 41.523266883716218 ], [ -71.031197087050955, 41.522356707901729 ], [ -71.030697910244513, 41.520469606653002 ], [ -71.030453884954042, 41.519608734865784 ], [ -71.030785331354309, 41.518790182736247 ], [ -71.03100330757556, 41.518372563742936 ], [ -71.031191907996288, 41.517662906693111 ], [ -71.031085171719212, 41.516824786680601 ], [ -71.030781632193481, 41.515890421466594 ], [ -71.030166808385488, 41.515082009368903 ], [ -71.029649893971822, 41.514390638948974 ], [ -71.029035410390335, 41.513539807796654 ], [ -71.028504804310515, 41.51279535744866 ], [ -71.028169361867171, 41.512369822151136 ], [ -71.027540810728865, 41.511518924307481 ], [ -71.026912823955271, 41.510593800839338 ], [ -71.026473950908994, 41.509926928771577 ], [ -71.026397078028481, 41.509753970878101 ], [ -71.026314242707684, 41.509509743636997 ], [ -71.026244903613517, 41.509123331856948 ], [ -71.026011448115753, 41.508550624515046 ], [ -71.02582447557873, 41.508121043916624 ], [ -71.025590498706947, 41.507619800006509 ], [ -71.025399959696088, 41.507247371579844 ], [ -71.025026428159563, 41.506759841394711 ], [ -71.024695539866798, 41.506508322865955 ], [ -71.024319241027584, 41.505970746541671 ], [ -71.024170786420868, 41.505609279770653 ], [ -71.024182472369887, 41.505184040710489 ], [ -71.024281250754015, 41.504684188983767 ], [ -71.024570688888389, 41.50411366975338 ], [ -71.02495333252817, 41.5037936730225 ], [ -71.025225221252384, 41.503591545765623 ], [ -71.025864420063982, 41.503405595136087 ], [ -71.025904797795263, 41.503403512948161 ], [ -71.026097713977975, 41.503359300659177 ], [ -71.026191680853131, 41.503350149234016 ], [ -71.026886981090939, 41.503198818226366 ], [ -71.026960199212709, 41.503172240606474 ], [ -71.027143089159352, 41.50317300295346 ], [ -71.027476339737646, 41.50310292482849 ], [ -71.028095043610335, 41.502998300348011 ], [ -71.028857653772633, 41.502715603254387 ], [ -71.029715582747357, 41.50239756321573 ], [ -71.030716880840529, 41.501972909884365 ], [ -71.031717904722797, 41.501583979617941 ], [ -71.033052931278561, 41.501017749837011 ], [ -71.033863026516187, 41.500735214728287 ], [ -71.035054650313498, 41.50027557218985 ], [ -71.035817197410694, 41.499992828348383 ], [ -71.036533500007209, 41.499531224721544 ], [ -71.036722326327052, 41.499710662209644 ], [ -71.036958683575406, 41.499890293374989 ], [ -71.037336600247684, 41.5002134342243 ], [ -71.037809065000801, 41.500608425415898 ], [ -71.038422327188599, 41.501254120702633 ], [ -71.039034059815577, 41.502114205160581 ], [ -71.039649144490426, 41.502509768460243 ], [ -71.03997878903948, 41.502939904420465 ], [ -71.040640651280043, 41.503442851308051 ], [ -71.041586187159538, 41.504161339967297 ], [ -71.042484465600609, 41.504843897686293 ], [ -71.043572135038929, 41.505634409082987 ], [ -71.044756169293933, 41.506246630890566 ], [ -71.04548127543913, 41.506647508096663 ], [ -71.045797874094518, 41.506822537179403 ], [ -71.046461844115882, 41.507039592706398 ], [ -71.047175625232356, 41.506935243627616 ], [ -71.048032007844583, 41.506831458167895 ], [ -71.049173093723297, 41.506800264659752 ], [ -71.049838831727428, 41.506767174340084 ], [ -71.050456281805552, 41.506841088627922 ], [ -71.051120768107253, 41.506986652504807 ], [ -71.051642153169368, 41.507203112993047 ], [ -71.051926364352184, 41.507347168392045 ], [ -71.052401716146321, 41.507349044485878 ], [ -71.052877067968083, 41.507350918588344 ], [ -71.05368317546457, 41.507639958104377 ], [ -71.054060227993702, 41.508105972642923 ], [ -71.054485566574584, 41.508464975216704 ], [ -71.055197367350971, 41.508646433811762 ], [ -71.055956955514048, 41.508792342013479 ], [ -71.056717288949102, 41.508831047752892 ], [ -71.057810623208226, 41.508835313628254 ], [ -71.058713566725316, 41.508874562131915 ], [ -71.05956799288289, 41.509056547818233 ], [ -71.060754446268163, 41.509347012042959 ], [ -71.061323419491586, 41.509563612562445 ], [ -71.062368253822385, 41.509710579625043 ], [ -71.063554488752942, 41.510036747053768 ], [ -71.064075211063894, 41.510360347861727 ], [ -71.064500135903188, 41.510790777881702 ], [ -71.064830717347419, 41.511113644806294 ], [ -71.065205932046737, 41.511865480207 ], [ -71.06553337467065, 41.512652864872607 ], [ -71.065721595325556, 41.51293945062433 ], [ -71.066382796001562, 41.513585176943444 ], [ -71.066720890199647, 41.514262568539856 ], [ -71.066710503207574, 41.514336825709421 ], [ -71.067269893273291, 41.515982687346991 ], [ -71.067786828376413, 41.516877987302152 ], [ -71.068302574793705, 41.517951946355041 ], [ -71.069055097018634, 41.51916973516785 ], [ -71.069760102949743, 41.520387338808938 ], [ -71.070370762542211, 41.521497381309523 ], [ -71.070840239050156, 41.522392487517855 ], [ -71.071167804693957, 41.523179856060061 ], [ -71.071590712291197, 41.523931850358871 ], [ -71.071636827074826, 41.524146423615292 ], [ -71.072064994744892, 41.524112305575223 ], [ -71.072399258522907, 41.523899166190162 ], [ -71.07306730342998, 41.5235443490742 ], [ -71.07344958354598, 41.523259920839145 ], [ -71.073640722331703, 41.523117706239752 ], [ -71.074068407202091, 41.523155045247876 ], [ -71.074447359492737, 41.523370865901917 ], [ -71.0748714917586, 41.523944186454649 ], [ -71.075292553814108, 41.524982025431143 ], [ -71.075620897107029, 41.525662184255083 ], [ -71.076043164298568, 41.526521358948294 ], [ -71.076559598761705, 41.527523816162329 ], [ -71.077123364574078, 41.528562180534195 ], [ -71.077923024916061, 41.529887285019761 ], [ -71.078393138445037, 41.530710895562756 ], [ -71.078864437997041, 41.53135584256826 ], [ -71.079431088562501, 41.531965407718431 ], [ -71.07999868654484, 41.532432040749065 ], [ -71.080896835572844, 41.533257223714017 ], [ -71.08165537463492, 41.533617353622887 ], [ -71.081855087464632, 41.533819494702051 ], [ -71.081795007728431, 41.53408239959105 ], [ -71.082029287626526, 41.534619260292182 ], [ -71.082358217495354, 41.535227935143133 ], [ -71.082497160864122, 41.535800177267042 ], [ -71.082731685573165, 41.536301304208955 ], [ -71.082825636042571, 41.536480315450852 ], [ -71.082965283865761, 41.536945360014599 ], [ -71.082724240656987, 41.5374447389285 ], [ -71.08229342771115, 41.537871952874887 ], [ -71.081863774724852, 41.538120503518755 ], [ -71.081433418263359, 41.538476249539407 ], [ -71.080765965289118, 41.53872391904352 ], [ -71.08000409229372, 41.538864035777017 ], [ -71.079242919780384, 41.538896950409018 ], [ -71.078909774490739, 41.538931448390677 ], [ -71.078385218658795, 41.539143900696857 ], [ -71.078240425709851, 41.539464961684139 ], [ -71.078428311357726, 41.539822991553507 ], [ -71.07870943904507, 41.540467232770482 ], [ -71.079039071575238, 41.540968720338235 ], [ -71.079463830372831, 41.541470559341064 ], [ -71.079889532842287, 41.541829467426219 ], [ -71.080220117901703, 41.542188022245575 ], [ -71.080693624538497, 41.542511370833154 ], [ -71.081263193065027, 41.542692138978722 ], [ -71.081451338451501, 41.543014431535767 ], [ -71.081876129699779, 41.543516261538144 ], [ -71.082253132204258, 41.544053647302988 ], [ -71.08248791802697, 41.544519042510622 ], [ -71.082911564463416, 41.545199530365544 ], [ -71.083287888433972, 41.545844109745197 ], [ -71.083521527105503, 41.546488164557282 ], [ -71.083707837850156, 41.547096312166722 ], [ -71.083846586937696, 41.547704285151916 ], [ -71.084080933830307, 41.548241141798712 ], [ -71.084456823961759, 41.548957182044923 ], [ -71.084834343172574, 41.549423094607114 ], [ -71.085353874621632, 41.549996724179039 ], [ -71.085682683958368, 41.550641121975154 ], [ -71.085867872517284, 41.55142792786279 ], [ -71.086054912455666, 41.551928874624949 ], [ -71.086336862038124, 41.552465900067013 ], [ -71.086571708349538, 41.552931286916902 ], [ -71.0869497270739, 41.553325727772346 ], [ -71.087423810174442, 41.553577583655915 ], [ -71.087802527614656, 41.553864824601419 ], [ -71.088324188022014, 41.554116849398611 ], [ -71.088703371455935, 41.554332622620969 ], [ -71.089035674755294, 41.554441025337042 ], [ -71.089270776980115, 41.554870674260847 ], [ -71.089504508711144, 41.555514716886059 ], [ -71.089834303154561, 41.556016173275779 ], [ -71.090067130200666, 41.556803144220609 ], [ -71.090442223765663, 41.557662094246645 ], [ -71.090676205755031, 41.558270402128045 ], [ -71.090956853121099, 41.559021810380528 ], [ -71.09133265541864, 41.559773560392145 ], [ -71.091614683766338, 41.56031057281303 ], [ -71.091617334971701, 41.560312784392337 ], [ -71.091422638322186, 41.56058383650317 ], [ -71.090992184043131, 41.560939618934086 ], [ -71.09056172498282, 41.561295399735684 ], [ -71.090368225043306, 41.56179496666131 ], [ -71.090365026261651, 41.562295219846618 ], [ -71.090551904712129, 41.56283189167921 ], [ -71.090784993601702, 41.5635831288823 ], [ -71.090828918891432, 41.564155018262689 ], [ -71.090778374055262, 41.564619367686042 ], [ -71.090775634869942, 41.565048156161986 ], [ -71.090677738831289, 41.565476601730182 ], [ -71.090531805945417, 41.565976340437139 ], [ -71.090337149049631, 41.566654569219018 ], [ -71.09014271666021, 41.567297065301943 ], [ -71.09004344084174, 41.567939904580939 ], [ -71.08984877280831, 41.56861813254816 ], [ -71.089606977278166, 41.569224723528428 ], [ -71.089554358900429, 41.570010663809313 ], [ -71.089550013896982, 41.570688736920857 ], [ -71.089550008501547, 41.57068957891174 ], [ -71.089688177459919, 41.571404742155188 ], [ -71.089730725072897, 41.572191026284827 ], [ -71.089819484736353, 41.573191876507472 ], [ -71.090051459223545, 41.574121777225479 ], [ -71.090095842552159, 41.574622202232653 ], [ -71.090282526135582, 41.575194606993932 ], [ -71.090469441531951, 41.575731279074574 ], [ -71.090657501924866, 41.576089288955892 ], [ -71.090557532354183, 41.576839325909248 ], [ -71.090409516004584, 41.577660655963484 ], [ -71.090117359562555, 41.578695865070237 ], [ -71.090224329793017, 41.57910774630713 ], [ -71.090256695167042, 41.579232365806668 ], [ -71.090444764651423, 41.579590376057304 ], [ -71.090869868965981, 41.580092172746042 ], [ -71.09110507765962, 41.580521818055885 ], [ -71.091386967485263, 41.581094563600729 ], [ -71.091525863129277, 41.581702527563337 ], [ -71.091999946643952, 41.581990096844116 ], [ -71.092570125514442, 41.582135076010047 ], [ -71.092996625916101, 41.582422470440328 ], [ -71.093710264308655, 41.582460758145757 ], [ -71.0941861746618, 41.582462459199377 ], [ -71.094708771540979, 41.582607257616502 ], [ -71.09499183267063, 41.583001332278137 ], [ -71.095414737812149, 41.583860435892745 ], [ -71.095744273382138, 41.584433340128932 ], [ -71.096025996507692, 41.585041806582169 ], [ -71.096211411628047, 41.585828596039867 ], [ -71.096541639830235, 41.586294300791586 ], [ -71.096727739985226, 41.586973892230425 ], [ -71.096914518856764, 41.587546286179474 ], [ -71.097148221935214, 41.588226045791416 ], [ -71.097429525809289, 41.588905973584438 ], [ -71.097568944892657, 41.589442465413981 ], [ -71.09766099419393, 41.589943056135944 ], [ -71.097512589469289, 41.59083586036796 ], [ -71.097506974403117, 41.591729170347207 ], [ -71.09755120361946, 41.592265324944115 ], [ -71.097595433576657, 41.592801479526486 ], [ -71.097734862532036, 41.59333797117236 ], [ -71.097825796554048, 41.594017223781606 ], [ -71.097965230087112, 41.594553715150447 ], [ -71.098105114524088, 41.595018741547619 ], [ -71.098244328370868, 41.59559096498019 ], [ -71.098573725606201, 41.596199593477479 ], [ -71.098713170158717, 41.596736083938225 ], [ -71.098899995257597, 41.597308474674591 ], [ -71.099182028717038, 41.59788120097209 ], [ -71.099511223137768, 41.598525559167108 ], [ -71.099651574350162, 41.598919118863911 ], [ -71.099840647514256, 41.599134184005251 ], [ -71.099980555580601, 41.599599208110007 ], [ -71.099978323039338, 41.599956532175405 ], [ -71.099928486151668, 41.600313688651291 ], [ -71.099829257393637, 41.600956536727317 ], [ -71.099968499561712, 41.601528758072533 ], [ -71.100013202648356, 41.601993446937868 ], [ -71.100200947272597, 41.60242290592744 ], [ -71.100911917250883, 41.602925669700113 ], [ -71.101292322320546, 41.602998471386847 ], [ -71.101957477869604, 41.603215202302401 ], [ -71.102051802399558, 41.603358465408419 ], [ -71.102335888287797, 41.603609592197209 ], [ -71.102617536649475, 41.604253774815426 ], [ -71.102900298887391, 41.604719294671099 ], [ -71.103209674705212, 41.605666828576851 ], [ -71.10322693109066, 41.605665270760056 ], [ -71.103886151335672, 41.606846765575746 ], [ -71.104310437684276, 41.60752717416193 ], [ -71.104639071280033, 41.608278714787588 ], [ -71.1051579354626, 41.609066648680681 ], [ -71.105393566775007, 41.609460532087049 ], [ -71.105771595168434, 41.609926375391311 ], [ -71.106577696346505, 41.610465166419559 ], [ -71.107147284691223, 41.610753002139433 ], [ -71.108002333259051, 41.611077553094653 ], [ -71.108952397392017, 41.611438157722908 ], [ -71.109427869514946, 41.611546992204893 ], [ -71.109999439627927, 41.611513221788236 ], [ -71.110761459747721, 41.611480100904551 ], [ -71.111381314715885, 41.61142023316151 ], [ -71.111395158154565, 41.611521206683939 ], [ -71.111367788899571, 41.612324123105559 ], [ -71.110952849228028, 41.613419456517278 ], [ -71.109847335522005, 41.616719994380027 ], [ -71.109365674388002, 41.618479109920628 ], [ -71.109111889196839, 41.618469796571254 ], [ -71.108475394531823, 41.61850305769196 ], [ -71.107209630267846, 41.618674824002788 ], [ -71.106478147270352, 41.618758391021089 ], [ -71.105811765989458, 41.618681802163223 ], [ -71.105248103409139, 41.618638767015455 ], [ -71.104940763496558, 41.618771065355013 ], [ -71.104700065223014, 41.618980125411632 ], [ -71.104590991742029, 41.619277428204555 ], [ -71.104547810774918, 41.619651490920816 ], [ -71.10455785747051, 41.620877706302558 ], [ -71.104638449983796, 41.621246009587324 ], [ -71.10456619311222, 41.621713383734999 ], [ -71.104479361051744, 41.622142441744543 ], [ -71.104509895362568, 41.622632119795036 ], [ -71.104540143710366, 41.623259102038283 ], [ -71.104658941785459, 41.623968550289973 ], [ -71.104571837127963, 41.624319951212534 ], [ -71.104345212359675, 41.624584206718943 ], [ -71.104046127163997, 41.624892664787396 ], [ -71.103942901712102, 41.625182109206257 ], [ -71.103855645809048, 41.625314608564935 ], [ -71.103740501080395, 41.625530294131103 ], [ -71.103500480933704, 41.625746106828892 ], [ -71.102827579758355, 41.625953654743846 ], [ -71.102080428219125, 41.626039952660598 ], [ -71.101444087535953, 41.626186283213009 ], [ -71.101137696997355, 41.626369782848435 ], [ -71.101045563295017, 41.62677237159776 ], [ -71.100976575545545, 41.627251572301539 ], [ -71.101013993608518, 41.627742723372727 ], [ -71.101026491275206, 41.627906760937265 ], [ -71.101256107484559, 41.629062280950755 ], [ -71.101501444742539, 41.630344468994863 ], [ -71.102101601986149, 41.631922767418267 ], [ -71.102485493819344, 41.633997756648348 ], [ -71.102931395056103, 41.635542872922045 ], [ -71.103197198846019, 41.636481585224814 ], [ -71.103638049885703, 41.638038427105982 ], [ -71.103649474549698, 41.638078771921727 ], [ -71.10403761468001, 41.63887525641281 ], [ -71.104558832343642, 41.639776306783716 ], [ -71.104931168593751, 41.640523776001835 ], [ -71.105435240937112, 41.64195878981316 ], [ -71.105792892546205, 41.643449566404776 ], [ -71.105894502440393, 41.644187089859244 ], [ -71.105910800730882, 41.645255763278946 ], [ -71.105984712189141, 41.646197460220179 ], [ -71.106021601144747, 41.647943164468799 ], [ -71.106178346273694, 41.649110238635956 ], [ -71.106310167944741, 41.649908640681531 ], [ -71.10657972319305, 41.650606791150736 ], [ -71.106524302299633, 41.650987002250666 ], [ -71.106304406415049, 41.651820201293802 ], [ -71.106139592388672, 41.652266997870129 ], [ -71.10607707528608, 41.652702331342404 ], [ -71.106434780944682, 41.655019750325955 ], [ -71.106538730536641, 41.656875417830932 ], [ -71.106618131038658, 41.657629745400534 ], [ -71.106683616936337, 41.658389652045287 ], [ -71.106895091764471, 41.659143310589549 ], [ -71.107172606098217, 41.659835859682261 ], [ -71.107531088263684, 41.660572017385512 ], [ -71.107664790526059, 41.661590449985525 ], [ -71.107602225145328, 41.666284494308222 ], [ -71.107612462012071, 41.667490451355583 ], [ -71.107597479348982, 41.668250642436782 ], [ -71.107710712569514, 41.668662948375193 ], [ -71.108077011359228, 41.669449213646885 ], [ -71.108509943015548, 41.670355567648045 ], [ -71.108788417997516, 41.671147155534705 ], [ -71.108916242573756, 41.671538126805522 ], [ -71.108851478317163, 41.672463588220452 ], [ -71.1093259658725, 41.673882725093584 ], [ -71.109550610597381, 41.674459727574366 ], [ -71.109835074008132, 41.675135974502027 ], [ -71.110328195216155, 41.676152259220906 ], [ -71.110458110429477, 41.676757634350786 ], [ -71.110536659512874, 41.677324568139191 ], [ -71.110556058226805, 41.677836715005441 ], [ -71.110354014728443, 41.678289580210127 ], [ -71.110050486777496, 41.678797807131708 ], [ -71.109880189342121, 41.679459551578425 ], [ -71.109716551937808, 41.680044225188318 ], [ -71.107367477540961, 41.679890959695058 ], [ -71.106653311035956, 41.680462473308239 ], [ -71.106163981692845, 41.680723573547183 ], [ -71.105842605404987, 41.680923353805461 ], [ -71.104895069001387, 41.680779385850748 ], [ -71.103866636289098, 41.680668891922394 ], [ -71.10333846407454, 41.680655234536189 ], [ -71.102796776616245, 41.680763076328986 ], [ -71.102152215256496, 41.680936957543537 ], [ -71.101501129916784, 41.681193532994371 ], [ -71.100960998281863, 41.68147187751191 ], [ -71.100017711757289, 41.681878792653514 ], [ -71.099367747006269, 41.682223145163604 ], [ -71.098731260012315, 41.682452182666346 ], [ -71.097999249900383, 41.68262123020093 ], [ -71.09722995810462, 41.682779449276602 ], [ -71.096606413829065, 41.682799186621182 ], [ -71.096158555741496, 41.682724443522766 ], [ -71.095775829481298, 41.682588592913234 ], [ -71.095385281708204, 41.682413885088494 ], [ -71.094884944775515, 41.682240473241016 ], [ -71.09444419183265, 41.682170813206689 ], [ -71.094069547163841, 41.682122770931862 ], [ -71.093578194651371, 41.682131145952312 ], [ -71.093101542446377, 41.682188528609331 ], [ -71.092141760018805, 41.682347720099202 ], [ -71.091547392482582, 41.682383290630725 ], [ -71.090938768156988, 41.682359157812591 ], [ -71.090498474009905, 41.682394151233169 ], [ -71.090132446561512, 41.682495249489691 ], [ -71.089782144536343, 41.682689815847631 ], [ -71.089388441937587, 41.683067110594116 ], [ -71.089405016812393, 41.683203912918742 ], [ -71.08939151406409, 41.684283736108803 ], [ -71.089599912293451, 41.685527550485297 ], [ -71.08985401650159, 41.68690320713764 ], [ -71.089912758117933, 41.687839795453932 ], [ -71.089867462596885, 41.688522781949949 ], [ -71.089797234816317, 41.688908559058348 ], [ -71.089829554368563, 41.689282888553876 ], [ -71.089941829737015, 41.689569158159649 ], [ -71.090266823798501, 41.689815114759696 ], [ -71.090577329436272, 41.690067208282905 ], [ -71.090607474982932, 41.690166356563793 ], [ -71.090477952122114, 41.690491709021558 ], [ -71.090245313573575, 41.690740722034569 ], [ -71.090144998092811, 41.69098908578686 ], [ -71.09020208945698, 41.69171577100866 ], [ -71.090356239864533, 41.692585738082109 ], [ -71.090554061471536, 41.693465991122856 ], [ -71.090727852513922, 41.694054665183081 ], [ -71.090849806250333, 41.694560994574616 ], [ -71.090641962858342, 41.695156736913376 ], [ -71.090254166713621, 41.696182879387159 ], [ -71.089987370467242, 41.696778971005514 ], [ -71.089924545296796, 41.697121444906699 ], [ -71.089933854122364, 41.697396651562428 ], [ -71.089988573825622, 41.697820581541094 ], [ -71.08985912637209, 41.698102040936462 ], [ -71.089415950978804, 41.698627154692353 ], [ -71.085846471401567, 41.700071682405856 ], [ -71.08175768783785, 41.701760665733822 ], [ -71.079695043025595, 41.702628641554973 ], [ -71.077588033703933, 41.703529387293003 ], [ -71.077046945796866, 41.703761194773094 ], [ -71.076330549111105, 41.704106295371815 ], [ -71.075505785544109, 41.704655257126376 ], [ -71.072772367026801, 41.706073230188359 ], [ -71.071486402007579, 41.706828639850286 ], [ -71.071609866121008, 41.707538702914427 ], [ -71.072054615409371, 41.708996712427741 ], [ -71.072064269089083, 41.709321441981629 ], [ -71.07194162206838, 41.709553386919907 ], [ -71.071407236907405, 41.709759584937025 ], [ -71.070982181671468, 41.709844080887393 ], [ -71.070394899808164, 41.709846930467691 ], [ -71.069954740970488, 41.70985989929639 ], [ -71.068973997670994, 41.710245033989942 ], [ -71.068410380397822, 41.710412841881798 ], [ -71.067845778356315, 41.710475976081014 ], [ -71.067170998541684, 41.71056232312079 ], [ -71.066922271269831, 41.710640158835368 ], [ -71.066615188544546, 41.710823564482524 ], [ -71.066199289482839, 41.711133730923628 ], [ -71.065804899181032, 41.711372511598981 ], [ -71.06505737415803, 41.711497396805463 ], [ -71.064359828766669, 41.711561131172836 ], [ -71.063982522041954, 41.711605089156073 ], [ -71.063817366066345, 41.711624330169158 ], [ -71.063921454672069, 41.711778353400057 ], [ -71.064187356520407, 41.71199151974745 ], [ -71.064416680197553, 41.712200043690231 ], [ -71.064639062436967, 41.712518272346564 ], [ -71.06481090075107, 41.712842497333696 ], [ -71.065019616509687, 41.71326590288816 ], [ -71.065199310131433, 41.713705516273642 ], [ -71.065379980891308, 41.714250362997007 ], [ -71.065516911743586, 41.714849626975862 ], [ -71.065573855153687, 41.715532431839449 ], [ -71.066204775563676, 41.716411003261818 ], [ -71.066916986000777, 41.717377103008353 ], [ -71.067570742215992, 41.718327219826023 ], [ -71.067596077161213, 41.718717848334094 ], [ -71.067657839793796, 41.719136188779117 ], [ -71.06780030468083, 41.719477179313408 ], [ -71.068037865194739, 41.719861860462693 ], [ -71.068233074233504, 41.720345420368211 ], [ -71.068087630890005, 41.720527754820175 ], [ -71.067655590393542, 41.720689868380383 ], [ -71.066922499041155, 41.720830577359258 ], [ -71.066204120176096, 41.72098878221442 ], [ -71.065420623665005, 41.721223264829412 ], [ -71.064923935185377, 41.721501605695366 ], [ -71.064580857242873, 41.721778281087168 ], [ -71.064312398646152, 41.722154280928898 ], [ -71.064168665943427, 41.722551578559262 ], [ -71.064084012137158, 41.723014378519132 ], [ -71.064072254077715, 41.723416683065295 ], [ -71.064085918613713, 41.723808393137944 ], [ -71.064143909186996, 41.72408885302432 ], [ -71.064314990547899, 41.724362992973859 ], [ -71.06466353524209, 41.724802127516575 ], [ -71.065063541775842, 41.72524089483926 ], [ -71.065872138935177, 41.726294591329612 ], [ -71.065983208530696, 41.72647564999118 ], [ -71.065208355960195, 41.72683734051904 ], [ -71.064681990805312, 41.727109939857378 ], [ -71.064376362726932, 41.727425586013133 ], [ -71.063926008645993, 41.728061431321038 ], [ -71.063453749959876, 41.728713509960961 ], [ -71.063103639286481, 41.729023354918169 ], [ -71.062855843764865, 41.729200788183732 ], [ -71.062497314853061, 41.72939524001918 ], [ -71.062286623311465, 41.729666227232997 ], [ -71.062259457995609, 41.729958177912636 ], [ -71.06218251486041, 41.730415941545139 ], [ -71.061971218597719, 41.730637405918309 ], [ -71.061686189365489, 41.73084789429641 ], [ -71.061461772839053, 41.731256695189806 ], [ -71.061428773541152, 41.731686491223137 ], [ -71.061467116293187, 41.731901037731603 ], [ -71.061726216939235, 41.732131065013014 ], [ -71.062109203432215, 41.732316550048104 ], [ -71.062632003790569, 41.732517764507193 ], [ -71.062890847496021, 41.732731469051636 ], [ -71.062886704077783, 41.733117483547254 ], [ -71.062727990187994, 41.733503467310292 ], [ -71.062343580652282, 41.734100168813079 ], [ -71.062125097716844, 41.734327233133278 ], [ -71.061677590415798, 41.734400916811218 ], [ -71.061053158366676, 41.734365310651832 ], [ -71.060398681417695, 41.734274437876664 ], [ -71.060083926226966, 41.734325555914296 ], [ -71.059784408459052, 41.734536546347123 ], [ -71.059353595217885, 41.734857885154724 ], [ -71.058930065726216, 41.735157304219982 ], [ -71.058382217987898, 41.735535021400445 ], [ -71.058054136341923, 41.735828054630588 ], [ -71.05806231150784, 41.735976646190608 ], [ -71.058181750205407, 41.736168999436558 ], [ -71.058396675069346, 41.736459637312429 ], [ -71.05859736204286, 41.736745155045682 ], [ -71.058694635911195, 41.736992569027734 ], [ -71.058933364705112, 41.737454366986931 ], [ -71.059144321227578, 41.73810344485991 ], [ -71.059044699176482, 41.73852229044121 ], [ -71.058821947190211, 41.73914605418382 ], [ -71.05864917334182, 41.739604006863999 ], [ -71.058410315990869, 41.740056638520677 ], [ -71.058069561254101, 41.740603412371243 ], [ -71.057741963952267, 41.74098535743164 ], [ -71.057370150266394, 41.741323237043851 ], [ -71.057689810604131, 41.741789853846427 ], [ -71.057936171501865, 41.74231752242023 ], [ -71.058269784691504, 41.74272341723924 ], [ -71.058426976264201, 41.743108369012631 ], [ -71.058429686977647, 41.743449954496427 ], [ -71.058313913689346, 41.743676284332665 ], [ -71.058087724445556, 41.743870110263678 ], [ -71.057766031415554, 41.744020797736219 ], [ -71.057326597399921, 41.744192973059342 ], [ -71.056857704408657, 41.744332956664586 ], [ -71.056440054537305, 41.744478202468407 ], [ -71.056067328812333, 41.744700152673175 ], [ -71.055731863638783, 41.744966139688493 ], [ -71.054921336392667, 41.74558141159396 ], [ -71.054571048053916, 41.745924430828921 ], [ -71.054287995707483, 41.74632285934058 ], [ -71.054048345390626, 41.746692758049548 ], [ -71.053838920981832, 41.747145495471614 ], [ -71.053812120042622, 41.747459391899675 ], [ -71.053836931999086, 41.747833702251633 ], [ -71.053877357466448, 41.748285730010778 ], [ -71.053998236663972, 41.748703746495764 ], [ -71.054132808965051, 41.749044160185186 ], [ -71.054304386730905, 41.749385281242759 ], [ -71.054557236551901, 41.749763859846425 ], [ -71.054870812895359, 41.750216955101848 ], [ -71.055391087904368, 41.751014682337122 ], [ -71.055815652120472, 41.752015740875486 ], [ -71.056013588231608, 41.752675465160763 ], [ -71.056210011582181, 41.753147795302723 ], [ -71.055991234026152, 41.753269617059246 ], [ -71.055771606383914, 41.75362159016192 ], [ -71.055566345133798, 41.753879643598893 ], [ -71.055338776940658, 41.753995239824931 ], [ -71.055155635993998, 41.754044044671758 ], [ -71.05471581835684, 41.754098598841956 ], [ -71.054437353746451, 41.754076689064185 ], [ -71.054144580717562, 41.754032213544079 ], [ -71.053822046566381, 41.753998875227389 ], [ -71.053485005905173, 41.753998117264459 ], [ -71.053030346672145, 41.754025595882965 ], [ -71.052760000116194, 41.754025097460541 ], [ -71.052173474032188, 41.753942323170911 ], [ -71.051177247377538, 41.753825856864367 ], [ -71.050473635619895, 41.753802824138887 ], [ -71.049982336124401, 41.75385771958846 ], [ -71.049669346507031, 41.753909941645254 ], [ -71.049528151468323, 41.753791210769343 ], [ -71.049300995464591, 41.753713781391248 ], [ -71.04906695759469, 41.75365320611175 ], [ -71.048114191850786, 41.75347611054373 ], [ -71.047674568289949, 41.753343813063182 ], [ -71.047520702623515, 41.753184513041866 ], [ -71.047447430060913, 41.752919740425362 ], [ -71.047462511267568, 41.752700336946177 ], [ -71.047689520483459, 41.752744568561475 ], [ -71.047960798610433, 41.752772093615398 ], [ -71.048267975990612, 41.752717602310717 ], [ -71.049697731086624, 41.752042364355148 ], [ -71.049932264461333, 41.751845211543433 ], [ -71.050005275625054, 41.751641792982092 ], [ -71.050012655463505, 41.751394222434577 ], [ -71.049910334106613, 41.751091633969097 ], [ -71.049573394062193, 41.750173057633532 ], [ -71.049579000611701, 41.749990756372426 ], [ -71.049460669055463, 41.749881119397706 ], [ -71.049159186312934, 41.749849539228293 ], [ -71.048733439744353, 41.749856856868803 ], [ -71.047242812006431, 41.749902149471048 ], [ -71.046390103432543, 41.749823351356937 ], [ -71.045955053078373, 41.749633104461189 ], [ -71.045813874836966, 41.749435024486367 ], [ -71.045604235174849, 41.748852328821144 ], [ -71.0454751299756, 41.748357176812718 ], [ -71.045414429995617, 41.748043495720985 ], [ -71.045236810279619, 41.747845832273924 ], [ -71.044699202258769, 41.747682744579983 ], [ -71.044272701170328, 41.747613511619811 ], [ -71.044044071811385, 41.74750961756741 ], [ -71.043866891107442, 41.747356409139755 ], [ -71.043747564248221, 41.747125213162036 ], [ -71.04358493052402, 41.746960808020788 ], [ -71.043158238265164, 41.746919143715139 ], [ -71.042762028068296, 41.746975514673949 ], [ -71.042211410132353, 41.746978367403571 ], [ -71.041528719986019, 41.747008822257435 ], [ -71.040339597843698, 41.747140772056724 ], [ -71.039811561461448, 41.747242181556828 ], [ -71.039481594656976, 41.747359583278246 ], [ -71.039196515625619, 41.747504176563851 ], [ -71.038801811242195, 41.747715289811701 ], [ -71.038495092193486, 41.74794251460515 ], [ -71.037909008449745, 41.748198430052739 ], [ -71.037264435667637, 41.748410774903491 ], [ -71.036369283829146, 41.748541626416532 ], [ -71.035437012614992, 41.748583971347486 ], [ -71.034261733414354, 41.748589300692025 ], [ -71.033151990925703, 41.748495283827467 ], [ -71.032416615248479, 41.748354961816858 ], [ -71.031614119149808, 41.748094498121958 ], [ -71.031039844921338, 41.747914875939784 ], [ -71.030487736418181, 41.747735904950268 ], [ -71.029891621388032, 41.747589387830487 ], [ -71.029230218884734, 41.747559082319263 ], [ -71.028224348680766, 41.747597124851744 ], [ -71.027526378896454, 41.747583539794775 ], [ -71.027233314170289, 41.747600516257613 ], [ -71.027218164126012, 41.747601393551555 ], [ -71.027472065063648, 41.748145479224888 ], [ -71.027432917266836, 41.748790202483328 ], [ -71.027272728482373, 41.749011252365058 ], [ -71.027001828678905, 41.74913899228747 ], [ -71.02651817997041, 41.749278790098252 ], [ -71.025822269976985, 41.749491419694863 ], [ -71.025206007240982, 41.749653731618601 ], [ -71.024744330352618, 41.74979361351474 ], [ -71.024378365476267, 41.749971596004059 ], [ -71.023943388141916, 41.750132969804085 ], [ -71.02364944709332, 41.750754117563432 ], [ -71.023664136430355, 41.751001216391344 ], [ -71.023810669865469, 41.751606198472729 ], [ -71.023495218269559, 41.751886243017125 ], [ -71.02248369936963, 41.752368766294865 ], [ -71.021076329852505, 41.752950345194897 ], [ -71.020145627871273, 41.753223852926695 ], [ -71.0198305636698, 41.753399221696633 ], [ -71.019646586261658, 41.753580769754855 ], [ -71.019529356868006, 41.753904969180965 ], [ -71.019550813973652, 41.754124523465514 ], [ -71.019638960088216, 41.754344921723558 ], [ -71.01979986294981, 41.754608956676044 ], [ -71.019982966157116, 41.754994071382278 ], [ -71.020107247561981, 41.755406511635258 ], [ -71.020114366322176, 41.755934380095297 ], [ -71.019893759459336, 41.756538945378502 ], [ -71.019739459851465, 41.756995229732723 ], [ -71.01976073972935, 41.757413426022801 ], [ -71.019848948398291, 41.757776194399383 ], [ -71.019973036261575, 41.758040073849848 ], [ -71.020302900700401, 41.758348712613518 ], [ -71.020609964979826, 41.758541332593907 ], [ -71.020691020091377, 41.758706552822723 ], [ -71.020573249020231, 41.75887712639031 ], [ -71.020382333565394, 41.759080030099582 ], [ -71.020301957726417, 41.759299718118712 ], [ -71.020184771180666, 41.759492240122952 ], [ -71.019905898672789, 41.75972290891275 ], [ -71.019663697706761, 41.759849064342461 ], [ -71.019370319722015, 41.759859644213179 ], [ -71.019194912190613, 41.759798692175615 ], [ -71.018894402271513, 41.759633669728736 ], [ -71.018711848421916, 41.759424126689552 ], [ -71.018960731157094, 41.759358776069661 ], [ -71.019151159528747, 41.759271231811198 ], [ -71.019232155026032, 41.759144397245407 ], [ -71.019254122487439, 41.758896889838127 ], [ -71.019130156216974, 41.758567170998425 ], [ -71.018998449474111, 41.758242483878441 ], [ -71.018749335190748, 41.757890289726284 ], [ -71.018419525757793, 41.757625539401673 ], [ -71.017658289967869, 41.757217717511601 ], [ -71.017350548890377, 41.756892845633978 ], [ -71.016992161415374, 41.756557629070976 ], [ -71.01672102505259, 41.756287495247427 ], [ -71.016684735378064, 41.756067877478785 ], [ -71.016794639309467, 41.755770660785785 ], [ -71.016758284720197, 41.755336080775194 ], [ -71.016605235816357, 41.754830101895983 ], [ -71.016378291214053, 41.754208449885873 ], [ -71.015792538179525, 41.753608344533987 ], [ -71.015675717238551, 41.753306225781643 ], [ -71.015712644109612, 41.75297043429007 ], [ -71.015940186356076, 41.752371533654809 ], [ -71.016086943482122, 41.751772289387269 ], [ -71.016116851890956, 41.751420148832572 ], [ -71.015926892125407, 41.75110140046101 ], [ -71.015633864448986, 41.750848052671678 ], [ -71.015113859134573, 41.750500887984124 ], [ -71.014528169278393, 41.750170322787454 ], [ -71.013588777202443, 41.748971643551371 ], [ -71.013375450198978, 41.74782670631997 ] ] ] } },
{ "type": "Feature", "properties": { "TMDL_BASIN": "Eel Pond Back River", "BBP_SYS_ID": "EELPNDB", "SHED_ACRES": 2109.456, "HECTARES": 853.67, "DELIN_YEAR": 2023 }, "geometry": { "type": "Polygon", "coordinates": [ [ [ -70.585900564518738, 41.72942715813339 ], [ -70.584632191744234, 41.728869973706864 ], [ -70.583383261717273, 41.728242024771909 ], [ -70.582895368831032, 41.728004553969647 ], [ -70.581905299796105, 41.72742650724043 ], [ -70.581329267149954, 41.727128667168508 ], [ -70.579704849122052, 41.726314752570723 ], [ -70.578965106831717, 41.725962678272722 ], [ -70.578279731542011, 41.725643678871656 ], [ -70.577676276558165, 41.725348411790605 ], [ -70.577121935444012, 41.725059729860078 ], [ -70.575959692396609, 41.724615858127493 ], [ -70.575959614647161, 41.724615832285174 ], [ -70.575099042224991, 41.724329181770287 ], [ -70.574333233699917, 41.72409448046519 ], [ -70.573503310591036, 41.723826612581007 ], [ -70.572667393247897, 41.723584013629875 ], [ -70.571942268921802, 41.723264651820969 ], [ -70.571423359887817, 41.723047700182583 ], [ -70.570780332790193, 41.722765579370112 ], [ -70.570163890845464, 41.722541072792424 ], [ -70.569307368549261, 41.722245381865655 ], [ -70.568578468173769, 41.721981117273067 ], [ -70.567776114980234, 41.72173200360676 ], [ -70.566912663056684, 41.721475067693156 ], [ -70.565910841422223, 41.721101062814093 ], [ -70.564978014527085, 41.720786704784977 ], [ -70.564048849085864, 41.720453798279522 ], [ -70.563362939299296, 41.720180286562361 ], [ -70.562552450299876, 41.7198742306905 ], [ -70.561813753743778, 41.719641355841937 ], [ -70.561097239354652, 41.71938164693465 ], [ -70.56030501492782, 41.719086417834546 ], [ -70.559615889313093, 41.718803852675869 ], [ -70.559008746280995, 41.718590616921908 ], [ -70.558221393852151, 41.718348312273974 ], [ -70.557650684746278, 41.718135370605488 ], [ -70.556909730365234, 41.71787993476957 ], [ -70.555536171427207, 41.717458862571107 ], [ -70.554958412719301, 41.717291994597652 ], [ -70.554302517405219, 41.717050753808557 ], [ -70.55364102733374, 41.716781887738584 ], [ -70.553101513603977, 41.71654385840872 ], [ -70.552184512670195, 41.71620926692993 ], [ -70.551237723810218, 41.715832775904708 ], [ -70.549433641137725, 41.714998355154464 ], [ -70.547572400176577, 41.714147107296824 ], [ -70.546183591430648, 41.713524327266072 ], [ -70.544781287850839, 41.713002149916321 ], [ -70.543623614323536, 41.712445431621042 ], [ -70.542451350085301, 41.711836242424781 ], [ -70.541320206498838, 41.711341063812768 ], [ -70.540240040236952, 41.710728125066211 ], [ -70.539387840440043, 41.710164371434118 ], [ -70.538162332013286, 41.709455643042524 ], [ -70.538109742263686, 41.709428569956323 ], [ -70.53809783877935, 41.709422442029023 ], [ -70.537005365369168, 41.708860032210126 ], [ -70.535734791221017, 41.708105312739178 ], [ -70.534954696431669, 41.707620359106684 ], [ -70.534165221420949, 41.707160644429088 ], [ -70.533412004689296, 41.706712487209543 ], [ -70.532718614758096, 41.706355999794745 ], [ -70.531864800909958, 41.705906977193727 ], [ -70.531322874853032, 41.705616486303398 ], [ -70.530738921210897, 41.70527498685815 ], [ -70.530102679012245, 41.704965115881848 ], [ -70.529573131851308, 41.704676410273471 ], [ -70.528870391815857, 41.704320382061042 ], [ -70.528331802607198, 41.704034407208404 ], [ -70.527528917095225, 41.703647689491859 ], [ -70.526832386380732, 41.703279883667449 ], [ -70.525839783961501, 41.702728894937721 ], [ -70.525112784980692, 41.702390643707474 ], [ -70.524431140724886, 41.702057841354424 ], [ -70.523794686136085, 41.701765940944775 ], [ -70.523212160240348, 41.701532463710066 ], [ -70.522399630296874, 41.701191209763422 ], [ -70.521348265366029, 41.700681883204822 ], [ -70.521848409059814, 41.70072838963732 ], [ -70.52238987211426, 41.700847281650553 ], [ -70.522903867973739, 41.700945676020254 ], [ -70.523609717837303, 41.701093548469487 ], [ -70.524276015118801, 41.701250081527299 ], [ -70.525462257869819, 41.701509546421697 ], [ -70.526185812648791, 41.701703700409254 ], [ -70.526802978550393, 41.701857547138282 ], [ -70.527522682626866, 41.702083173977563 ], [ -70.528060292892619, 41.702259407030581 ], [ -70.528880530425042, 41.702516272532826 ], [ -70.529604080152637, 41.702712092824008 ], [ -70.530380679200931, 41.703000089664719 ], [ -70.531256337303574, 41.703243341117641 ], [ -70.531891405427572, 41.703431640502593 ], [ -70.532635470400464, 41.703662506713933 ], [ -70.53324949834014, 41.703827546630485 ], [ -70.534030985228952, 41.704017640327812 ], [ -70.534799197100369, 41.704291466632242 ], [ -70.535487783586291, 41.704567426728275 ], [ -70.536213888100804, 41.704795866092084 ], [ -70.536911878000296, 41.705046573101939 ], [ -70.537701201382561, 41.705341380191264 ], [ -70.538405618712474, 41.705589881258582 ], [ -70.538990720697043, 41.705832868514065 ], [ -70.539753857461193, 41.70604752884983 ], [ -70.540585351544451, 41.706361242406722 ], [ -70.541293031170042, 41.706593995764152 ], [ -70.542174342392443, 41.706841712088384 ], [ -70.542802958508304, 41.70706422376076 ], [ -70.543605922711563, 41.707253868989056 ], [ -70.544246729200495, 41.707465219942179 ], [ -70.545033040518248, 41.707739691167433 ], [ -70.545864121949734, 41.707996243125841 ], [ -70.546429289562553, 41.708081171451376 ], [ -70.546835124275105, 41.708086258963142 ], [ -70.547524070320534, 41.708142674138244 ], [ -70.547965400429149, 41.70823528160355 ], [ -70.548624963919337, 41.708424254403212 ], [ -70.549129782346938, 41.708540460900331 ], [ -70.54997292481336, 41.708707323600251 ], [ -70.550468393095159, 41.708846519010393 ], [ -70.551091593536611, 41.709032360277824 ], [ -70.552352113414699, 41.70923757476892 ], [ -70.553094916529943, 41.70938557063868 ], [ -70.553651297238346, 41.709520194016285 ], [ -70.554219245486379, 41.709710623429039 ], [ -70.555389259680197, 41.710070372151698 ], [ -70.556003539688334, 41.710226286312903 ], [ -70.557466800674177, 41.710563683942851 ], [ -70.558230459295373, 41.710725324850792 ], [ -70.559012754249721, 41.710896681481159 ], [ -70.559608851251141, 41.711038919638916 ], [ -70.560342141744727, 41.711198044380978 ], [ -70.56180008465158, 41.711491447248761 ], [ -70.56239039224613, 41.711619554186235 ], [ -70.562858600335133, 41.711751717656533 ], [ -70.563421701485709, 41.711866089134972 ], [ -70.564066160337276, 41.712040778641772 ], [ -70.564596153135753, 41.712134050168117 ], [ -70.565478027179637, 41.712354577112443 ], [ -70.56619307999604, 41.712504510133613 ], [ -70.566851183597677, 41.712594319961198 ], [ -70.567946871431843, 41.712831774570517 ], [ -70.568698929107882, 41.712968488676523 ], [ -70.569368450013172, 41.71310002101152 ], [ -70.570010367684333, 41.713244829944436 ], [ -70.570643144586924, 41.71339856465179 ], [ -70.571613875244779, 41.713605700334959 ], [ -70.572085357750908, 41.713721532447529 ], [ -70.572968625719056, 41.713875044753728 ], [ -70.573731832996458, 41.714073156256127 ], [ -70.574917637712389, 41.714211106639382 ], [ -70.575331792546919, 41.71426680755642 ], [ -70.576048517563095, 41.714330028002315 ], [ -70.576599908686802, 41.714400344169782 ], [ -70.577200018117708, 41.714503692243156 ], [ -70.578351173184558, 41.714675653730616 ], [ -70.57883315047134, 41.714716133894107 ], [ -70.579995924460277, 41.714851031059133 ], [ -70.58142058199239, 41.715029110755168 ], [ -70.582641188150035, 41.715073281641729 ], [ -70.583175747882322, 41.715061268420932 ], [ -70.583630098015135, 41.715090813428077 ], [ -70.584486796556149, 41.71495251662985 ], [ -70.585120799445107, 41.7148405614357 ], [ -70.585746954575058, 41.714804511190017 ], [ -70.586382046383378, 41.71480004332782 ], [ -70.587126858825386, 41.714817273670874 ], [ -70.587742434547053, 41.714890864189783 ], [ -70.588373863758392, 41.714932501488697 ], [ -70.588871165816201, 41.714952240002809 ], [ -70.589622902354066, 41.714905355743817 ], [ -70.590341346636862, 41.714849196471 ], [ -70.590837005568119, 41.714773245525919 ], [ -70.59144514127513, 41.714736457300468 ], [ -70.591935906018449, 41.7147932718429 ], [ -70.592568983876276, 41.714930566730793 ], [ -70.592960837889834, 41.715050741972938 ], [ -70.593337386270065, 41.715191052995131 ], [ -70.593858041271233, 41.71549739605323 ], [ -70.594359019746094, 41.715682025899788 ], [ -70.594795159883873, 41.716064564001606 ], [ -70.594796721832424, 41.716436780012863 ], [ -70.595267653831399, 41.716595843052957 ], [ -70.595675979003985, 41.716667743135531 ], [ -70.596400290247786, 41.716808554969333 ], [ -70.597268359583794, 41.716955004259347 ], [ -70.59822553777154, 41.717280544833692 ], [ -70.599069698533881, 41.717605182913012 ], [ -70.599761614759842, 41.717887530023184 ], [ -70.600651189204456, 41.718215329114848 ], [ -70.601569856939676, 41.718451059686387 ], [ -70.602645122592293, 41.718848401179933 ], [ -70.603453196876558, 41.719124888155442 ], [ -70.604260118714777, 41.719484084580557 ], [ -70.604937489670149, 41.719735334161655 ], [ -70.605389638011786, 41.719925158509767 ], [ -70.605732851808696, 41.720062915114205 ], [ -70.607150818718807, 41.720612033867859 ], [ -70.607620792957832, 41.720817183304675 ], [ -70.608655976749503, 41.721239476957166 ], [ -70.609134744059688, 41.721488020663188 ], [ -70.609611042577072, 41.721725288016707 ], [ -70.610065243582042, 41.721985453365008 ], [ -70.610580198861712, 41.722252281768917 ], [ -70.61103190224631, 41.722503419686149 ], [ -70.612157376208444, 41.72299954354213 ], [ -70.61272808369057, 41.723228529869374 ], [ -70.613241445843926, 41.723422176181792 ], [ -70.613843344170348, 41.723596250322167 ], [ -70.614491790452448, 41.72374535957065 ], [ -70.615292451641693, 41.723914218762893 ], [ -70.615825490800418, 41.724016840794675 ], [ -70.616422731316192, 41.724094072111932 ], [ -70.616962536823351, 41.724142154608735 ], [ -70.617519615177827, 41.724163356453481 ], [ -70.618291970871581, 41.724098153133454 ], [ -70.621004450467311, 41.724726614556928 ], [ -70.62122204588502, 41.725208882064194 ], [ -70.621511493055422, 41.725696768288827 ], [ -70.621747632943908, 41.72604636901999 ], [ -70.621983965105528, 41.726505144040921 ], [ -70.622021943913822, 41.726939316444842 ], [ -70.621792762242393, 41.727285609687051 ], [ -70.621210263948996, 41.7275402607644 ], [ -70.620767106260473, 41.72778163534192 ], [ -70.620333993550972, 41.727975252147687 ], [ -70.61974750995185, 41.728204823150421 ], [ -70.619406290577047, 41.728353001431579 ], [ -70.618985591656994, 41.728517446214134 ], [ -70.618542699446763, 41.728738555324618 ], [ -70.618102053129164, 41.729232050787246 ], [ -70.617719959717206, 41.729483453362292 ], [ -70.617206419385894, 41.729733272865566 ], [ -70.616834853140631, 41.729969841727751 ], [ -70.616489197540488, 41.730016682085555 ], [ -70.616133105014939, 41.730044025075813 ], [ -70.615601151626237, 41.730076473198487 ], [ -70.615179904922371, 41.73006194548789 ], [ -70.614825988224609, 41.730040623923585 ], [ -70.614478612573279, 41.729981085160695 ], [ -70.614341893899066, 41.729939785655183 ], [ -70.614205177817752, 41.729898485103845 ], [ -70.614187817971612, 41.72989047605887 ], [ -70.614183257439294, 41.729889016147474 ], [ -70.614029011791231, 41.729817204035577 ], [ -70.613846932170162, 41.729756135651861 ], [ -70.613640914315738, 41.729633540923444 ], [ -70.613760862399474, 41.73022029690857 ], [ -70.613793414345977, 41.730500236802683 ], [ -70.613782862600146, 41.73059751035084 ], [ -70.613772310822085, 41.730694783897697 ], [ -70.613661427929188, 41.730970793597734 ], [ -70.613199258024821, 41.731468604915676 ], [ -70.612925820184913, 41.731791744265223 ], [ -70.612535172844872, 41.732196693703898 ], [ -70.611894741068596, 41.732789340541451 ], [ -70.611463688656599, 41.73301951884622 ], [ -70.610907964904769, 41.7332194591771 ], [ -70.610315874295821, 41.733414047934886 ], [ -70.609811663008983, 41.733636895427999 ], [ -70.609272776761884, 41.734056431910773 ], [ -70.608988311546668, 41.734629336677102 ], [ -70.608845164820181, 41.735008072620815 ], [ -70.608803149577454, 41.735596380106806 ], [ -70.608712045954974, 41.735987340933541 ], [ -70.608600717104338, 41.736293168148663 ], [ -70.608344972576603, 41.736664269024971 ], [ -70.608047002419241, 41.736992269622029 ], [ -70.607756930945186, 41.73721172062767 ], [ -70.607292237482625, 41.73745343761319 ], [ -70.606761522320625, 41.737607408637977 ], [ -70.60607270878188, 41.737730310494534 ], [ -70.605486760768983, 41.737911416775994 ], [ -70.60492752924246, 41.73814281481576 ], [ -70.604417598847419, 41.738340832874535 ], [ -70.603574832702193, 41.738537917371694 ], [ -70.602821895851946, 41.738651290898723 ], [ -70.60219057866037, 41.738584412815499 ], [ -70.601185288947178, 41.738183120209008 ], [ -70.600618040866948, 41.737915274412764 ], [ -70.600160951499092, 41.737641543269248 ], [ -70.599701438724523, 41.737326710318456 ], [ -70.599321512499046, 41.736989432216589 ], [ -70.598910808560035, 41.736677233041135 ], [ -70.598557182427527, 41.73642007100193 ], [ -70.598237339087817, 41.736138414348588 ], [ -70.597918073414533, 41.735842692584114 ], [ -70.597612084874157, 41.735458160522228 ], [ -70.597351385049691, 41.735112253656062 ], [ -70.596848633471822, 41.734616423190914 ], [ -70.596449753426953, 41.734320065697155 ], [ -70.595993908690986, 41.733961351965057 ], [ -70.595450264842583, 41.733542850104399 ], [ -70.595114262066758, 41.733343217676463 ], [ -70.592819703046217, 41.732162316604438 ], [ -70.592200743883851, 41.731891765116245 ], [ -70.591657931253437, 41.731629133459172 ], [ -70.591060061884392, 41.731381816721644 ], [ -70.590431760714083, 41.731108929911557 ], [ -70.589721275354478, 41.730830880588051 ], [ -70.588924513288134, 41.730597719320997 ], [ -70.588286266319599, 41.730391145606369 ], [ -70.587563321666536, 41.730145059737808 ], [ -70.586467308607425, 41.729694511615712 ], [ -70.585900564518738, 41.72942715813339 ] ] ] } },
{ "type": "Feature", "properties": { "TMDL_BASIN": "Nasketucket System", "BBP_SYS_ID": "NSKSYS", "SHED_ACRES": 8651.74, "HECTARES": 3501.2491, "DELIN_YEAR": 2023 }, "geometry": { "type": "Polygon", "coordinates": [ [ [ -70.86509322218518, 41.669951139116158 ], [ -70.864473104320709, 41.669579928217921 ], [ -70.864000020339375, 41.669191440272137 ], [ -70.863672627589338, 41.668714014008579 ], [ -70.863530313716211, 41.668395382934051 ], [ -70.863305639573326, 41.667917456999881 ], [ -70.863139747427795, 41.667417307069663 ], [ -70.863046809092438, 41.666872838275559 ], [ -70.863039913571015, 41.666118391682204 ], [ -70.86307825088646, 41.665507120628689 ], [ -70.862991915570561, 41.664874354529871 ], [ -70.862644153399572, 41.66375818250846 ], [ -70.86249129736693, 41.663076158137777 ], [ -70.862228915360433, 41.662483011561264 ], [ -70.861995981715452, 41.661872965583761 ], [ -70.86171092995977, 41.661191613881158 ], [ -70.86119091660224, 41.660494876335335 ], [ -70.860661746651104, 41.659616739864404 ], [ -70.860473832702468, 41.65924160362237 ], [ -70.860141684405363, 41.658578522654032 ], [ -70.859746936806374, 41.658098312412285 ], [ -70.859082102931708, 41.657381412191462 ], [ -70.858534610913964, 41.656670350646863 ], [ -70.858151253565993, 41.656239729637967 ], [ -70.858091195988663, 41.656172267535659 ], [ -70.857267886009623, 41.655722908621364 ], [ -70.856199302407504, 41.655382801136454 ], [ -70.85503365857079, 41.655128405564255 ], [ -70.854280819525158, 41.654894042133158 ], [ -70.853685726444482, 41.654573539715471 ], [ -70.853390241192557, 41.654278353090319 ], [ -70.853239984147024, 41.653967759654762 ], [ -70.852974626757643, 41.652857683221342 ], [ -70.852620472072346, 41.652220847196915 ], [ -70.852363852654662, 41.651927344862159 ], [ -70.85201450420459, 41.651759568238752 ], [ -70.851226192582189, 41.651248285139573 ], [ -70.850639042896631, 41.650970592377469 ], [ -70.850217979287336, 41.650605351068819 ], [ -70.849762512758161, 41.650142564364131 ], [ -70.849394144662895, 41.649610921582614 ], [ -70.849343889691994, 41.649538389498176 ], [ -70.848785905107576, 41.649299554860093 ], [ -70.848615701930257, 41.649161214733866 ], [ -70.848210002232662, 41.64863029327779 ], [ -70.847950000612826, 41.648210329342362 ], [ -70.846942491466123, 41.647664938416405 ], [ -70.845723946061497, 41.647657933991553 ], [ -70.844811791572781, 41.647839893464315 ], [ -70.8440603352784, 41.648099860426278 ], [ -70.843441683628029, 41.648294514086238 ], [ -70.842765546326405, 41.648367696100479 ], [ -70.841769702474366, 41.648119662283783 ], [ -70.841195243441049, 41.647916321002398 ], [ -70.840448617945583, 41.647647372571967 ], [ -70.839905589695761, 41.647307163909474 ], [ -70.839412931587148, 41.646794160841111 ], [ -70.838968576991078, 41.646308765603834 ], [ -70.838601342743061, 41.645879446207118 ], [ -70.837545545511745, 41.645334858264135 ], [ -70.836976848432442, 41.645131131045162 ], [ -70.836541738843181, 41.644928179560679 ], [ -70.836302823895338, 41.644805602377701 ], [ -70.835389008468852, 41.644600647334862 ], [ -70.834255795991439, 41.644506775204668 ], [ -70.83383721847818, 41.644566200587008 ], [ -70.83274236024063, 41.644741974886962 ], [ -70.83174636119908, 41.644754345215432 ], [ -70.831248646576952, 41.644733200004204 ], [ -70.830892088239409, 41.644497333247919 ], [ -70.83078120463307, 41.644296816190476 ], [ -70.830371016591712, 41.643836273657385 ], [ -70.830038894635763, 41.64355397322155 ], [ -70.829490030911288, 41.643048052293729 ], [ -70.8288912524837, 41.642387160481313 ], [ -70.828278381735203, 41.6418421880689 ], [ -70.827521131402008, 41.641547700526466 ], [ -70.826762564560184, 41.641378872482015 ], [ -70.825952151619774, 41.641238732370809 ], [ -70.824532720029694, 41.641413983112031 ], [ -70.823382667683504, 41.641706823592493 ], [ -70.822439401107417, 41.641942882374131 ], [ -70.821096545443496, 41.64218621656336 ], [ -70.820632837654514, 41.642164112212761 ], [ -70.819951806177983, 41.64197636801719 ], [ -70.819259434567655, 41.641643544583403 ], [ -70.81822109784369, 41.641124970688878 ], [ -70.817592867238147, 41.640821522844696 ], [ -70.816991756027377, 41.640392563707977 ], [ -70.816022330075356, 41.639458699938928 ], [ -70.81539826331408, 41.638768583524708 ], [ -70.814574672049488, 41.637860078190613 ], [ -70.814156718643119, 41.638038686648635 ], [ -70.813929362025164, 41.638061257034181 ], [ -70.813702278917674, 41.638122207373662 ], [ -70.813399426211333, 41.638184323124939 ], [ -70.813096958852, 41.638246153179445 ], [ -70.812868279443606, 41.638249853168112 ], [ -70.812639830815428, 41.638253295682688 ], [ -70.812411838486071, 41.638256827834759 ], [ -70.812087726865585, 41.638247673297165 ], [ -70.811725160483533, 41.638210434456319 ], [ -70.811457916646376, 41.638185874678442 ], [ -70.811181207192774, 41.638137078079232 ], [ -70.810810387481723, 41.638120381643141 ], [ -70.810504945716445, 41.638103941819466 ], [ -70.810325773796635, 41.638087840384436 ], [ -70.810159586745911, 41.638072906010784 ], [ -70.809511744221055, 41.63806381077908 ], [ -70.808682548695231, 41.637980933217484 ], [ -70.808185697843584, 41.637549798507962 ], [ -70.807071532836261, 41.636634895736812 ], [ -70.805960635864508, 41.635421620587543 ], [ -70.805207688879946, 41.634690526881485 ], [ -70.804505505821496, 41.634063523887392 ], [ -70.804013227320354, 41.633217259315309 ], [ -70.803097450768703, 41.631564063297908 ], [ -70.802331816480788, 41.630417732078726 ], [ -70.802097391728267, 41.629715745287307 ], [ -70.802091161920885, 41.628924030504216 ], [ -70.816571318398317, 41.591323371796456 ], [ -70.816555445290319, 41.591272879287217 ], [ -70.816920571344696, 41.590285158366967 ], [ -70.816951834713322, 41.589924457414206 ], [ -70.81710341277082, 41.589507661152361 ], [ -70.81746997589552, 41.589240654458116 ], [ -70.819937611644932, 41.588273770447337 ], [ -70.820668942440875, 41.587775919705869 ], [ -70.821460596797877, 41.586952654325799 ], [ -70.822100634036985, 41.585645464421795 ], [ -70.822252191952074, 41.584751435473784 ], [ -70.822099424476107, 41.582781412536761 ], [ -70.822190456217783, 41.582554985104522 ], [ -70.822324035181026, 41.582478431247608 ], [ -70.822492675629732, 41.58260434150796 ], [ -70.823114518983218, 41.583009917005256 ], [ -70.823755286224952, 41.583536921654719 ], [ -70.825261129735622, 41.585350495026248 ], [ -70.826227139542823, 41.586645242295319 ], [ -70.826921947723989, 41.58780189062621 ], [ -70.827649148440642, 41.588761583551829 ], [ -70.828705675427571, 41.590102339232061 ], [ -70.82923466973071, 41.5907044755619 ], [ -70.829544341805345, 41.591032348070037 ], [ -70.829893938889185, 41.591405949595625 ], [ -70.830123770863935, 41.591642360777229 ], [ -70.831635841955517, 41.592894783848728 ], [ -70.832821451759017, 41.594463733381573 ], [ -70.832969478630304, 41.594798229175467 ], [ -70.833392103341112, 41.595922909335293 ], [ -70.833569253863743, 41.59637131202971 ], [ -70.83387037309349, 41.596555055263721 ], [ -70.834014072214003, 41.596596154477197 ], [ -70.834303431100054, 41.596678912173864 ], [ -70.834616544989515, 41.596680746164438 ], [ -70.835395068590444, 41.596609478782327 ], [ -70.83711285179055, 41.596551270725811 ], [ -70.838677717471157, 41.596628631705308 ], [ -70.839586836981056, 41.59662633628426 ], [ -70.840203356407642, 41.5965920056492 ], [ -70.840516782416941, 41.596563495925217 ], [ -70.842428883287099, 41.596271280460272 ], [ -70.843055964494141, 41.596191501154493 ], [ -70.844419406707644, 41.596012539225228 ], [ -70.845877926179995, 41.595821078085343 ], [ -70.847253892467037, 41.595601518450472 ], [ -70.847922519968691, 41.595408214315988 ], [ -70.848328614898605, 41.595205818774474 ], [ -70.848644114243683, 41.594972573239566 ], [ -70.84883817721726, 41.594761378128126 ], [ -70.848952208656641, 41.594473899682086 ], [ -70.84921689202524, 41.594270690653623 ], [ -70.849480265391946, 41.594196374383912 ], [ -70.849925207806464, 41.594145843635665 ], [ -70.850463666064286, 41.593838044076506 ], [ -70.85150588914729, 41.593654437118204 ], [ -70.852730136185329, 41.593449109673067 ], [ -70.854431365492502, 41.593019008716986 ], [ -70.855816044917816, 41.5929282962108 ], [ -70.855858440656434, 41.592927475926423 ], [ -70.855911353118373, 41.593309822406638 ], [ -70.856594267828854, 41.594838143762601 ], [ -70.857006825785191, 41.59798504850724 ], [ -70.857936114535178, 41.600277262658999 ], [ -70.858744408950088, 41.601949776520229 ], [ -70.860115160498097, 41.604530332370722 ], [ -70.861225871622437, 41.607728419294197 ], [ -70.861623101306449, 41.609924758652063 ], [ -70.861414318761092, 41.61040922682745 ], [ -70.86151104218429, 41.610992201941237 ], [ -70.861432890476735, 41.611205243266248 ], [ -70.861491852751399, 41.611219027976567 ], [ -70.861457700536747, 41.611622729235336 ], [ -70.861084169015513, 41.612235137648987 ], [ -70.860512496979752, 41.612827297177908 ], [ -70.860026019501305, 41.613166139698556 ], [ -70.859664585310512, 41.61363511400836 ], [ -70.859478197888805, 41.614445529116601 ], [ -70.859752822531163, 41.615140367210614 ], [ -70.860208973617503, 41.615792895886813 ], [ -70.860666172815286, 41.616491572926428 ], [ -70.861073724926001, 41.617018897274164 ], [ -70.861419881797843, 41.617518301150852 ], [ -70.861445798835675, 41.61796469635312 ], [ -70.861639707097879, 41.618466620520273 ], [ -70.861807360843756, 41.618994731174048 ], [ -70.861836927045914, 41.619087862947929 ], [ -70.862300944668647, 41.619746054479201 ], [ -70.862755715128372, 41.620336101181557 ], [ -70.863299478875248, 41.620838857740303 ], [ -70.863744026421571, 41.621308417665183 ], [ -70.864084484221522, 41.621876435051696 ], [ -70.864352469225892, 41.622285354650586 ], [ -70.864554944727971, 41.6228154583414 ], [ -70.864850707135631, 41.623429930558466 ], [ -70.865137275655272, 41.623970069507621 ], [ -70.865287756253792, 41.62456403330728 ], [ -70.865581626015711, 41.625087329780982 ], [ -70.866168480898224, 41.625486206636609 ], [ -70.866680504567128, 41.625925743255614 ], [ -70.867133119042606, 41.62640096188855 ], [ -70.867659353650211, 41.626788801454943 ], [ -70.868049798056475, 41.627219214417032 ], [ -70.86895470831962, 41.627883204549526 ], [ -70.869868735816212, 41.628575374686349 ], [ -70.870651374037152, 41.629206597382215 ], [ -70.870661974622877, 41.62921338818294 ], [ -70.871237963369637, 41.629582374056696 ], [ -70.87189843320354, 41.630169018920576 ], [ -70.872344850126908, 41.630696894729354 ], [ -70.87236795752915, 41.630724218177157 ], [ -70.872646874040285, 41.631270485502306 ], [ -70.873140739280331, 41.631888279424601 ], [ -70.873608748503941, 41.632409138215863 ], [ -70.874162270443719, 41.632968731794783 ], [ -70.874528861613271, 41.633008452449559 ], [ -70.875139895509179, 41.633229590951451 ], [ -70.875688182450659, 41.633290002061628 ], [ -70.876292517053514, 41.633602823382766 ], [ -70.87681972886007, 41.633921408841715 ], [ -70.877265081880353, 41.634366158900335 ], [ -70.877718102376136, 41.634948819254326 ], [ -70.8780955045507, 41.635594653225247 ], [ -70.87847393611068, 41.636309145209005 ], [ -70.878852423056074, 41.637115362004742 ], [ -70.879185115251673, 41.637887563346972 ], [ -70.879831795170631, 41.638887696185662 ], [ -70.880408077780501, 41.639606636882803 ], [ -70.880908185060093, 41.640069399963764 ], [ -70.880879154133282, 41.640077098573741 ], [ -70.881259022363423, 41.64039403499671 ], [ -70.881971016670832, 41.640929128961766 ], [ -70.882803509899261, 41.641667116745388 ], [ -70.883475759223074, 41.642125584914332 ], [ -70.8840920516719, 41.64253599094895 ], [ -70.885103402188989, 41.643385566636546 ], [ -70.885693398233045, 41.643858639066742 ], [ -70.886087333943763, 41.644613142875833 ], [ -70.886297069280317, 41.645222275184594 ], [ -70.886367063325494, 41.645425553437647 ], [ -70.886620037172435, 41.646153965182563 ], [ -70.886708739727155, 41.646409368720633 ], [ -70.887033043675032, 41.647014931586078 ], [ -70.887356451460604, 41.647558025118464 ], [ -70.887534833446779, 41.647929265383254 ], [ -70.887812710060516, 41.648507564616608 ], [ -70.888092069463937, 41.649245125009806 ], [ -70.888504738600076, 41.650538257864525 ], [ -70.888854566792787, 41.651538992205595 ], [ -70.889149064325522, 41.652265376506605 ], [ -70.88944411920248, 41.653071671297127 ], [ -70.889815628757631, 41.653906512226939 ], [ -70.890139625353058, 41.654472672771163 ], [ -70.890723351079458, 41.655146018150027 ], [ -70.891330997707598, 41.655968050368131 ], [ -70.892029759065537, 41.656698840643479 ], [ -70.892434091103169, 41.657230069738773 ], [ -70.89244742888387, 41.657247592055434 ], [ -70.892519188290009, 41.657341871862762 ], [ -70.892555620367375, 41.657516826523945 ], [ -70.892556098344073, 41.657520857354321 ], [ -70.89260751544245, 41.657520551213068 ], [ -70.892628422324037, 41.657504645192638 ], [ -70.892772643166367, 41.657734733565697 ], [ -70.893014804173617, 41.658121067920625 ], [ -70.893278959215635, 41.658870350338006 ], [ -70.893519105865963, 41.659402290454842 ], [ -70.893416358481687, 41.660009495562292 ], [ -70.893420774884873, 41.660651598030263 ], [ -70.893188121468469, 41.661208027629542 ], [ -70.89280992957849, 41.661581915857994 ], [ -70.892362914281094, 41.66189297079314 ], [ -70.891648048029651, 41.662119308833432 ], [ -70.890819344251696, 41.662380484146361 ], [ -70.89012046302976, 41.662778531351563 ], [ -70.889612702396192, 41.66314214690447 ], [ -70.889348917872709, 41.663555467248571 ], [ -70.889085588075929, 41.664077958124125 ], [ -70.888914136229147, 41.664605445719488 ], [ -70.888933421159379, 41.665218366251011 ], [ -70.888885405117776, 41.665963168719003 ], [ -70.888883566116235, 41.666015639904643 ], [ -70.888866317972401, 41.666507793125774 ], [ -70.888821154022978, 41.666792618239796 ], [ -70.888734545821109, 41.667338806622332 ], [ -70.888751773766188, 41.668336974020391 ], [ -70.888757730254071, 41.668682179231119 ], [ -70.888759180126584, 41.668768190851964 ], [ -70.888759645752756, 41.668795861880959 ], [ -70.888595424323086, 41.66878147372335 ], [ -70.888500229663194, 41.668784703994781 ], [ -70.888037243498104, 41.668800418014087 ], [ -70.887495260019236, 41.668839544957429 ], [ -70.887181265022022, 41.668862212594654 ], [ -70.886178550022265, 41.668886068568163 ], [ -70.88513752328879, 41.668927446028377 ], [ -70.884583119249783, 41.668949478483036 ], [ -70.882512118526478, 41.669100229457335 ], [ -70.88241019166955, 41.669107648057334 ], [ -70.881932463734245, 41.669127724879438 ], [ -70.881931409319648, 41.669124504809488 ], [ -70.881884200928468, 41.669117761996013 ], [ -70.881344334174599, 41.669040654280842 ], [ -70.880596987870973, 41.668783545806775 ], [ -70.879651974521693, 41.668482817249647 ], [ -70.879058422363855, 41.668313284805592 ], [ -70.878231172452388, 41.668182781043036 ], [ -70.877704212485597, 41.668128571770538 ], [ -70.877052975085647, 41.668151892504007 ], [ -70.876540459441799, 41.668235275869492 ], [ -70.876336082761597, 41.668340072181422 ], [ -70.87594955877023, 41.66870930259563 ], [ -70.875030371409295, 41.669700728680951 ], [ -70.874652310290145, 41.669483471911498 ], [ -70.874132778284761, 41.669651324248129 ], [ -70.873407676693702, 41.669787297849794 ], [ -70.872785009570322, 41.669927946399675 ], [ -70.871898163955379, 41.670064947106148 ], [ -70.871164597317261, 41.670107290802044 ], [ -70.870415653044617, 41.67006168232696 ], [ -70.869657961385315, 41.669905728818641 ], [ -70.869171596368844, 41.669972659786254 ], [ -70.869034910157083, 41.669991468707856 ], [ -70.868486020644724, 41.670164878724783 ], [ -70.867871604238601, 41.670371968852471 ], [ -70.867271302858512, 41.670562111670101 ], [ -70.86676571835774, 41.670658354306063 ], [ -70.866469567763588, 41.670580418273616 ], [ -70.866375793491386, 41.670555755093012 ], [ -70.865668424307543, 41.670262021197601 ], [ -70.86509322218518, 41.669951139116158 ] ] ] } },
{ "type": "Feature", "properties": { "TMDL_BASIN": "Brant Island Cove", "BBP_SYS_ID": "BRACOV", "SHED_ACRES": 559.644, "HECTARES": 226.481, "DELIN_YEAR": 2023 }, "geometry": { "type": "Polygon", "coordinates": [ [ [ -70.826762564560184, 41.641378872482015 ], [ -70.825952151619774, 41.641238732370809 ], [ -70.824532720029694, 41.641413983112031 ], [ -70.823382667683504, 41.641706823592493 ], [ -70.822439401107417, 41.641942882374131 ], [ -70.821096545443496, 41.64218621656336 ], [ -70.820632837654514, 41.642164112212761 ], [ -70.819951806177983, 41.64197636801719 ], [ -70.819259434567655, 41.641643544583403 ], [ -70.81822109784369, 41.641124970688878 ], [ -70.817592867238147, 41.640821522844696 ], [ -70.816991756027377, 41.640392563707977 ], [ -70.816022330075356, 41.639458699938928 ], [ -70.81539826331408, 41.638768583524708 ], [ -70.814574672049488, 41.637860078190613 ], [ -70.81477090823978, 41.63774774444699 ], [ -70.814730739668491, 41.637694813334925 ], [ -70.814529445343609, 41.637403602130981 ], [ -70.814331348057848, 41.637120475755566 ], [ -70.814134893591742, 41.636894195507288 ], [ -70.813975687004302, 41.636648443820107 ], [ -70.81356345841148, 41.636201251772121 ], [ -70.813306357987045, 41.635846909173154 ], [ -70.81308130805354, 41.635516253949433 ], [ -70.812736168449064, 41.635196830600073 ], [ -70.812315396088735, 41.634897770060995 ], [ -70.81194461401779, 41.634564308279153 ], [ -70.811549891628971, 41.634286936633131 ], [ -70.811200744105065, 41.634045883118873 ], [ -70.811004028880134, 41.633819595754417 ], [ -70.810807313531342, 41.633593448724838 ], [ -70.810632393440471, 41.633228577768961 ], [ -70.810368391665733, 41.632864713739728 ], [ -70.810183533534712, 41.632600230615502 ], [ -70.80997253230376, 41.632317018138409 ], [ -70.80973561669623, 41.632005510992002 ], [ -70.809439538637562, 41.631623301665677 ], [ -70.809027600475915, 41.631185520412473 ], [ -70.808769181127005, 41.630788203540646 ], [ -70.808435980755775, 41.630435450278796 ], [ -70.808213960502343, 41.629980391434643 ], [ -70.808108197918301, 41.62959497523719 ], [ -70.807983210382432, 41.629210145332188 ], [ -70.807935902152792, 41.628881499321629 ], [ -70.807890868350626, 41.628624334949265 ], [ -70.807881775519476, 41.628294796085534 ], [ -70.807796423202774, 41.627957195932616 ], [ -70.80778852356282, 41.627670526253794 ], [ -70.807796472983398, 41.627283738696754 ], [ -70.807704930583824, 41.626861886924566 ], [ -70.80755375176544, 41.626528049942081 ], [ -70.807443199255985, 41.626201213125739 ], [ -70.807568812111668, 41.625786564601043 ], [ -70.807768007206604, 41.625560037404199 ], [ -70.808611454416024, 41.625145648723581 ], [ -70.808946561994745, 41.625025572087694 ], [ -70.809429067521762, 41.6248394240978 ], [ -70.809886332820483, 41.624866586354344 ], [ -70.810244953588168, 41.624709882181875 ], [ -70.817009548009921, 41.624832350070392 ], [ -70.81753698134078, 41.625092100843446 ], [ -70.817808920995986, 41.625288159156341 ], [ -70.818080762577637, 41.625484778958537 ], [ -70.81829901939787, 41.625796578781049 ], [ -70.818612944680424, 41.626135400338704 ], [ -70.818928147965266, 41.626517418816064 ], [ -70.819235228560089, 41.626842269838392 ], [ -70.819570443306205, 41.627037295916431 ], [ -70.819981310091421, 41.627212514986944 ], [ -70.820378911023695, 41.627368801528334 ], [ -70.820651689381606, 41.627593557583367 ], [ -70.820932339047175, 41.627771746526655 ], [ -70.82108202620995, 41.62801677507273 ], [ -70.821330656232504, 41.628270647624412 ], [ -70.821708661741212, 41.628637276469981 ], [ -70.822056368632914, 41.628822896894242 ], [ -70.82236410004073, 41.628932402137202 ], [ -70.822787945567853, 41.629121897439262 ], [ -70.823173717095727, 41.629302160670584 ], [ -70.823541962228106, 41.62953971755595 ], [ -70.823835662180812, 41.629836058043253 ], [ -70.824094946265916, 41.630032729232923 ], [ -70.824341591184663, 41.630229324705219 ], [ -70.824485816262822, 41.630623488609793 ], [ -70.824553398829337, 41.63099961143616 ], [ -70.82456754226007, 41.63150578433445 ], [ -70.82469806877755, 41.632086367244455 ], [ -70.824859799051495, 41.632427502785148 ], [ -70.824970033100598, 41.632741227137998 ], [ -70.825279709086189, 41.633151706808853 ], [ -70.82563204887559, 41.633504523588776 ], [ -70.825888303145931, 41.633815689723164 ], [ -70.826137981805303, 41.634126769396381 ], [ -70.826383653431819, 41.634509948982064 ], [ -70.826681097835873, 41.634935030333295 ], [ -70.826977169184858, 41.635317194006667 ], [ -70.827230964166731, 41.635542524979812 ], [ -70.827485445268593, 41.635796418369893 ], [ -70.827742740210425, 41.636145618055082 ], [ -70.827940101181724, 41.636391106745485 ], [ -70.828173670123007, 41.636587757077514 ], [ -70.828409447951671, 41.636842100572331 ], [ -70.828644902442605, 41.637096160288898 ], [ -70.829033391815386, 41.637376586584949 ], [ -70.829435997524058, 41.637704646110279 ], [ -70.829697227735991, 41.63796785941841 ], [ -70.829906587986571, 41.638194000910893 ], [ -70.830090567256235, 41.638420367628697 ], [ -70.830307181891399, 41.638674875561883 ], [ -70.830485630494223, 41.638929721080579 ], [ -70.830653554827478, 41.639261505600821 ], [ -70.830944727467326, 41.639696339581477 ], [ -70.831278115449308, 41.640044571935228 ], [ -70.831668820268078, 41.640401487473312 ], [ -70.831885216410129, 41.640655709668238 ], [ -70.832139426386902, 41.640880891207047 ], [ -70.832298844920018, 41.641136466127556 ], [ -70.832440604163736, 41.641441513486939 ], [ -70.833045906506456, 41.641904001575632 ], [ -70.832106042671725, 41.64343307805089 ], [ -70.831393719360051, 41.644409806904861 ], [ -70.831248646576952, 41.644733200004204 ], [ -70.830892088239409, 41.644497333247919 ], [ -70.83078120463307, 41.644296816190476 ], [ -70.830371016591712, 41.643836273657385 ], [ -70.830038894635763, 41.64355397322155 ], [ -70.829490030911288, 41.643048052293729 ], [ -70.8288912524837, 41.642387160481313 ], [ -70.828278381735203, 41.6418421880689 ], [ -70.827521131402008, 41.641547700526466 ], [ -70.826762564560184, 41.641378872482015 ] ] ] } },
{ "type": "Feature", "properties": { "TMDL_BASIN": "Little Bay", "BBP_SYS_ID": "LTLBAY", "SHED_ACRES": 4283.863, "HECTARES": 1733.6246, "DELIN_YEAR": 2023 }, "geometry": { "type": "Polygon", "coordinates": [ [ [ -70.86509322218518, 41.669951139116158 ], [ -70.864473104320709, 41.669579928217921 ], [ -70.864000020339375, 41.669191440272137 ], [ -70.863672627589338, 41.668714014008579 ], [ -70.863530313716211, 41.668395382934051 ], [ -70.863305639573326, 41.667917456999881 ], [ -70.863139747427795, 41.667417307069663 ], [ -70.863046809092438, 41.666872838275559 ], [ -70.863039913571015, 41.666118391682204 ], [ -70.86307825088646, 41.665507120628689 ], [ -70.862991915570561, 41.664874354529871 ], [ -70.862644153399572, 41.66375818250846 ], [ -70.86249129736693, 41.663076158137777 ], [ -70.862228915360433, 41.662483011561264 ], [ -70.861995981715452, 41.661872965583761 ], [ -70.86171092995977, 41.661191613881158 ], [ -70.86119091660224, 41.660494876335335 ], [ -70.860661746651104, 41.659616739864404 ], [ -70.860473832702468, 41.65924160362237 ], [ -70.860141684405363, 41.658578522654032 ], [ -70.859746936806374, 41.658098312412285 ], [ -70.859082102931708, 41.657381412191462 ], [ -70.858534610913964, 41.656670350646863 ], [ -70.858151253565993, 41.656239729637967 ], [ -70.858091195988663, 41.656172267535659 ], [ -70.857267886009623, 41.655722908621364 ], [ -70.856199302407504, 41.655382801136454 ], [ -70.85503365857079, 41.655128405564255 ], [ -70.854280819525158, 41.654894042133158 ], [ -70.853685726444482, 41.654573539715471 ], [ -70.853390241192557, 41.654278353090319 ], [ -70.853239984147024, 41.653967759654762 ], [ -70.852974626757643, 41.652857683221342 ], [ -70.852620472072346, 41.652220847196915 ], [ -70.852363852654662, 41.651927344862159 ], [ -70.85201450420459, 41.651759568238752 ], [ -70.851226192582189, 41.651248285139573 ], [ -70.850639042896631, 41.650970592377469 ], [ -70.850217979287336, 41.650605351068819 ], [ -70.849762512758161, 41.650142564364131 ], [ -70.849394144662895, 41.649610921582614 ], [ -70.849343889691994, 41.649538389498176 ], [ -70.848785905107576, 41.649299554860093 ], [ -70.848615701930257, 41.649161214733866 ], [ -70.848210002232662, 41.64863029327779 ], [ -70.847950000612826, 41.648210329342362 ], [ -70.846942491466123, 41.647664938416405 ], [ -70.845723946061497, 41.647657933991553 ], [ -70.844811791572781, 41.647839893464315 ], [ -70.8440603352784, 41.648099860426278 ], [ -70.843441683628029, 41.648294514086238 ], [ -70.842765546326405, 41.648367696100479 ], [ -70.841769702474366, 41.648119662283783 ], [ -70.841195243441049, 41.647916321002398 ], [ -70.840448617945583, 41.647647372571967 ], [ -70.839905589695761, 41.647307163909474 ], [ -70.84005504820712, 41.647200609351771 ], [ -70.839780620367137, 41.646842933290017 ], [ -70.839306089601479, 41.646305235367464 ], [ -70.838993503072842, 41.646013359426895 ], [ -70.838861019215912, 41.645662673325994 ], [ -70.838775678526005, 41.645324466359668 ], [ -70.838611117962472, 41.644930812675035 ], [ -70.838449074168622, 41.644628008521565 ], [ -70.838250740842724, 41.644373482121253 ], [ -70.838146225737617, 41.644074341823632 ], [ -70.838002522236323, 41.643747117797531 ], [ -70.837827148990684, 41.64341595757967 ], [ -70.837716783586416, 41.643131226381549 ], [ -70.837590510545795, 41.642751206040501 ], [ -70.837463778795254, 41.642352237393901 ], [ -70.837357332389814, 41.64199577967662 ], [ -70.837291091398114, 41.641696017478083 ], [ -70.83718644304497, 41.641397016149313 ], [ -70.837078166568347, 41.640983082641711 ], [ -70.836975619666148, 41.640545444303342 ], [ -70.836840184090633, 41.640270789066292 ], [ -70.836649831311178, 41.639867978158868 ], [ -70.836536834497892, 41.639502008659889 ], [ -70.83670451150563, 41.639183914973479 ], [ -70.837020045805929, 41.638813012229022 ], [ -70.837498454583809, 41.638577786416704 ], [ -70.838028136282944, 41.638467273620535 ], [ -70.838525931462328, 41.638340150322591 ], [ -70.839062895401014, 41.638254126017991 ], [ -70.839497036280051, 41.638166423337026 ], [ -70.840032536817048, 41.637998367050898 ], [ -70.840396150403507, 41.637848631859377 ], [ -70.840745988822434, 41.637670585006617 ], [ -70.841097369010754, 41.637530812135537 ], [ -70.841496299496768, 41.637294522841351 ], [ -70.841841405388237, 41.636963380805099 ], [ -70.842097001854484, 41.636610335834185 ], [ -70.842350104998715, 41.636171177139417 ], [ -70.842547940121165, 41.635843007677344 ], [ -70.842643719335129, 41.635497253215142 ], [ -70.842666424191336, 41.635124416558135 ], [ -70.842571190919273, 41.634638641361455 ], [ -70.842299987518743, 41.6341657619164 ], [ -70.841922758410448, 41.633876208085908 ], [ -70.841499981239494, 41.633510926157619 ], [ -70.841201603843402, 41.63322951731039 ], [ -70.840943123035117, 41.633004668918581 ], [ -70.840590556894128, 41.632688687683867 ], [ -70.840313278650157, 41.632356494583064 ], [ -70.840138572130741, 41.632044380938666 ], [ -70.839990956901545, 41.631788979364359 ], [ -70.839811601155887, 41.631534002910421 ], [ -70.839631924698509, 41.631264815192132 ], [ -70.839305914445845, 41.630898267452835 ], [ -70.83905874128402, 41.630601393778846 ], [ -70.838826184140913, 41.630347456986385 ], [ -70.838526921377223, 41.63003725181202 ], [ -70.838319236179146, 41.62972583439285 ], [ -70.838066539544755, 41.629443557524318 ], [ -70.83773830703845, 41.629177089109994 ], [ -70.837375096674521, 41.628767621311248 ], [ -70.837158140209652, 41.628484800374068 ], [ -70.836961314539053, 41.628201683749651 ], [ -70.836766789989113, 41.627946979669112 ], [ -70.836623125379447, 41.627620175906685 ], [ -70.836412154547034, 41.627202322124866 ], [ -70.836297012702289, 41.626923432674836 ], [ -70.836110353972586, 41.626640130031305 ], [ -70.836012556748628, 41.626355376556489 ], [ -70.835907435055034, 41.626041739921263 ], [ -70.835872746412662, 41.625535917870749 ], [ -70.835965650783251, 41.62506084403968 ], [ -70.83612221482511, 41.624701528328835 ], [ -70.849537200280665, 41.610034496300607 ], [ -70.849938257768045, 41.609646674521478 ], [ -70.850143382041054, 41.609357325531185 ], [ -70.850452664054103, 41.609117632774456 ], [ -70.850818245341586, 41.608984149039074 ], [ -70.851159051561325, 41.608926679690938 ], [ -70.851499707008074, 41.608859360576609 ], [ -70.851841413246774, 41.608830124934741 ], [ -70.852221203289204, 41.608810109128527 ], [ -70.852715912823896, 41.608802751680173 ], [ -70.85309635594011, 41.60879689886935 ], [ -70.853479969688877, 41.608905532768723 ], [ -70.854014393624709, 41.608964188836246 ], [ -70.85455110897162, 41.609103983210673 ], [ -70.855070222424914, 41.609296431674842 ], [ -70.855525783364385, 41.609485140961795 ], [ -70.855936914511545, 41.609669798159217 ], [ -70.856207973641673, 41.609837341128141 ], [ -70.856530050795428, 41.610023742603993 ], [ -70.856959368467471, 41.610169810924241 ], [ -70.857440828005466, 41.610376947925118 ], [ -70.857979003166378, 41.610569350081583 ], [ -70.858362059229933, 41.610663802054269 ], [ -70.858732138269502, 41.610734544593839 ], [ -70.859090586223758, 41.61085305289788 ], [ -70.85950040303716, 41.61098985712372 ], [ -70.859859412304743, 41.611127499174579 ], [ -70.860279931072725, 41.611192612009845 ], [ -70.860726257907416, 41.611276438739814 ], [ -70.861160889970449, 41.611394243499419 ], [ -70.861464072506223, 41.611523027834394 ], [ -70.861084130675138, 41.612238933930563 ], [ -70.860512458605214, 41.612831093459342 ], [ -70.860025981097706, 41.613169935979791 ], [ -70.859664546885014, 41.613638910289474 ], [ -70.859584188075928, 41.613980074409284 ], [ -70.859478159451967, 41.614449325397665 ], [ -70.859752784110015, 41.61514416349177 ], [ -70.860208935223284, 41.615796692168132 ], [ -70.860666134447683, 41.616495369207918 ], [ -70.861073686582245, 41.617022693555775 ], [ -70.861419843474408, 41.617522097432534 ], [ -70.861445760513249, 41.617968492634873 ], [ -70.861639668786637, 41.618470416802097 ], [ -70.861836888746097, 41.619091659229831 ], [ -70.862300906395859, 41.619749850761245 ], [ -70.862755676882202, 41.620339897463765 ], [ -70.863299440661223, 41.620842654022688 ], [ -70.863743988233622, 41.621312213947746 ], [ -70.864084446053269, 41.621880231334387 ], [ -70.864352431073442, 41.622289150933348 ], [ -70.864554906587045, 41.622819254624211 ], [ -70.864850669012071, 41.623433726841391 ], [ -70.865137237548382, 41.623973865790653 ], [ -70.865287718155471, 41.624567829590347 ], [ -70.865581587934514, 41.625091126064163 ], [ -70.866168442851603, 41.625490002919953 ], [ -70.866680466550534, 41.625929539539143 ], [ -70.867133081052756, 41.626404758172214 ], [ -70.867659315691256, 41.626792597738856 ], [ -70.868049760120229, 41.627223010701016 ], [ -70.868954670436665, 41.627887000833773 ], [ -70.869868697987243, 41.628579170970909 ], [ -70.870599655392098, 41.629168711955501 ], [ -70.871237925621401, 41.629586170341739 ], [ -70.871898395494043, 41.630172815205881 ], [ -70.872317631005515, 41.630668549884483 ], [ -70.872646836374372, 41.631274281787782 ], [ -70.873140701643351, 41.63189207571024 ], [ -70.873608710894587, 41.632412934501644 ], [ -70.874162232866709, 41.632972528080892 ], [ -70.874528824058245, 41.633012248735653 ], [ -70.875193343752912, 41.633239280503531 ], [ -70.875688144964229, 41.633293798348106 ], [ -70.876446244529561, 41.633699537870896 ], [ -70.876813938819708, 41.633921728944699 ], [ -70.877265044486862, 41.634369955187296 ], [ -70.877718065009091, 41.634952615541458 ], [ -70.878095467205469, 41.635598449512564 ], [ -70.878473898787675, 41.636312941496278 ], [ -70.878852385755053, 41.637119158292286 ], [ -70.87918507796995, 41.637891359634516 ], [ -70.879831757926581, 41.638891492473391 ], [ -70.88040804057033, 41.639610433170716 ], [ -70.881258985203104, 41.640397831284822 ], [ -70.881627617062591, 41.640681898782255 ], [ -70.882043481518835, 41.640999666528295 ], [ -70.882865602210416, 41.641723077292745 ], [ -70.884092014678444, 41.642539787237993 ], [ -70.885103365255205, 41.643389362925916 ], [ -70.885693361333921, 41.643862435356375 ], [ -70.88608729706776, 41.644616939165587 ], [ -70.886367026465351, 41.645429349727308 ], [ -70.886744655422973, 41.646478850882673 ], [ -70.886907949061396, 41.646737532259841 ], [ -70.887185268208611, 41.647003195998423 ], [ -70.887528451238722, 41.647337433559279 ], [ -70.887542858157332, 41.647840603162521 ], [ -70.887812695285191, 41.648510063281918 ], [ -70.887919796316723, 41.648792831856731 ], [ -70.888092054699342, 41.649247623675066 ], [ -70.88832288936716, 41.649970969791056 ], [ -70.888505846846385, 41.650544803630929 ], [ -70.888854554927079, 41.651541190490178 ], [ -70.88914905247016, 41.652267574791146 ], [ -70.889444107356738, 41.653073869581661 ], [ -70.889815616924679, 41.653908710511566 ], [ -70.890139613531048, 41.654474871055726 ], [ -70.890723339277486, 41.655148216434689 ], [ -70.891330985926174, 41.655970248652885 ], [ -70.891977061166003, 41.656645938560871 ], [ -70.892560014145715, 41.65739772371478 ], [ -70.893014793658779, 41.658123265311502 ], [ -70.893278948701195, 41.658872548629319 ], [ -70.893519060757171, 41.659405169226517 ], [ -70.893416334345019, 41.660012778374828 ], [ -70.893420758976362, 41.660653796331523 ], [ -70.893188110959329, 41.661210225020511 ], [ -70.892809917855601, 41.661584113242419 ], [ -70.892362902533961, 41.661895169077845 ], [ -70.891648037467192, 41.662121506224253 ], [ -70.890819332460083, 41.662382681530559 ], [ -70.890120452414891, 41.662780728742078 ], [ -70.889612691755033, 41.663144345195235 ], [ -70.889348907231039, 41.663557664639136 ], [ -70.889085577416523, 41.664080156414798 ], [ -70.888914122863227, 41.664608352991721 ], [ -70.888933396690121, 41.665221182833285 ], [ -70.888885382175346, 41.665966099908275 ], [ -70.888866312640118, 41.666509991538796 ], [ -70.888795442591871, 41.666956894841626 ], [ -70.888734524172563, 41.667342081383957 ], [ -70.888704248805183, 41.668755613367182 ], [ -70.888037231601118, 41.668802616298137 ], [ -70.887181253095676, 41.668864410878648 ], [ -70.886178539262289, 41.668888266858396 ], [ -70.884583107234207, 41.668951676766703 ], [ -70.882410179579168, 41.669109846340739 ], [ -70.881932463734245, 41.669127724879438 ], [ -70.881344334174599, 41.669040654280842 ], [ -70.880596987870973, 41.668783545806775 ], [ -70.879651974521693, 41.668482817249647 ], [ -70.879058422363855, 41.668313284805592 ], [ -70.878231172452388, 41.668182781043036 ], [ -70.877704212485597, 41.668128571770538 ], [ -70.877052975085647, 41.668151892504007 ], [ -70.876540459441799, 41.668235275869492 ], [ -70.876336082761597, 41.668340072181422 ], [ -70.87594955877023, 41.66870930259563 ], [ -70.875030371409295, 41.669700728680951 ], [ -70.874652310290145, 41.669483471911498 ], [ -70.874132778284761, 41.669651324248129 ], [ -70.873407676693702, 41.669787297849794 ], [ -70.872785009570322, 41.669927946399675 ], [ -70.871898163955379, 41.670064947106148 ], [ -70.871164597317261, 41.670107290802044 ], [ -70.870415653044617, 41.67006168232696 ], [ -70.869657961385315, 41.669905728818641 ], [ -70.869171596368844, 41.669972659786254 ], [ -70.869034910157083, 41.669991468707856 ], [ -70.868486020644724, 41.670164878724783 ], [ -70.867871604238601, 41.670371968852471 ], [ -70.867271302858512, 41.670562111670101 ], [ -70.86676571835774, 41.670658354306063 ], [ -70.866469567763588, 41.670580418273616 ], [ -70.866375793491386, 41.670555755093012 ], [ -70.865668424307543, 41.670262021197601 ], [ -70.86509322218518, 41.669951139116158 ] ] ] } },
{ "type": "Feature", "properties": { "TMDL_BASIN": "Eel Pond (M)", "BBP_SYS_ID": "EELPNDM", "SHED_ACRES": 688.788, "HECTARES": 278.7436, "DELIN_YEAR": 2023 }, "geometry": { "type": "Polygon", "coordinates": [ [ [ -70.816820171656104, 41.657194114598063 ], [ -70.817416679707065, 41.656733408070025 ], [ -70.818788543124143, 41.656321077504906 ], [ -70.819551558084697, 41.655885682711968 ], [ -70.820832739845116, 41.654766590991606 ], [ -70.822724501327841, 41.652609707002846 ], [ -70.823551984916747, 41.652796834913246 ], [ -70.824126442909616, 41.652949820576509 ], [ -70.824527645323414, 41.653202502601381 ], [ -70.824754214898178, 41.653468683183064 ], [ -70.825031414230281, 41.653943438394236 ], [ -70.825374437427513, 41.654314038736437 ], [ -70.825810762378524, 41.654772497539668 ], [ -70.82619179385226, 41.655139761525469 ], [ -70.826392150910237, 41.655572634650262 ], [ -70.826654124587691, 41.656061875232751 ], [ -70.826694664549791, 41.65649079975487 ], [ -70.826669985344282, 41.657075469011907 ], [ -70.826490222298688, 41.65755330311228 ], [ -70.826421988179092, 41.657886601402176 ], [ -70.826453462898286, 41.65826414337959 ], [ -70.826520946195956, 41.658566984924143 ], [ -70.826703141828574, 41.658879553538569 ], [ -70.826968721915833, 41.659179708045635 ], [ -70.827325512555447, 41.659484560904758 ], [ -70.827592388161193, 41.659836050510613 ], [ -70.827811275741965, 41.660096690541593 ], [ -70.827826096415706, 41.660405780839632 ], [ -70.827718822653097, 41.660710890528932 ], [ -70.827556206825392, 41.661091251241736 ], [ -70.82748587558595, 41.661504532826704 ], [ -70.827522617466144, 41.661773444351006 ], [ -70.827702299179734, 41.662000105145829 ], [ -70.827973723384886, 41.662202865405291 ], [ -70.828110294859144, 41.66247290254023 ], [ -70.827965528682981, 41.662852211488001 ], [ -70.828056303864656, 41.663138080009546 ], [ -70.828381767945075, 41.663422847380446 ], [ -70.828904872536071, 41.663662639814682 ], [ -70.829244076629294, 41.663859236029701 ], [ -70.829868063567005, 41.66473168919746 ], [ -70.830187184611447, 41.66514317104005 ], [ -70.830857617822687, 41.665470270543437 ], [ -70.831454175141275, 41.665731752302008 ], [ -70.832141254323417, 41.666218374626162 ], [ -70.832275687347092, 41.666487600730207 ], [ -70.832095039636002, 41.666832592114943 ], [ -70.831605576537058, 41.667091035567964 ], [ -70.831086177251308, 41.667280690829656 ], [ -70.830501797466866, 41.667602807537527 ], [ -70.830283598234004, 41.667862755888976 ], [ -70.830234963863006, 41.668138282015164 ], [ -70.830413766309491, 41.668495249415074 ], [ -70.830747381066459, 41.668879113533002 ], [ -70.831244775032928, 41.669526458895 ], [ -70.831617955263312, 41.670240481615728 ], [ -70.831858464044714, 41.670867017916407 ], [ -70.831966518782025, 41.671516189085573 ], [ -70.83231293683734, 41.672516670715822 ], [ -70.832605785925011, 41.673302602067679 ], [ -70.832850354142948, 41.674419207188322 ], [ -70.833038504593119, 41.674935829173812 ], [ -70.833312972340337, 41.675292409211927 ], [ -70.833757654539923, 41.675780344622602 ], [ -70.834247640436701, 41.676400188886717 ], [ -70.833274934356666, 41.676834368499122 ], [ -70.832397509279062, 41.677213010330441 ], [ -70.831747265201571, 41.67756853779963 ], [ -70.831353210400493, 41.677840233851938 ], [ -70.830887751949803, 41.67833251875895 ], [ -70.830588755846108, 41.67857072350855 ], [ -70.830429777189551, 41.678852289866619 ], [ -70.830144854184866, 41.679013389981613 ], [ -70.829526694323732, 41.67908420538199 ], [ -70.827668173122561, 41.678489704589701 ], [ -70.825901553453335, 41.677915447304308 ], [ -70.82376663946205, 41.676614083173803 ], [ -70.819823188357006, 41.673650739409972 ], [ -70.818653583265274, 41.67251613206745 ], [ -70.817381761617085, 41.670897638309796 ], [ -70.815208640310985, 41.668186370693832 ], [ -70.814215874714733, 41.66560299803082 ], [ -70.814770595064402, 41.663955199397144 ], [ -70.814582543692381, 41.661457217915348 ], [ -70.815574991861538, 41.659046889372313 ], [ -70.816820171656104, 41.657194114598063 ] ] ] } },
{ "type": "Feature", "properties": { "TMDL_BASIN": "Little Harbor Beach", "BBP_SYS_ID": "LTLHRBCH", "SHED_ACRES": 510.716, "HECTARES": 206.6802, "DELIN_YEAR": 2023 }, "geometry": { "type": "Polygon", "coordinates": [ [ [ -70.681063748661813, 41.741145294374718 ], [ -70.680845632223907, 41.741116949821667 ], [ -70.680683850819534, 41.741128793977325 ], [ -70.680525027317913, 41.741013608484522 ], [ -70.680414449431566, 41.740950790134413 ], [ -70.680356252343245, 41.740870060827085 ], [ -70.680299961623192, 41.740966907907065 ], [ -70.680236233379901, 41.741066051445486 ], [ -70.680233487784434, 41.741065098875666 ], [ -70.679883056317152, 41.740731518770943 ], [ -70.679859130199361, 41.740725829763079 ], [ -70.679585178098108, 41.740660688610816 ], [ -70.679441608216308, 41.740543938541968 ], [ -70.67930520665486, 41.740402638534597 ], [ -70.679133019288173, 41.74029727347704 ], [ -70.678973216051148, 41.740138217918428 ], [ -70.678927744016903, 41.740011100459668 ], [ -70.678791245963879, 41.739884216200942 ], [ -70.678663269578351, 41.739758158568662 ], [ -70.678498896206648, 41.739710974604073 ], [ -70.678373321660771, 41.739646217358747 ], [ -70.67829515545192, 41.739682796352504 ], [ -70.678208590262926, 41.739647649766823 ], [ -70.677965803584286, 41.73918785804625 ], [ -70.677963292540269, 41.739177094639125 ], [ -70.677812895295659, 41.739028727229567 ], [ -70.677677532628408, 41.738835452169198 ], [ -70.677423812469996, 41.738846183831107 ], [ -70.677256534625613, 41.738868798892248 ], [ -70.677114395494115, 41.738839094386357 ], [ -70.676982649915132, 41.738811561832399 ], [ -70.676853546393019, 41.738567981063589 ], [ -70.676909212795238, 41.738529816918515 ], [ -70.676980484915987, 41.738480952721758 ], [ -70.677089266278315, 41.738423766194749 ], [ -70.67713928334102, 41.738397472405566 ], [ -70.677175244542667, 41.738293277732559 ], [ -70.677040674320082, 41.738143740569086 ], [ -70.676628102772938, 41.737693650409 ], [ -70.676247233017833, 41.737384631928407 ], [ -70.676092477172574, 41.737283203225189 ], [ -70.675743075575184, 41.737054198076493 ], [ -70.675641043966479, 41.737054558879223 ], [ -70.675579517652722, 41.736980669343517 ], [ -70.675233136237523, 41.736893149651465 ], [ -70.674909031906026, 41.736835517675132 ], [ -70.674387051063732, 41.736872986802972 ], [ -70.674099535733674, 41.736924925463612 ], [ -70.673933361998181, 41.737049775115594 ], [ -70.673868401662986, 41.73709006824572 ], [ -70.673726510225549, 41.737178078614093 ], [ -70.673521494706591, 41.736994239701836 ], [ -70.673503098378418, 41.736876449158856 ], [ -70.673458615946529, 41.736591631891557 ], [ -70.673262339035233, 41.736464992144583 ], [ -70.673232504327999, 41.736445743034068 ], [ -70.673124232786691, 41.73644179651199 ], [ -70.673081595859884, 41.736404893137902 ], [ -70.672928131979759, 41.736307396972947 ], [ -70.672730996894259, 41.736154159659463 ], [ -70.672357625365123, 41.735801949156802 ], [ -70.672346605115962, 41.735720069262392 ], [ -70.672043224627132, 41.735505045135163 ], [ -70.671865219325952, 41.735247473676637 ], [ -70.671732744016751, 41.734748274093519 ], [ -70.671619114454387, 41.734457839705513 ], [ -70.671704641207015, 41.73407947202341 ], [ -70.671792674806881, 41.733809473110988 ], [ -70.672011672978442, 41.733539765619462 ], [ -70.67202963272436, 41.733496545888144 ], [ -70.672042576152691, 41.733465396364473 ], [ -70.672002339214714, 41.733357314136057 ], [ -70.671813146929665, 41.733288242209625 ], [ -70.67174268717406, 41.733273283813702 ], [ -70.671571462353398, 41.73323693370105 ], [ -70.671489429973875, 41.733168636302281 ], [ -70.671436168083872, 41.733124290661728 ], [ -70.671135489046804, 41.733019189230731 ], [ -70.670856030418548, 41.732940123321342 ], [ -70.670593168019295, 41.732893908701875 ], [ -70.670363255001277, 41.732935538204885 ], [ -70.670228394346239, 41.733032300422437 ], [ -70.670134805840917, 41.733077014417219 ], [ -70.669985855938094, 41.733141444993088 ], [ -70.669908880053015, 41.733162324934241 ], [ -70.66980743061211, 41.733152581396304 ], [ -70.669748773193774, 41.733021343684264 ], [ -70.669645998178581, 41.732941954818649 ], [ -70.669697756283384, 41.732807221925192 ], [ -70.669681207259757, 41.732723287241136 ], [ -70.669584871929644, 41.732658152579454 ], [ -70.669448115158545, 41.732548986400182 ], [ -70.669293952355432, 41.732516825265535 ], [ -70.669253417673048, 41.732423724198092 ], [ -70.66896913129429, 41.732018202385881 ], [ -70.668950664601681, 41.731940490614207 ], [ -70.668932175145628, 41.731862684131571 ], [ -70.668911078561081, 41.731784231042184 ], [ -70.668900122024354, 41.731745434155066 ], [ -70.668876758237545, 41.731642331547285 ], [ -70.668861631330103, 41.731590924819209 ], [ -70.66884891832612, 41.731547722986342 ], [ -70.668888706808531, 41.731446207730215 ], [ -70.668848585097948, 41.731355276767438 ], [ -70.668784746655902, 41.731260101980354 ], [ -70.668600281873736, 41.731189920153575 ], [ -70.668535279330442, 41.731130666923399 ], [ -70.668383647020576, 41.731055839851933 ], [ -70.668282278830574, 41.730981033088291 ], [ -70.668237943144732, 41.730876784913022 ], [ -70.66812027517517, 41.730828285481806 ], [ -70.667926741330774, 41.730784559182595 ], [ -70.667700729285073, 41.730578845753811 ], [ -70.667204144391519, 41.73045082814383 ], [ -70.66666276448673, 41.73021683732712 ], [ -70.666543650671727, 41.73015293793793 ], [ -70.666760830119955, 41.729960210789081 ], [ -70.666690924113951, 41.729916895383369 ], [ -70.666326976291614, 41.729679706569719 ], [ -70.665898656516575, 41.729415315037002 ], [ -70.665626263648264, 41.729248153733415 ], [ -70.665179162259093, 41.72899853413756 ], [ -70.664772083372554, 41.728805200049898 ], [ -70.664655082668602, 41.728731894228595 ], [ -70.664648012715531, 41.7287137858591 ], [ -70.664373430413022, 41.728497983271012 ], [ -70.664144187494742, 41.728293666037331 ], [ -70.664100680375142, 41.72822467898964 ], [ -70.664142091302381, 41.72803741562408 ], [ -70.664277300305216, 41.727849325398381 ], [ -70.664318369695309, 41.727660547703671 ], [ -70.66433742411941, 41.727647949681433 ], [ -70.664374593806855, 41.727643740321156 ], [ -70.664716013006924, 41.727376159771872 ], [ -70.664804696531064, 41.726944804917984 ], [ -70.66480488761492, 41.726931197765239 ], [ -70.664811291288785, 41.72647430020065 ], [ -70.665012428596867, 41.726121460532354 ], [ -70.665386188527023, 41.725635717462048 ], [ -70.665478610408343, 41.725397416868695 ], [ -70.665837681159516, 41.725124279153192 ], [ -70.666097160502588, 41.724918380759277 ], [ -70.666592271746282, 41.724931354845197 ], [ -70.666883987932493, 41.725203263127263 ], [ -70.667446973922054, 41.725608056550975 ], [ -70.667545697127537, 41.725410691795098 ], [ -70.667350495297796, 41.725171963820301 ], [ -70.66749950235365, 41.725009678816193 ], [ -70.667562869959454, 41.724553803687918 ], [ -70.668179528048881, 41.724330349957235 ], [ -70.668847966317628, 41.724722400951464 ], [ -70.669276555935625, 41.725076682432743 ], [ -70.66968185719162, 41.725161008419903 ], [ -70.669960081661003, 41.725145549685855 ], [ -70.670284440344858, 41.725039396709768 ], [ -70.670803615876963, 41.724989782121959 ], [ -70.671071591779892, 41.724999726270291 ], [ -70.671644302231954, 41.724976882738652 ], [ -70.672093243742538, 41.725114382415484 ], [ -70.672432116248672, 41.725034305231738 ], [ -70.672661079942756, 41.72538115121327 ], [ -70.672537615200483, 41.725631661763238 ], [ -70.672896098263337, 41.725913747687528 ], [ -70.673124443697773, 41.725947144237857 ], [ -70.673648178501097, 41.726022415367318 ], [ -70.67606640465381, 41.727147707738872 ], [ -70.677058380961867, 41.727905304278252 ], [ -70.678914457803927, 41.728240314683021 ], [ -70.679248343358552, 41.728242721976009 ], [ -70.680270711083708, 41.727491439901613 ], [ -70.680369912449137, 41.727498103858544 ], [ -70.680919442749229, 41.727294968206756 ], [ -70.681580498035899, 41.727110639480394 ], [ -70.682363816111604, 41.727506778247502 ], [ -70.682988405524469, 41.727831516886077 ], [ -70.682915943331921, 41.728385281865329 ], [ -70.683274137335005, 41.728545420393409 ], [ -70.683590118458923, 41.728770809950547 ], [ -70.684818001058147, 41.729410378901527 ], [ -70.685582853270063, 41.72993955699561 ], [ -70.686487981239523, 41.730794550244944 ], [ -70.687351393953179, 41.731517396761014 ], [ -70.688179702005797, 41.73207402164698 ], [ -70.688687525996841, 41.732469383373427 ], [ -70.688931515745793, 41.733232821117269 ], [ -70.689201060566802, 41.733999132412706 ], [ -70.689564038491909, 41.734496931561715 ], [ -70.690039302164919, 41.734959512595218 ], [ -70.690077537905012, 41.734998559902436 ], [ -70.690408258180398, 41.73541233191763 ], [ -70.690726900027798, 41.735657702493278 ], [ -70.690872023771902, 41.73578519999576 ], [ -70.691075812349453, 41.736087867355465 ], [ -70.690328968682465, 41.735917715942684 ], [ -70.689715209710343, 41.735949145336271 ], [ -70.689137278845024, 41.736219117791435 ], [ -70.688873608165181, 41.736235829438634 ], [ -70.688777679437976, 41.736241908933351 ], [ -70.688443650909846, 41.736263079500212 ], [ -70.688435728729644, 41.736263581282678 ], [ -70.688427723531944, 41.73626408877567 ], [ -70.688118285757113, 41.736414684816843 ], [ -70.687944212159138, 41.736519562821748 ], [ -70.687818712641558, 41.736515601062081 ], [ -70.687516171828463, 41.736674077179828 ], [ -70.687418517921941, 41.73679087245646 ], [ -70.687392754297562, 41.736825562569329 ], [ -70.687380609367622, 41.736841915248412 ], [ -70.6873201288941, 41.73705520233618 ], [ -70.687278232110572, 41.737114984644109 ], [ -70.687263023382016, 41.737136686279456 ], [ -70.687222656243932, 41.737137456128785 ], [ -70.687095375651253, 41.737139884451629 ], [ -70.686826751896263, 41.737158074092036 ], [ -70.686642370587904, 41.737148908581013 ], [ -70.68647082548263, 41.737193835451421 ], [ -70.686350957938615, 41.737311150928612 ], [ -70.686217955301572, 41.737385834322176 ], [ -70.686094680936563, 41.737487516902505 ], [ -70.685939051186836, 41.737615887963862 ], [ -70.685914917361131, 41.737635794167346 ], [ -70.685921872973026, 41.737790590575706 ], [ -70.685980284645282, 41.737896130639129 ], [ -70.686126250178376, 41.73804478051936 ], [ -70.686150896265872, 41.738069880397177 ], [ -70.686227269926675, 41.73827514909749 ], [ -70.686218906126399, 41.738432320184366 ], [ -70.686079276623317, 41.738584232170496 ], [ -70.685955340342488, 41.738674641483861 ], [ -70.685954902290092, 41.738674961593034 ], [ -70.685872367588701, 41.738854412048717 ], [ -70.685862902726541, 41.739072531742949 ], [ -70.685979821226468, 41.739181607208046 ], [ -70.685967367924675, 41.739331061502391 ], [ -70.685974462814372, 41.739476084242362 ], [ -70.685932122638903, 41.739721472291279 ], [ -70.685830689813187, 41.739944679907723 ], [ -70.685627489439952, 41.740082787652028 ], [ -70.685549976861239, 41.740149762683579 ], [ -70.685180072374777, 41.740241212918804 ], [ -70.684974483197067, 41.740259379277056 ], [ -70.684926638441965, 41.740256136689432 ], [ -70.684732107683345, 41.74024295359186 ], [ -70.684703757428267, 41.74025939346722 ], [ -70.684609405044029, 41.740314106426425 ], [ -70.684320586559949, 41.740294141929894 ], [ -70.68428178672238, 41.740208915673378 ], [ -70.684261972866864, 41.740165394681235 ], [ -70.684086256651653, 41.740124336764765 ], [ -70.68386848802605, 41.740048991930458 ], [ -70.683642198349119, 41.740055067435065 ], [ -70.683373297923495, 41.740107304354055 ], [ -70.683059953326051, 41.740331719765102 ], [ -70.682649236372626, 41.740409067827557 ], [ -70.681997619003596, 41.740552227187855 ], [ -70.681831479970953, 41.740885856100142 ], [ -70.68188689128624, 41.740912216078257 ], [ -70.681765178844969, 41.741018996993915 ], [ -70.681683641440813, 41.74109053070827 ], [ -70.681558260032773, 41.741128468996536 ], [ -70.681437198696941, 41.741078063840568 ], [ -70.68132243110982, 41.741096129077796 ], [ -70.681169181308093, 41.741138867372094 ], [ -70.681063748661813, 41.741145294374718 ] ] ] } },
{ "type": "Feature", "properties": { "TMDL_BASIN": "Pocasset Harbor", "BBP_SYS_ID": "POCHAR", "SHED_ACRES": 2418.282, "HECTARES": 978.6478, "DELIN_YEAR": 2026 }, "geometry": { "type": "Polygon", "coordinates": [ [ [ -70.524045085824753, 41.697178403035068 ], [ -70.525152377811693, 41.696569599864844 ], [ -70.528046144038612, 41.69500703329556 ], [ -70.531241741073529, 41.693281310451709 ], [ -70.534148095930377, 41.692226270776494 ], [ -70.535697788097011, 41.691663671275464 ], [ -70.540848070284241, 41.689793690507123 ], [ -70.541133538588994, 41.689699356516321 ], [ -70.541415917993376, 41.6896060411691 ], [ -70.5417105039501, 41.689508692351481 ], [ -70.541733177932983, 41.689501199215151 ], [ -70.544282854075988, 41.688802316023001 ], [ -70.544289943117079, 41.688806373376899 ], [ -70.552966002259495, 41.686355808405168 ], [ -70.557273956049443, 41.685684387714659 ], [ -70.563623134922778, 41.684694505686998 ], [ -70.563902372032899, 41.684650961903678 ], [ -70.564348873727056, 41.684581333348412 ], [ -70.567623463845692, 41.684070627929785 ], [ -70.581821875130615, 41.684668685960233 ], [ -70.585332499691674, 41.684816283897256 ], [ -70.591871220828935, 41.68603442557216 ], [ -70.592302103570773, 41.686114682481119 ], [ -70.593222269084038, 41.686286068156164 ], [ -70.596542981224118, 41.687067927237585 ], [ -70.596877042833725, 41.687146574949168 ], [ -70.598842474552825, 41.687086521288613 ], [ -70.601004366220636, 41.687103622518975 ], [ -70.603406093499089, 41.687122572750731 ], [ -70.603646679827435, 41.687124468243354 ], [ -70.605808574058315, 41.687141478198335 ], [ -70.607725697280614, 41.687456473981328 ], [ -70.609644421879821, 41.687711798295197 ], [ -70.60992284286759, 41.687834085496021 ], [ -70.617332632946869, 41.68793647666763 ], [ -70.617380699426022, 41.687990993265878 ], [ -70.617443482548623, 41.688050595997666 ], [ -70.617512745079324, 41.688106020667789 ], [ -70.617587991566509, 41.688156872648655 ], [ -70.61766868764613, 41.688202791226516 ], [ -70.617754260066604, 41.688243447801234 ], [ -70.617784273439057, 41.688256411258088 ], [ -70.617876521358809, 41.688292434715471 ], [ -70.617972595916612, 41.688322312817519 ], [ -70.618071771053948, 41.688345821130156 ], [ -70.618173296053371, 41.688362780950868 ], [ -70.618276402670929, 41.688373064766601 ], [ -70.618380311167783, 41.688376594499971 ], [ -70.618484236291877, 41.688373343356432 ], [ -70.618587390882297, 41.688363335852387 ], [ -70.618688996692953, 41.688346646998518 ], [ -70.618788283154956, 41.688323404991138 ], [ -70.618884499500737, 41.688293783202496 ], [ -70.618986609913591, 41.688298778716614 ], [ -70.619088915070634, 41.688297138800372 ], [ -70.619190647204249, 41.688288875518275 ], [ -70.619291046273048, 41.688274050519503 ], [ -70.619389358761552, 41.688252775028175 ], [ -70.619484850918411, 41.688225208145155 ], [ -70.619576805166403, 41.688191555919403 ], [ -70.619671940879925, 41.688162296072584 ], [ -70.619763353142559, 41.688126989972233 ], [ -70.619850359622774, 41.688085901569103 ], [ -70.619932309840792, 41.68803933738068 ], [ -70.620008592388643, 41.687987645646089 ], [ -70.620078638594663, 41.687931211852309 ], [ -70.62014192616472, 41.687870456060324 ], [ -70.620168730529215, 41.687842373667181 ], [ -70.620178362981306, 41.687831807225095 ], [ -70.620700829920679, 41.687594785473678 ], [ -70.621132013748223, 41.687399171616121 ], [ -70.621262833951064, 41.687339822798549 ], [ -70.622111717827778, 41.686859318677229 ], [ -70.622418471766963, 41.68672929474689 ], [ -70.6224219317413, 41.686681470607923 ], [ -70.622537694014312, 41.686530292229065 ], [ -70.622776881901515, 41.686241917085674 ], [ -70.622977254996272, 41.685995278326608 ], [ -70.623601136491075, 41.685405983037668 ], [ -70.62403601579814, 41.684995797367137 ], [ -70.624225293886894, 41.684904263863032 ], [ -70.624387873476266, 41.684877389349218 ], [ -70.624722762732276, 41.684867505391104 ], [ -70.62479172482486, 41.684833730661232 ], [ -70.624805597283824, 41.684826936708404 ], [ -70.624816998574062, 41.684820261507305 ], [ -70.624865140470604, 41.684792072034035 ], [ -70.624883575537311, 41.684781277575489 ], [ -70.6249028727633, 41.684767868683025 ], [ -70.624938889088668, 41.684742839962645 ], [ -70.624956139321256, 41.684730852355457 ], [ -70.624979209912382, 41.684711868385364 ], [ -70.625010048022247, 41.684686492784245 ], [ -70.625022774427123, 41.684676020865602 ], [ -70.625044730472979, 41.68465456842123 ], [ -70.625076457434076, 41.684623570342254 ], [ -70.625083004664972, 41.684617173829523 ], [ -70.625097899262428, 41.684599754888104 ], [ -70.625136402722731, 41.68455472935846 ], [ -70.625217628800399, 41.684544323088502 ], [ -70.62529573444543, 41.684529516832498 ], [ -70.625309246378691, 41.684526590863285 ], [ -70.625330631026955, 41.684521960630526 ], [ -70.625356787186604, 41.68451605609183 ], [ -70.625372004675157, 41.684511904276768 ], [ -70.625627296614496, 41.684511314675532 ], [ -70.626078266394956, 41.684510271954068 ], [ -70.626895856705531, 41.684215782158368 ], [ -70.626877472623079, 41.683816604083916 ], [ -70.626869410133125, 41.683641524467618 ], [ -70.626858157885479, 41.683639779583665 ], [ -70.626785666751672, 41.682976135254421 ], [ -70.626617333864587, 41.682510674039683 ], [ -70.626591252077034, 41.68231723199473 ], [ -70.626576157055155, 41.682205279357802 ], [ -70.626504531351372, 41.682117444810331 ], [ -70.626476431241258, 41.682108966112636 ], [ -70.626335493142321, 41.681984065596161 ], [ -70.626296987809241, 41.681949942824097 ], [ -70.625862708979469, 41.681565078307038 ], [ -70.625866621809692, 41.681557718793911 ], [ -70.625851154265902, 41.681546654705009 ], [ -70.625796946500358, 41.681507882107603 ], [ -70.625581589835761, 41.681353843647273 ], [ -70.626045638271833, 41.681220930249076 ], [ -70.633514149679343, 41.679081451227951 ], [ -70.633542917918817, 41.67907320928132 ], [ -70.634593109322537, 41.678772313657859 ], [ -70.634718871842253, 41.678882741522486 ], [ -70.634694214292693, 41.67884816507997 ], [ -70.63393821539043, 41.677770373286009 ], [ -70.633102406184278, 41.676721747910058 ], [ -70.63256059904316, 41.675669402124193 ], [ -70.632379984569525, 41.674929508989756 ], [ -70.632353440057798, 41.673958515795249 ], [ -70.632240252903586, 41.672933259175259 ], [ -70.632363341130315, 41.672350532688881 ], [ -70.63236441662859, 41.672345436532403 ], [ -70.632486425913129, 41.671767806055044 ], [ -70.632769246105809, 41.671129108348268 ], [ -70.632857882058531, 41.67092893844454 ], [ -70.632904337412896, 41.670824024265613 ], [ -70.633213495857049, 41.670284404425608 ], [ -70.633315753976774, 41.670257397262162 ], [ -70.633543188763014, 41.670197330075013 ], [ -70.637035489414359, 41.669274905808663 ], [ -70.637199832542905, 41.669214353616972 ], [ -70.637201150410135, 41.669213868393811 ], [ -70.637921182145632, 41.668948571434271 ], [ -70.638322701162622, 41.668688003232681 ], [ -70.638325124006158, 41.668686431482925 ], [ -70.63920195463065, 41.668117393508986 ], [ -70.639781453191446, 41.666996280052103 ], [ -70.639759503718849, 41.665933644647566 ], [ -70.639738539448402, 41.665649477217407 ], [ -70.639753791886974, 41.665653034790033 ], [ -70.639938419316522, 41.665596981954579 ], [ -70.640117907179928, 41.665555213496852 ], [ -70.640368804815552, 41.665496827371854 ], [ -70.640708804795338, 41.665281090445546 ], [ -70.641169828633679, 41.665181164308017 ], [ -70.642092026084327, 41.664969818516262 ], [ -70.642916849570341, 41.664786296725957 ], [ -70.64329076739331, 41.664703098638284 ], [ -70.64441204709901, 41.664498977952078 ], [ -70.644674424543609, 41.664357328865833 ], [ -70.644752730563241, 41.664345278796908 ], [ -70.645013252102686, 41.664227743830835 ], [ -70.645417906937354, 41.663981411662562 ], [ -70.645553935999317, 41.663898603908379 ], [ -70.645612231101509, 41.663995751669447 ], [ -70.646124048421569, 41.664033519277496 ], [ -70.652111066694331, 41.666001214386938 ], [ -70.65281242965743, 41.666132746056441 ], [ -70.652813426469336, 41.66613645050834 ], [ -70.652862986621599, 41.666146134217527 ], [ -70.652912198265625, 41.666155749580668 ], [ -70.654024353684392, 41.666373049794096 ], [ -70.654041903475004, 41.666376478466077 ], [ -70.654058822016339, 41.666411109276126 ], [ -70.654060673922928, 41.666414900211066 ], [ -70.660634757248786, 41.679869092040121 ], [ -70.660645727344559, 41.679885028035081 ], [ -70.660680977090323, 41.679936236957815 ], [ -70.660695385076849, 41.679957168492216 ], [ -70.660714659404491, 41.679985168011214 ], [ -70.660820945415651, 41.680139572077344 ], [ -70.660824364466791, 41.680144538665765 ], [ -70.660777298237676, 41.680547433585268 ], [ -70.660744698357206, 41.680584654067744 ], [ -70.660568877164422, 41.680785389512863 ], [ -70.660493789311644, 41.680871116780651 ], [ -70.660507705296169, 41.680883336082537 ], [ -70.660520296186533, 41.680894391298587 ], [ -70.660025652509603, 41.681577128201191 ], [ -70.659228090144623, 41.682317440044066 ], [ -70.656734804031771, 41.684115085653488 ], [ -70.653341438958179, 41.685547402780919 ], [ -70.652775998277704, 41.685672063134838 ], [ -70.65233542607443, 41.685713909661146 ], [ -70.652171659062645, 41.685729463890603 ], [ -70.651015596076576, 41.68558465895147 ], [ -70.65033468834875, 41.685613341232617 ], [ -70.649666140336819, 41.685728774973349 ], [ -70.648843665545627, 41.685958979517622 ], [ -70.647982403747818, 41.686141616904827 ], [ -70.647416663294607, 41.686372045110936 ], [ -70.64664549192122, 41.686891308006153 ], [ -70.646208531724469, 41.686978069784125 ], [ -70.645488820768506, 41.687015998743881 ], [ -70.644499235845743, 41.687333268484117 ], [ -70.643689110975146, 41.687770149330007 ], [ -70.643251875760214, 41.688005934190706 ], [ -70.64210752563821, 41.688832994265724 ], [ -70.641785926788174, 41.689189039824299 ], [ -70.641644019840669, 41.689525618429542 ], [ -70.641631145331971, 41.689785511020972 ], [ -70.641335455699846, 41.690112487884115 ], [ -70.640910866035995, 41.690757006471536 ], [ -70.640810929223804, 41.690990762225468 ], [ -70.640644180651023, 41.691380786940854 ], [ -70.640627160643049, 41.691420596430291 ], [ -70.640550806624873, 41.6917155283816 ], [ -70.640549950148127, 41.691718832673907 ], [ -70.640626768901868, 41.692036240145377 ], [ -70.640844712369329, 41.692411550719022 ], [ -70.641268565183736, 41.692633096358364 ], [ -70.641588490326541, 41.692949389515967 ], [ -70.641589774278088, 41.692950658857015 ], [ -70.641550843217075, 41.693277884660596 ], [ -70.64134469138358, 41.69370120426175 ], [ -70.640688578218644, 41.694336097402655 ], [ -70.638335649350424, 41.695383588530653 ], [ -70.637024358409676, 41.695825539315422 ], [ -70.636176405228554, 41.695844429653427 ], [ -70.634685747891865, 41.695612507367478 ], [ -70.633580453565926, 41.695506179317654 ], [ -70.632938002633125, 41.695486654741003 ], [ -70.632308286712501, 41.695524624017402 ], [ -70.632169693198151, 41.695550015498981 ], [ -70.631627084436062, 41.695649423029543 ], [ -70.631387294319097, 41.695706722177384 ], [ -70.63072605112545, 41.695864728089376 ], [ -70.630304117459929, 41.695965548084132 ], [ -70.629659870473262, 41.696119484573188 ], [ -70.629131063024033, 41.696314788215567 ], [ -70.628567147337506, 41.696523054648942 ], [ -70.628025847347672, 41.696680842381454 ], [ -70.625931676741217, 41.697291255812182 ], [ -70.625276012019867, 41.697358249104035 ], [ -70.624234954128625, 41.69735755825581 ], [ -70.623741360499508, 41.697288548287723 ], [ -70.623736589380698, 41.697287881271912 ], [ -70.623097442440582, 41.696333963630074 ], [ -70.621968956297692, 41.694441681230209 ], [ -70.621798734284027, 41.694156236822842 ], [ -70.621230804726679, 41.693722673622069 ], [ -70.620515020688003, 41.693468408568528 ], [ -70.619055697523763, 41.693204446106243 ], [ -70.618236216825608, 41.69301182902619 ], [ -70.617249962509788, 41.692852867732583 ], [ -70.616178311678638, 41.692680132010601 ], [ -70.615815377024688, 41.692621630068182 ], [ -70.61447138986199, 41.692354002614252 ], [ -70.614217610756157, 41.692319323137063 ], [ -70.614112401203386, 41.692304945907274 ], [ -70.614088063819452, 41.692293116065386 ], [ -70.613815839160935, 41.69216079404859 ], [ -70.613314681159792, 41.691917190073518 ], [ -70.609824342346741, 41.69070765152636 ], [ -70.605602716538627, 41.690060537515294 ], [ -70.604693462348578, 41.689921139783031 ], [ -70.598999499090283, 41.689062319205128 ], [ -70.598305171069399, 41.688957572459124 ], [ -70.59831573520718, 41.688988276142503 ], [ -70.598347792420441, 41.689081439945568 ], [ -70.598298613014975, 41.689188254803746 ], [ -70.598249835419153, 41.689266485062781 ], [ -70.598085645494677, 41.689415269090169 ], [ -70.597938695366679, 41.689551588428841 ], [ -70.59780245200885, 41.689547653110324 ], [ -70.59728902351074, 41.689662298274783 ], [ -70.59666283162791, 41.689963406189008 ], [ -70.595324982825161, 41.690606697535479 ], [ -70.594875218915305, 41.690822789352438 ], [ -70.594758895511632, 41.69087291594483 ], [ -70.594640245294798, 41.690924045863689 ], [ -70.594260110310302, 41.691072645837643 ], [ -70.594153095529776, 41.691114478470709 ], [ -70.593896077282906, 41.691199575830368 ], [ -70.593620347904789, 41.691270152254852 ], [ -70.593327406706052, 41.691327054226512 ], [ -70.593020717301314, 41.691372552120669 ], [ -70.592735007390246, 41.691405027365228 ], [ -70.592014491822979, 41.691562048036616 ], [ -70.591552646606985, 41.691588438966491 ], [ -70.591423500399102, 41.691503662321729 ], [ -70.591006283451392, 41.691500330302873 ], [ -70.59088105195859, 41.691503232213918 ], [ -70.590201945193428, 41.69148031612113 ], [ -70.590143144565673, 41.691476499185555 ], [ -70.589742256577921, 41.691450475981021 ], [ -70.589532946538014, 41.691436888234641 ], [ -70.589207778002873, 41.691406178188487 ], [ -70.588891117943561, 41.691368331211677 ], [ -70.588584915444329, 41.691322214071263 ], [ -70.588291354818395, 41.691266456830576 ], [ -70.587903051144465, 41.691175327064251 ], [ -70.587490388105394, 41.691078479354537 ], [ -70.587450762708059, 41.691069179166213 ], [ -70.586772205660054, 41.690929539399121 ], [ -70.586297375227133, 41.690831821935156 ], [ -70.585895042179786, 41.690735517756501 ], [ -70.585464664619536, 41.690632498449801 ], [ -70.585175523822841, 41.690575016459889 ], [ -70.585064926553201, 41.690557079921746 ], [ -70.584874807314009, 41.690526245683714 ], [ -70.584564839968451, 41.690484469656084 ], [ -70.583925449857773, 41.690415753755019 ], [ -70.583160183387122, 41.690346205587822 ], [ -70.58274638360362, 41.690308596886418 ], [ -70.582298004680538, 41.690267843622678 ], [ -70.581672175118555, 41.69019101090246 ], [ -70.581372324608864, 41.690143134625281 ], [ -70.581084215779811, 41.690086713899852 ], [ -70.580635693710803, 41.689981077002592 ], [ -70.580255650824938, 41.689891566138883 ], [ -70.579110230394392, 41.68966177066374 ], [ -70.578277049758256, 41.689470695798441 ], [ -70.577986048045304, 41.68941677118324 ], [ -70.577682336482212, 41.689372179938395 ], [ -70.577644962889877, 41.689368245670003 ], [ -70.577203513438903, 41.689321775737703 ], [ -70.577049926948717, 41.689305607689555 ], [ -70.577044841466645, 41.689305072118714 ], [ -70.577015019066636, 41.689303204992065 ], [ -70.576205756213952, 41.689252523463082 ], [ -70.5760373906366, 41.689241977740288 ], [ -70.575677637283036, 41.689229334315833 ], [ -70.573254191157488, 41.68914413427467 ], [ -70.572237610312115, 41.689087115825963 ], [ -70.572216590078455, 41.689085210257971 ], [ -70.558812062415981, 41.689064567623703 ], [ -70.557700067475849, 41.68906278469769 ], [ -70.557667264194649, 41.689065239474942 ], [ -70.554302631503219, 41.689317011010239 ], [ -70.554302571368993, 41.689317015912891 ], [ -70.554302526875603, 41.689317019144724 ], [ -70.551707282041832, 41.689511149078562 ], [ -70.550402001735279, 41.689608763679722 ], [ -70.547511337639321, 41.690124848371156 ], [ -70.547511140302916, 41.690124789993668 ], [ -70.547316941368251, 41.690066998632361 ], [ -70.547232409608171, 41.690041843003279 ], [ -70.545101070535779, 41.690644892373228 ], [ -70.545100726023463, 41.690644956112379 ], [ -70.543715157744586, 41.690902526271117 ], [ -70.543029832030115, 41.691029918125714 ], [ -70.539319517632705, 41.691676718986415 ], [ -70.534979152587169, 41.692720484352478 ], [ -70.534816234076587, 41.692784255339951 ], [ -70.532491754695428, 41.693694081525663 ], [ -70.5303810477822, 41.694520172318903 ], [ -70.530332313151064, 41.694537839091808 ], [ -70.527685385551081, 41.695497341085613 ], [ -70.525543899418352, 41.696478983530383 ], [ -70.525538678934808, 41.696478938828363 ], [ -70.525149264625284, 41.696656994036658 ], [ -70.525016968164834, 41.696720228312657 ], [ -70.524993069740148, 41.696732557275297 ], [ -70.524979550548139, 41.696739100882553 ], [ -70.525044122306497, 41.696705063932399 ], [ -70.524045085824753, 41.697178403035068 ] ] ] } },
{ "type": "Feature", "properties": { "TMDL_BASIN": "Hospital Cove", "BBP_SYS_ID": "HOSPCV", "SHED_ACRES": 591.328, "HECTARES": 239.303, "DELIN_YEAR": 2026 }, "geometry": { "type": "Polygon", "coordinates": [ [ [ -70.567835810818636, 41.668046744476953 ], [ -70.571044955329199, 41.667293339983608 ], [ -70.574807424627892, 41.666478185717367 ], [ -70.577789512019663, 41.665907572150886 ], [ -70.581066385642714, 41.665448436753294 ], [ -70.583836436024711, 41.665125173295827 ], [ -70.583953085723365, 41.665111559558227 ], [ -70.587722709655651, 41.664897179886566 ], [ -70.589802208550154, 41.665071559183325 ], [ -70.590102836787082, 41.66509676623248 ], [ -70.593485230185209, 41.665123772073635 ], [ -70.595944112284755, 41.665143341885162 ], [ -70.59648677433637, 41.66514765367603 ], [ -70.602137084760756, 41.665283269959865 ], [ -70.603270138021543, 41.665386731404134 ], [ -70.603740967273339, 41.665378676696527 ], [ -70.604348875025082, 41.665368274364148 ], [ -70.604783173654852, 41.665360840700814 ], [ -70.604915313495852, 41.665372733141169 ], [ -70.605314914970904, 41.665408695683375 ], [ -70.605508022030421, 41.665420331332435 ], [ -70.605518057960523, 41.665423433801827 ], [ -70.605532130220524, 41.665425383082393 ], [ -70.60554421655165, 41.66542251310252 ], [ -70.605563842320493, 41.665423695688055 ], [ -70.605608904551346, 41.665416434425445 ], [ -70.605640845409923, 41.665421486513033 ], [ -70.605679230465043, 41.66542338833117 ], [ -70.605713168244804, 41.665438057080301 ], [ -70.605755329438196, 41.665475192459205 ], [ -70.605767885844145, 41.665492893122433 ], [ -70.605791334894846, 41.665494678380966 ], [ -70.605823453569556, 41.665486929906152 ], [ -70.605855505137214, 41.66548398093525 ], [ -70.605872241594042, 41.665508115399554 ], [ -70.605863414198637, 41.665528848886119 ], [ -70.605869456950998, 41.66555449930312 ], [ -70.605884082258854, 41.665577016256535 ], [ -70.605907530143057, 41.665578801481622 ], [ -70.605931023983629, 41.665577385235409 ], [ -70.605956718453342, 41.665571187141197 ], [ -70.605977944533507, 41.665579354942324 ], [ -70.605994746962466, 41.665598688965822 ], [ -70.60602024016066, 41.66560689029663 ], [ -70.606060806014497, 41.665605609097895 ], [ -70.606095012342436, 41.665601076979961 ], [ -70.60612472913985, 41.665612511506005 ], [ -70.606132838466792, 41.665642979088773 ], [ -70.606138904898089, 41.665667029663155 ], [ -70.606172709949078, 41.665691298211044 ], [ -70.606202471518017, 41.665699533041405 ], [ -70.60623459144648, 41.665691784459959 ], [ -70.606262418299437, 41.665685602151356 ], [ -70.60627733322805, 41.665687319353722 ], [ -70.606289889820019, 41.66570501995929 ], [ -70.606290662401292, 41.665731882303461 ], [ -70.606314891224443, 41.665748422155545 ], [ -70.606342406296008, 41.665764640265905 ], [ -70.606370056729531, 41.665771257551995 ], [ -70.606378189747559, 41.665800125288897 ], [ -70.606407704287463, 41.665825960071842 ], [ -70.606411704349853, 41.665845193456974 ], [ -70.606404945986284, 41.665870743278568 ], [ -70.606391717458465, 41.66590104321039 ], [ -70.606395763427599, 41.665917076929993 ], [ -70.606403650673442, 41.665930105573196 ], [ -70.606403068959096, 41.6659310032055 ], [ -70.606371547383162, 41.665984782356304 ], [ -70.606323140960129, 41.666038426140446 ], [ -70.606301838035179, 41.666073468066863 ], [ -70.606298664529419, 41.666074744213198 ], [ -70.606267475244465, 41.666087289361627 ], [ -70.606243958879773, 41.66609030461472 ], [ -70.606228441347582, 41.666131787536962 ], [ -70.606202277097736, 41.666171586785673 ], [ -70.606172045724449, 41.666196952148148 ], [ -70.606152506950792, 41.666220801513646 ], [ -70.606151670887343, 41.666231993236671 ], [ -70.606149880221437, 41.66625598476864 ], [ -70.606127648785858, 41.666319817807583 ], [ -70.606093104237218, 41.66634834928211 ], [ -70.606030015598336, 41.666434264102691 ], [ -70.605980289854486, 41.666480278179527 ], [ -70.605926099698706, 41.666514164752684 ], [ -70.605922162698562, 41.666516626118806 ], [ -70.605851007891772, 41.666568872657479 ], [ -70.60577406829205, 41.666616340265435 ], [ -70.606213039027395, 41.666670086770367 ], [ -70.606479251353662, 41.666702680231246 ], [ -70.606540270155421, 41.666710150246054 ], [ -70.606581576708578, 41.666715207197214 ], [ -70.607259022787133, 41.666798146037571 ], [ -70.61013258811596, 41.666839566338012 ], [ -70.614646840878279, 41.666742460148122 ], [ -70.618127250493529, 41.666656068343997 ], [ -70.620996141298122, 41.667037461573102 ], [ -70.622207737160451, 41.666933389904791 ], [ -70.622612119808181, 41.666860891496547 ], [ -70.623511297201304, 41.666961611018792 ], [ -70.623518351900259, 41.666962401004419 ], [ -70.623876201110818, 41.666605969524895 ], [ -70.623905812284832, 41.666284819797269 ], [ -70.62375999600539, 41.665886701464792 ], [ -70.623747288112796, 41.665342173388503 ], [ -70.623744110361429, 41.665206012999761 ], [ -70.623846497675856, 41.665093374772404 ], [ -70.624055657144922, 41.665009200108997 ], [ -70.624353512970885, 41.664889328166836 ], [ -70.624658859372701, 41.664683728440714 ], [ -70.624699852241378, 41.664600367976973 ], [ -70.624774831923659, 41.664447900445843 ], [ -70.624788522047936, 41.66442006188867 ], [ -70.624841423775266, 41.66440224394362 ], [ -70.624987655477995, 41.664352993414724 ], [ -70.625117777900741, 41.664309167055414 ], [ -70.625729804533961, 41.664295520942872 ], [ -70.625748238106226, 41.664295109780987 ], [ -70.625931122643919, 41.66426231543079 ], [ -70.626354783088502, 41.664186343215434 ], [ -70.626475071404698, 41.664118418027499 ], [ -70.626514903955808, 41.664076472687704 ], [ -70.626579247703049, 41.664020166902432 ], [ -70.626790964284623, 41.663849223719723 ], [ -70.626838681703603, 41.663812822232124 ], [ -70.626970169618119, 41.663718045260232 ], [ -70.626981418160241, 41.663710040609423 ], [ -70.626992090171797, 41.663703192147153 ], [ -70.627070154427969, 41.663492365842259 ], [ -70.627040233031593, 41.663386285274491 ], [ -70.627022060366258, 41.663321855496733 ], [ -70.627131402528789, 41.66317776098699 ], [ -70.627150420722657, 41.663152699356019 ], [ -70.627063122345788, 41.662896719408749 ], [ -70.627068141614728, 41.6628194586578 ], [ -70.627076194956331, 41.662695492273784 ], [ -70.627128121314954, 41.662619569337231 ], [ -70.627168201456797, 41.662560964691586 ], [ -70.627232536073649, 41.662466896639927 ], [ -70.627250640723702, 41.662460280765131 ], [ -70.627534282064033, 41.66235663830421 ], [ -70.627571310599478, 41.66234310750508 ], [ -70.627660207908363, 41.662332461415858 ], [ -70.628292625648768, 41.662256719764805 ], [ -70.628309102903017, 41.662283689642251 ], [ -70.628398696314918, 41.662430329121541 ], [ -70.628412527502419, 41.662452964894513 ], [ -70.628465052537919, 41.662533795521142 ], [ -70.629711935864592, 41.662991332686012 ], [ -70.629776208135993, 41.663014916070061 ], [ -70.629900933186178, 41.663131377922717 ], [ -70.62999776692341, 41.663221795658941 ], [ -70.630052533167643, 41.663272934013094 ], [ -70.630118451980849, 41.663334485208054 ], [ -70.63039654407028, 41.663594150031109 ], [ -70.630641875464875, 41.66366013649278 ], [ -70.631495738293012, 41.663889792676649 ], [ -70.633297371050389, 41.664363126253043 ], [ -70.634917198084821, 41.664685681447772 ], [ -70.635398042625951, 41.664602132977087 ], [ -70.63539926717209, 41.664623289939833 ], [ -70.63562907405867, 41.664612012250487 ], [ -70.636129094619236, 41.664587472655505 ], [ -70.63622228948411, 41.664582898674908 ], [ -70.636223337238988, 41.664582847205217 ], [ -70.636573790522974, 41.664565646103497 ], [ -70.637071973194026, 41.664541191963878 ], [ -70.637378393908548, 41.664543516207033 ], [ -70.637797970281014, 41.664670805576449 ], [ -70.637805678846178, 41.664673143815634 ], [ -70.63787799767637, 41.664704709782335 ], [ -70.638582563928068, 41.665012233031561 ], [ -70.638887285458907, 41.665140928279392 ], [ -70.639009016113746, 41.66528761788792 ], [ -70.639098378422347, 41.665395301155669 ], [ -70.6392351870456, 41.665476764558754 ], [ -70.639448293264635, 41.665581785001358 ], [ -70.639738539448402, 41.665649477217407 ], [ -70.639759503718849, 41.665933644647566 ], [ -70.639781453191446, 41.666996280052103 ], [ -70.63920195463065, 41.668117393508986 ], [ -70.638325124006158, 41.668686431482925 ], [ -70.638322807771331, 41.668687933809188 ], [ -70.638322701162622, 41.668688003232681 ], [ -70.637921182145632, 41.668948571434271 ], [ -70.637201150410135, 41.669213868393811 ], [ -70.637199832542905, 41.669214353616972 ], [ -70.637035489414359, 41.669274905808663 ], [ -70.633543188763014, 41.670197330075013 ], [ -70.633315753976774, 41.670257397262162 ], [ -70.633213495857049, 41.670284404425608 ], [ -70.632904337412896, 41.670824024265613 ], [ -70.632857882058531, 41.67092893844454 ], [ -70.632769246105809, 41.671129108348268 ], [ -70.632486425913129, 41.671767806055044 ], [ -70.63236441662859, 41.672345436532403 ], [ -70.632043915749193, 41.672339176650404 ], [ -70.631884105939292, 41.672336055585745 ], [ -70.631695987564726, 41.672332381476714 ], [ -70.631298398502594, 41.672324614461125 ], [ -70.629018570231025, 41.672280050402854 ], [ -70.626486413108481, 41.672230500540941 ], [ -70.626366609591443, 41.672228154318645 ], [ -70.626028077156946, 41.67222152560673 ], [ -70.625860293689655, 41.672218239374033 ], [ -70.625637907857026, 41.672213884040204 ], [ -70.625591074436826, 41.672212966717488 ], [ -70.625337233456349, 41.672207994445053 ], [ -70.625239613875564, 41.672208485482642 ], [ -70.625180687543931, 41.672131269705858 ], [ -70.625143442842599, 41.672066660557896 ], [ -70.625115777610375, 41.671998552285984 ], [ -70.625083505614597, 41.671905704320295 ], [ -70.625009091949579, 41.671644864352402 ], [ -70.625029446890352, 41.671570796496113 ], [ -70.625017144638122, 41.671543963614084 ], [ -70.625028272294543, 41.671372178278716 ], [ -70.625110639599527, 41.671289595075478 ], [ -70.62512751776579, 41.671272672218784 ], [ -70.62511729447418, 41.671190960690609 ], [ -70.625133252622291, 41.67106958533693 ], [ -70.625133014066094, 41.67106402443688 ], [ -70.625128935913807, 41.670968602968181 ], [ -70.625118237381045, 41.670882220114329 ], [ -70.625068602893052, 41.670784427771643 ], [ -70.625026015192219, 41.670669877351237 ], [ -70.624950978698564, 41.67057175540841 ], [ -70.624861233239542, 41.670461154172393 ], [ -70.624805024999475, 41.670355268768425 ], [ -70.624702843128404, 41.670212088012413 ], [ -70.624527665857713, 41.669997436249673 ], [ -70.624341389127352, 41.669797161882698 ], [ -70.624242097272401, 41.669732989583508 ], [ -70.624201621128265, 41.669576912462809 ], [ -70.624000504064014, 41.669182282786011 ], [ -70.623789245053516, 41.668948380559087 ], [ -70.623592239617324, 41.668833702497103 ], [ -70.623315977226596, 41.668706502803296 ], [ -70.623007863582941, 41.668585012115102 ], [ -70.622691482888868, 41.668487279597365 ], [ -70.622477697901132, 41.668437985044292 ], [ -70.622251483998156, 41.668390050128309 ], [ -70.621289318511543, 41.6682144026895 ], [ -70.620782167786288, 41.66812710329291 ], [ -70.62032193326867, 41.668093766158051 ], [ -70.619333126756572, 41.668003631256518 ], [ -70.619128490993617, 41.667964563124151 ], [ -70.618737325118957, 41.667892691441715 ], [ -70.618327856319837, 41.667834124020366 ], [ -70.617899519951592, 41.667789212843921 ], [ -70.617001854681362, 41.667728668096792 ], [ -70.615593129486811, 41.667680773430504 ], [ -70.613177331163442, 41.667643624804754 ], [ -70.610755557979402, 41.667627065756662 ], [ -70.609805937217459, 41.667634992684285 ], [ -70.609340788536841, 41.667646195569205 ], [ -70.608885249107502, 41.667664688547134 ], [ -70.608442551062765, 41.667692992979568 ], [ -70.608016812640514, 41.66773432242892 ], [ -70.607613236655524, 41.667792730092202 ], [ -70.607286588328549, 41.667862913160207 ], [ -70.607278326621412, 41.667863088729554 ], [ -70.606938720978974, 41.667848287378554 ], [ -70.606626623595076, 41.667805312303805 ], [ -70.606356874885478, 41.667730703023381 ], [ -70.606154578768638, 41.667623388438685 ], [ -70.606146839248524, 41.667619282118046 ], [ -70.606105385803559, 41.667584401662779 ], [ -70.606080857801743, 41.667553824862985 ], [ -70.606069436242592, 41.667589691736559 ], [ -70.602551433839764, 41.668107271087642 ], [ -70.600766073454636, 41.667932850290242 ], [ -70.600227669729207, 41.66783295657855 ], [ -70.599296446357698, 41.667778017622581 ], [ -70.59839340852055, 41.667740230104116 ], [ -70.596500270521631, 41.66768843749977 ], [ -70.593308937130104, 41.667640272487198 ], [ -70.592985789644288, 41.667633466168184 ], [ -70.591981494624633, 41.667612306988765 ], [ -70.584431900731261, 41.667452966703387 ], [ -70.581068557228335, 41.667609596517643 ], [ -70.57744101514588, 41.667994758297823 ], [ -70.57453609685858, 41.66850003762174 ], [ -70.569259007657664, 41.669571911719814 ], [ -70.567603527152727, 41.670015761449633 ], [ -70.5641144561652, 41.671345037278805 ], [ -70.560040975896257, 41.67351272509876 ], [ -70.557483746920269, 41.674978141461118 ], [ -70.555071276414509, 41.67631605805326 ], [ -70.549705228304518, 41.67945892375446 ], [ -70.544887347953477, 41.682248793172576 ], [ -70.535592236223394, 41.687916582786777 ], [ -70.535130420194861, 41.688209649673375 ], [ -70.53475916314936, 41.688281239419325 ], [ -70.534722568340428, 41.688266184780495 ], [ -70.534583661426936, 41.68820608623043 ], [ -70.537570907300463, 41.686274236060228 ], [ -70.538175623352544, 41.685831049287913 ], [ -70.540971594765679, 41.683781805510833 ], [ -70.552567459567456, 41.676166943030879 ], [ -70.554868892775986, 41.674655512635013 ], [ -70.555308210444124, 41.674366993893287 ], [ -70.556726846171713, 41.673538904620322 ], [ -70.559886955934076, 41.67169413648093 ], [ -70.561025918717419, 41.671163796499158 ], [ -70.565207133731107, 41.669216841194256 ], [ -70.567226676256283, 41.668228330520598 ], [ -70.567378171878403, 41.668154174517831 ], [ -70.567835810818636, 41.668046744476953 ] ] ] } },
{ "type": "Feature", "properties": { "TMDL_BASIN": "Hen Cove", "BBP_SYS_ID": "HENCOV", "SHED_ACRES": 948.764, "HECTARES": 383.9526, "DELIN_YEAR": 2026 }, "geometry": { "type": "Polygon", "coordinates": [ [ [ -70.537458238468858, 41.689136468475162 ], [ -70.547215292944983, 41.685455656750577 ], [ -70.550580361835387, 41.684589651857877 ], [ -70.550999470084776, 41.684481785861976 ], [ -70.551173465177314, 41.684384420843493 ], [ -70.551553622315254, 41.684184286497093 ], [ -70.551829786624765, 41.684038897994299 ], [ -70.553334329107997, 41.683521225724142 ], [ -70.554542762631655, 41.683205238173414 ], [ -70.555443254719705, 41.682922349656693 ], [ -70.555533601910525, 41.68288904717302 ], [ -70.5565333779643, 41.682554971218813 ], [ -70.557498858768739, 41.682197624093277 ], [ -70.558859146318923, 41.681779931530748 ], [ -70.559889819034026, 41.681475898897752 ], [ -70.560883310172514, 41.681143941848759 ], [ -70.561232181222209, 41.681046938892081 ], [ -70.562324057233667, 41.680790757049159 ], [ -70.562705958525669, 41.680719141355823 ], [ -70.563102089081696, 41.680658436532262 ], [ -70.564314200198055, 41.680494499910154 ], [ -70.56547752957546, 41.680293101646548 ], [ -70.566657320493732, 41.680104118931808 ], [ -70.567066792794222, 41.68005347370503 ], [ -70.567493724328074, 41.680016160153656 ], [ -70.568385841310217, 41.679970668886028 ], [ -70.569311700970573, 41.679950729147301 ], [ -70.570257276413415, 41.679945495348271 ], [ -70.57217668383862, 41.679955048931561 ], [ -70.576047694951058, 41.679992076395493 ], [ -70.577499830412322, 41.680009542457611 ], [ -70.578944686482856, 41.680036035937491 ], [ -70.580366531819607, 41.680084871184121 ], [ -70.581285321186925, 41.680142072963854 ], [ -70.581729700910813, 41.68018241855566 ], [ -70.582159963135879, 41.680233278687048 ], [ -70.583000679265396, 41.680348064935025 ], [ -70.583429551599835, 41.68039690834852 ], [ -70.584698212507448, 41.680530040365468 ], [ -70.585469459279139, 41.680624637714587 ], [ -70.585836460732978, 41.680657964953674 ], [ -70.586189770677137, 41.68067395992184 ], [ -70.586516770700513, 41.680672770848822 ], [ -70.586802729428797, 41.680653644039147 ], [ -70.591209607700989, 41.681696759299825 ], [ -70.591733886448367, 41.681756669936853 ], [ -70.594441197236435, 41.682066003406362 ], [ -70.596124281488741, 41.682150856260336 ], [ -70.597903703368175, 41.68216497863061 ], [ -70.598825861603473, 41.682124640708416 ], [ -70.600383861777843, 41.682065500892243 ], [ -70.601370907131638, 41.681930361382385 ], [ -70.604173142462102, 41.681523642456582 ], [ -70.605609181066527, 41.681493547000386 ], [ -70.606652600626688, 41.681471668461455 ], [ -70.607971798279834, 41.681411424819416 ], [ -70.607988152952302, 41.681410677853414 ], [ -70.609453788166761, 41.681136280992789 ], [ -70.612666695111784, 41.680899329554144 ], [ -70.614575824574956, 41.680723617918119 ], [ -70.616930775523514, 41.680479866245498 ], [ -70.618398761436012, 41.680411554543646 ], [ -70.619152217709015, 41.679996984694547 ], [ -70.619616462870383, 41.679735267107006 ], [ -70.619641569723086, 41.679723909254662 ], [ -70.619715605944236, 41.679684017248441 ], [ -70.619852726462966, 41.679604098847406 ], [ -70.619872318309802, 41.679591587186998 ], [ -70.619887125473781, 41.679588218085776 ], [ -70.619897639237138, 41.679585785501047 ], [ -70.619998916163283, 41.679558181096517 ], [ -70.620096485056933, 41.67952388046487 ], [ -70.620189558984919, 41.679483162056634 ], [ -70.620199175532591, 41.67947846070178 ], [ -70.620287481597714, 41.679434833069195 ], [ -70.620348593935162, 41.679404106738559 ], [ -70.620405933829574, 41.679369533515214 ], [ -70.620459071350268, 41.679331372097572 ], [ -70.620480591108262, 41.6793189148556 ], [ -70.62048062863353, 41.679318893536191 ], [ -70.620517966044673, 41.679297702234123 ], [ -70.620522739524318, 41.679294517504061 ], [ -70.620588922000977, 41.679250370164233 ], [ -70.620642061034374, 41.679211996179987 ], [ -70.620862179943444, 41.679151408553516 ], [ -70.620902779155003, 41.679151706058754 ], [ -70.620904036502239, 41.679151715774125 ], [ -70.62100544626648, 41.679152458790895 ], [ -70.622178328494329, 41.679161052500348 ], [ -70.622189058643841, 41.679161130788124 ], [ -70.622227625092421, 41.6791860587727 ], [ -70.622259127309761, 41.679206421242299 ], [ -70.622264692767146, 41.679210018056324 ], [ -70.622323513959245, 41.679248038309126 ], [ -70.625581589835761, 41.681353843647308 ], [ -70.625796946500259, 41.681507882107638 ], [ -70.625851154265717, 41.681546654705052 ], [ -70.625866621809607, 41.681557718793947 ], [ -70.625862708979469, 41.681565078307038 ], [ -70.626296987809241, 41.681949942824097 ], [ -70.626335493142221, 41.681984065596168 ], [ -70.626476431241173, 41.682108966112672 ], [ -70.626504531351273, 41.682117444810352 ], [ -70.626576157055155, 41.682205279357802 ], [ -70.626591252076935, 41.682317231994752 ], [ -70.626617333864502, 41.682510674039669 ], [ -70.626785666751672, 41.682976135254435 ], [ -70.626877472622894, 41.683816604083944 ], [ -70.626895856705531, 41.684215782158383 ], [ -70.626672436323716, 41.684286132733725 ], [ -70.626078266394856, 41.684510271954117 ], [ -70.625372004675157, 41.684511904276768 ], [ -70.625356787186519, 41.684516056091873 ], [ -70.625330631026955, 41.684521960630548 ], [ -70.625309246378691, 41.684526590863314 ], [ -70.625295734445345, 41.684529516832519 ], [ -70.625217628800399, 41.684544323088502 ], [ -70.625136402735052, 41.684554728458188 ], [ -70.625083004664972, 41.684617173829587 ], [ -70.625022774427023, 41.684676020865673 ], [ -70.624956139321256, 41.684730852355457 ], [ -70.624883575537311, 41.684781277575489 ], [ -70.62480559728364, 41.684826936708404 ], [ -70.624722762732191, 41.684867505391139 ], [ -70.624387873476181, 41.684877389349218 ], [ -70.624225293886795, 41.684904263863032 ], [ -70.62403601579804, 41.684995797367122 ], [ -70.62360113649099, 41.685405983037725 ], [ -70.622977254996101, 41.685995278326637 ], [ -70.622776881901515, 41.686241917085709 ], [ -70.622537694014227, 41.686530292229058 ], [ -70.622421931741201, 41.686681470607965 ], [ -70.622418471766863, 41.68672929474689 ], [ -70.622111717827778, 41.686859318677264 ], [ -70.621262833950979, 41.687339822798585 ], [ -70.621132013748039, 41.687399171616157 ], [ -70.62070082992058, 41.687594785473699 ], [ -70.620178362981122, 41.687831807225095 ], [ -70.620168730529031, 41.687842373667209 ], [ -70.620141926164635, 41.687870456060345 ], [ -70.620078638594563, 41.687931211852295 ], [ -70.620008592388558, 41.68798764564611 ], [ -70.619932309840777, 41.688039337380715 ], [ -70.619850359622774, 41.688085901569103 ], [ -70.619763353142559, 41.688126989972325 ], [ -70.619671940879925, 41.688162296072584 ], [ -70.619576805166304, 41.688191555919403 ], [ -70.619484850918411, 41.688225208145184 ], [ -70.619389358761552, 41.688252775028204 ], [ -70.619291046272949, 41.68827405051951 ], [ -70.619190647204164, 41.688288875518303 ], [ -70.619088915070634, 41.688297138800372 ], [ -70.618986609913506, 41.688298778716614 ], [ -70.618884499500737, 41.688293783202496 ], [ -70.618788283154856, 41.688323404991138 ], [ -70.618688996692953, 41.688346646998518 ], [ -70.618587390882212, 41.688363335852422 ], [ -70.618484236291877, 41.688373343356467 ], [ -70.618380311167783, 41.688376594499992 ], [ -70.618276402670929, 41.688373064766601 ], [ -70.618173296053186, 41.688362780950868 ], [ -70.618071771053863, 41.688345821130177 ], [ -70.617972595916527, 41.688322312817519 ], [ -70.617876521358809, 41.688292434715471 ], [ -70.617784273439057, 41.688256411258088 ], [ -70.617754260066604, 41.68824344780127 ], [ -70.617668687646045, 41.688202791226516 ], [ -70.617587991566509, 41.68815687264869 ], [ -70.617512745079239, 41.688106020667789 ], [ -70.617443482548538, 41.688050595997716 ], [ -70.617380699425937, 41.687990993265878 ], [ -70.617332632946869, 41.68793647666763 ], [ -70.609922842867505, 41.687834085496021 ], [ -70.609644421879636, 41.68771179829519 ], [ -70.607725697280614, 41.687456473981328 ], [ -70.605808574058315, 41.687141478198335 ], [ -70.60364667982752, 41.687124468243354 ], [ -70.603406093499089, 41.687122572750731 ], [ -70.60100436622055, 41.687103622518975 ], [ -70.59884247455274, 41.687086521288613 ], [ -70.59687704283364, 41.687146574949168 ], [ -70.596542981224118, 41.687067927237585 ], [ -70.593222269084038, 41.686286068156171 ], [ -70.592302103570688, 41.686114682481168 ], [ -70.591871220828835, 41.68603442557216 ], [ -70.585332499691575, 41.684816283897291 ], [ -70.581821875130615, 41.684668685960276 ], [ -70.567623463845521, 41.684070627929827 ], [ -70.564348873727056, 41.684581333348454 ], [ -70.563902372032899, 41.684650961903678 ], [ -70.563623134922608, 41.684694505687034 ], [ -70.557273956049528, 41.685684387714659 ], [ -70.552966002259495, 41.686355808405168 ], [ -70.544289943116993, 41.688806373376934 ], [ -70.544282854075902, 41.688802316023001 ], [ -70.541733177932983, 41.689501199215151 ], [ -70.5417105039501, 41.689508692351481 ], [ -70.541415917993291, 41.6896060411691 ], [ -70.541133538588994, 41.689699356516321 ], [ -70.540848070284142, 41.689793690507152 ], [ -70.535697788097011, 41.691663671275499 ], [ -70.534148095930291, 41.692226270776516 ], [ -70.531241741073529, 41.693281310451709 ], [ -70.528046144038612, 41.695007033295589 ], [ -70.525152377811693, 41.696569599864873 ], [ -70.524045085824582, 41.697178403035068 ], [ -70.523727493531709, 41.697326916412692 ], [ -70.529907776653189, 41.692965622284774 ], [ -70.535698812273026, 41.690028832205883 ], [ -70.537458238468858, 41.689136468475162 ] ] ] } },
{ "type": "Feature", "properties": { "TMDL_BASIN": "Red Brook Harbor", "BBP_SYS_ID": "RDBRHR", "SHED_ACRES": 2294.145, "HECTARES": 928.4112, "DELIN_YEAR": 2026 }, "geometry": { "type": "MultiPolygon", "coordinates": [ [ [ [ -70.534683973549321, 41.688141259619705 ], [ -70.534811825356158, 41.688057994741214 ], [ -70.537570334233109, 41.686261395882021 ], [ -70.540054376133213, 41.684439488982655 ], [ -70.540326691002576, 41.684239751523592 ], [ -70.540377184598043, 41.684204214174549 ], [ -70.540971019823346, 41.683768966239363 ], [ -70.546320952319817, 41.680256103378511 ], [ -70.548115645205513, 41.67899820826392 ], [ -70.549122900342951, 41.678416038440915 ], [ -70.549290744119688, 41.678319027474764 ], [ -70.540971594765679, 41.683781805510833 ], [ -70.538175623352544, 41.685831049287913 ], [ -70.537570907300463, 41.686274236060228 ], [ -70.534683973549321, 41.688141259619705 ] ] ], [ [ [ -70.534683973549321, 41.688141259619705 ], [ -70.534584115972621, 41.688206292679105 ], [ -70.534583692301069, 41.688206109903057 ], [ -70.534683973549321, 41.688141259619705 ] ] ], [ [ [ -70.53320308154882, 41.689105682384259 ], [ -70.534584115972621, 41.688206292679105 ], [ -70.534722568340428, 41.688266184780495 ], [ -70.53475916314936, 41.688281239419325 ], [ -70.535130420194861, 41.688209649673375 ], [ -70.535592236223394, 41.687916582786777 ], [ -70.544887347953477, 41.682248793172576 ], [ -70.549705228304518, 41.67945892375446 ], [ -70.555071276414509, 41.67631605805326 ], [ -70.557483746920269, 41.674978141461118 ], [ -70.560040975896257, 41.67351272509876 ], [ -70.5641144561652, 41.671345037278805 ], [ -70.567603527152727, 41.670015761449633 ], [ -70.569259007657664, 41.669571911719814 ], [ -70.57453609685858, 41.66850003762174 ], [ -70.57744101514588, 41.667994758297823 ], [ -70.581068557228335, 41.667609596517643 ], [ -70.584431900731261, 41.667452966703387 ], [ -70.591981494624633, 41.667612306988765 ], [ -70.592985789644288, 41.667633466168184 ], [ -70.593308937130104, 41.667640272487198 ], [ -70.596500270521631, 41.66768843749977 ], [ -70.59839340852055, 41.667740230104116 ], [ -70.599296446357698, 41.667778017622581 ], [ -70.600227669729207, 41.66783295657855 ], [ -70.600766073454636, 41.667932850290242 ], [ -70.602551433839764, 41.668107271087642 ], [ -70.606069436242592, 41.667589691736559 ], [ -70.606080857801743, 41.667553824862985 ], [ -70.606105385803559, 41.667584401662779 ], [ -70.606146839248524, 41.667619282118046 ], [ -70.606154578768638, 41.667623388438685 ], [ -70.606356874885478, 41.667730703023381 ], [ -70.606626623595076, 41.667805312303805 ], [ -70.606938720978974, 41.667848287378554 ], [ -70.607278326621412, 41.667863088729554 ], [ -70.607286588328549, 41.667862913160207 ], [ -70.607613236655524, 41.667792730092202 ], [ -70.608016812640514, 41.66773432242892 ], [ -70.608442551062765, 41.667692992979568 ], [ -70.608885249107502, 41.667664688547134 ], [ -70.609340788536841, 41.667646195569205 ], [ -70.609805937217459, 41.667634992684285 ], [ -70.610755557979402, 41.667627065756662 ], [ -70.613177331163442, 41.667643624804754 ], [ -70.615593129486811, 41.667680773430504 ], [ -70.617001854681362, 41.667728668096792 ], [ -70.617899519951592, 41.667789212843921 ], [ -70.618327856319837, 41.667834124020366 ], [ -70.618737325118957, 41.667892691441715 ], [ -70.619128490993617, 41.667964563124151 ], [ -70.619333126756572, 41.668003631256518 ], [ -70.62032193326867, 41.668093766158051 ], [ -70.620782167786288, 41.66812710329291 ], [ -70.621289318511543, 41.6682144026895 ], [ -70.622251483998156, 41.668390050128309 ], [ -70.622477697901132, 41.668437985044292 ], [ -70.622691482888868, 41.668487279597365 ], [ -70.623007863582941, 41.668585012115102 ], [ -70.623315977226596, 41.668706502803296 ], [ -70.623592239617324, 41.668833702497103 ], [ -70.623789245053516, 41.668948380559087 ], [ -70.624000504064014, 41.669182282786011 ], [ -70.624201621128265, 41.669576912462809 ], [ -70.624242097272401, 41.669732989583508 ], [ -70.624341389127352, 41.669797161882698 ], [ -70.624527665857713, 41.669997436249673 ], [ -70.624702843128404, 41.670212088012413 ], [ -70.624805024999475, 41.670355268768425 ], [ -70.624861233239542, 41.670461154172393 ], [ -70.624950978698564, 41.67057175540841 ], [ -70.625026015192219, 41.670669877351237 ], [ -70.625068602893052, 41.670784427771643 ], [ -70.625118237381045, 41.670882220114329 ], [ -70.625128935913807, 41.670968602968181 ], [ -70.625133014066094, 41.67106402443688 ], [ -70.625133252622291, 41.67106958533693 ], [ -70.62511729447418, 41.671190960690609 ], [ -70.62512751776579, 41.671272672218784 ], [ -70.625110639599527, 41.671289595075478 ], [ -70.625028272294543, 41.671372178278716 ], [ -70.625017144638122, 41.671543963614084 ], [ -70.625029446890352, 41.671570796496113 ], [ -70.625009091949579, 41.671644864352402 ], [ -70.625083505614597, 41.671905704320295 ], [ -70.625115777610375, 41.671998552285984 ], [ -70.625143442842599, 41.672066660557896 ], [ -70.625180687543931, 41.672131269705858 ], [ -70.625239613875564, 41.672208485482642 ], [ -70.625337233456349, 41.672207994445053 ], [ -70.625591074436826, 41.672212966717488 ], [ -70.625637907857026, 41.672213884040204 ], [ -70.625860293689655, 41.672218239374033 ], [ -70.626028077156946, 41.67222152560673 ], [ -70.626366609591443, 41.672228154318645 ], [ -70.626486413108481, 41.672230500540941 ], [ -70.629018570231025, 41.672280050402854 ], [ -70.631298398502594, 41.672324614461125 ], [ -70.631695987564726, 41.672332381476714 ], [ -70.631884105939292, 41.672336055585745 ], [ -70.632043915749193, 41.672339176650404 ], [ -70.63236441662859, 41.672345436532403 ], [ -70.632363341130315, 41.672350532688881 ], [ -70.632240252903586, 41.672933259175259 ], [ -70.632353440057798, 41.673958515795249 ], [ -70.632379984569525, 41.674929508989756 ], [ -70.63256059904316, 41.675669402124193 ], [ -70.633102406184278, 41.676721747910058 ], [ -70.63393821539043, 41.677770373286009 ], [ -70.634694214292693, 41.67884816507997 ], [ -70.634718871842253, 41.678882741522486 ], [ -70.634593109322537, 41.678772313657859 ], [ -70.633542917918817, 41.67907320928132 ], [ -70.633514149679343, 41.679081451227951 ], [ -70.626045638271833, 41.681220930249076 ], [ -70.625581589835761, 41.681353843647273 ], [ -70.622323513959245, 41.67924803830909 ], [ -70.622264692767232, 41.679210018056303 ], [ -70.622259127309761, 41.679206421242334 ], [ -70.62222762509252, 41.679186058772636 ], [ -70.62218905864394, 41.679161130788081 ], [ -70.622178328494414, 41.679161052500348 ], [ -70.62100544626648, 41.679152458790867 ], [ -70.620904036502338, 41.679151715774125 ], [ -70.620902779142625, 41.679151706959075 ], [ -70.620862179943444, 41.679151408553494 ], [ -70.620642061034559, 41.679211996179951 ], [ -70.620588922001076, 41.679250370164205 ], [ -70.620522739524318, 41.67929451750404 ], [ -70.620517966044758, 41.679297702234123 ], [ -70.620480628633615, 41.679318893536113 ], [ -70.620480591108262, 41.6793189148556 ], [ -70.620459071350268, 41.679331372097536 ], [ -70.620405933829574, 41.679369533515214 ], [ -70.620348593935347, 41.679404106738524 ], [ -70.620287481597813, 41.679434833069152 ], [ -70.620199175532591, 41.67947846070178 ], [ -70.620189558984919, 41.679483162056606 ], [ -70.620096485056933, 41.67952388046487 ], [ -70.619998916163368, 41.679558181096517 ], [ -70.619897639237223, 41.679585785501018 ], [ -70.619887125473866, 41.679588218085748 ], [ -70.619872318309973, 41.679591587186906 ], [ -70.619852726462966, 41.679604098847378 ], [ -70.619715605944322, 41.679684017248405 ], [ -70.619641569723186, 41.679723909254626 ], [ -70.619616462870482, 41.679735267107006 ], [ -70.619152217709015, 41.679996984694505 ], [ -70.618398761436183, 41.680411554543646 ], [ -70.616930775523514, 41.680479866245527 ], [ -70.614575824574871, 41.680723617918119 ], [ -70.612666695111784, 41.680899329554109 ], [ -70.609453788166761, 41.681136280992753 ], [ -70.607988152952473, 41.681410677853414 ], [ -70.607971798279934, 41.681411424819416 ], [ -70.606652600626774, 41.68147166846142 ], [ -70.605609181066527, 41.68149354700035 ], [ -70.604173142462187, 41.681523642456547 ], [ -70.601370907131823, 41.681930361382385 ], [ -70.600383861778013, 41.682065500892243 ], [ -70.598825861603473, 41.682124640708416 ], [ -70.59790370336826, 41.68216497863061 ], [ -70.596124281488841, 41.682150856260336 ], [ -70.594441197236435, 41.682066003406312 ], [ -70.591733886448367, 41.681756669936853 ], [ -70.591209607701089, 41.681696759299825 ], [ -70.586802729428797, 41.680653644039147 ], [ -70.586516770700612, 41.680672770848759 ], [ -70.586189770677137, 41.680673959921805 ], [ -70.585836460732978, 41.680657964953674 ], [ -70.585469459279224, 41.680624637714544 ], [ -70.584698212507632, 41.680530040365468 ], [ -70.583429551599835, 41.680396908348484 ], [ -70.583000679265396, 41.680348064935025 ], [ -70.582159963135879, 41.680233278687048 ], [ -70.581729700910984, 41.680182418555631 ], [ -70.581285321186925, 41.680142072963818 ], [ -70.580366531819706, 41.680084871184121 ], [ -70.578944686482856, 41.680036035937434 ], [ -70.577499830412236, 41.68000954245759 ], [ -70.576047694951058, 41.679992076395457 ], [ -70.572176683838705, 41.679955048931561 ], [ -70.570257276413415, 41.679945495348271 ], [ -70.569311700970573, 41.679950729147286 ], [ -70.568385841310217, 41.679970668885993 ], [ -70.567493724328159, 41.680016160153613 ], [ -70.567066792794392, 41.68005347370503 ], [ -70.566657320493817, 41.680104118931823 ], [ -70.565477529575546, 41.680293101646519 ], [ -70.56431420019814, 41.680494499910139 ], [ -70.563102089081696, 41.680658436532262 ], [ -70.562705958525669, 41.680719141355773 ], [ -70.562324057233667, 41.680790757049159 ], [ -70.561232181222209, 41.681046938892052 ], [ -70.560883310172514, 41.681143941848759 ], [ -70.559889819034126, 41.681475898897716 ], [ -70.558859146318824, 41.681779931530748 ], [ -70.557498858768824, 41.682197624093277 ], [ -70.5565333779643, 41.682554971218785 ], [ -70.555533601910525, 41.68288904717302 ], [ -70.555443254719791, 41.68292234965665 ], [ -70.554542762631655, 41.683205238173414 ], [ -70.553334329107997, 41.683521225724121 ], [ -70.551829786624765, 41.684038897994299 ], [ -70.551553622315339, 41.684184286497064 ], [ -70.551173465177314, 41.684384420843458 ], [ -70.550999470084875, 41.684481785861955 ], [ -70.550580361835472, 41.684589651857877 ], [ -70.547215292944983, 41.685455656750577 ], [ -70.537458238468943, 41.689136468475105 ], [ -70.53569881227321, 41.690028832205897 ], [ -70.529907776653189, 41.692965622284774 ], [ -70.523727493531709, 41.697326916412692 ], [ -70.523487679617588, 41.697439057950596 ], [ -70.523357727741768, 41.697472230427969 ], [ -70.523213067906326, 41.697492140428992 ], [ -70.52311789585724, 41.697467467136605 ], [ -70.52311270968228, 41.697454637688821 ], [ -70.523089388181162, 41.69739694177693 ], [ -70.523131133788809, 41.697297747129078 ], [ -70.523239145397426, 41.697185339559489 ], [ -70.523971114578259, 41.696580056358954 ], [ -70.524196173262041, 41.696406887153465 ], [ -70.52752221525779, 41.693549588845677 ], [ -70.527534711454749, 41.693537815623891 ], [ -70.527689389161281, 41.693413904707995 ], [ -70.527855077058859, 41.693281174486771 ], [ -70.527906981328073, 41.693239593949194 ], [ -70.528163190940177, 41.693027813378272 ], [ -70.528336375232826, 41.69288466031783 ], [ -70.528597786516528, 41.692668577828186 ], [ -70.529314220787398, 41.692076360887619 ], [ -70.529455037176362, 41.691959957658959 ], [ -70.52953477246102, 41.691894046980011 ], [ -70.529828332548561, 41.691651377574104 ], [ -70.529859736353046, 41.69162541817299 ], [ -70.530277512629027, 41.69128006315097 ], [ -70.530344664919241, 41.691224551568652 ], [ -70.531745234869987, 41.690169498477779 ], [ -70.532570631597991, 41.689567198224985 ], [ -70.53320308154882, 41.689105682384259 ] ] ] ] } },
{ "type": "Feature", "properties": { "TMDL_BASIN": "Pocasset Estuary Complex", "BBP_SYS_ID": "POCPLX", "SHED_ACRES": 948.764, "HECTARES": 383.9526, "DELIN_YEAR": 2026 }, "geometry": { "type": "Polygon", "coordinates": [ [ [ -70.523239145397426, 41.697185339559489 ], [ -70.523971114578259, 41.696580056358954 ], [ -70.524196173262041, 41.696406887153465 ], [ -70.52752221525779, 41.693549588845677 ], [ -70.527534711454749, 41.693537815623891 ], [ -70.527689389161281, 41.693413904707995 ], [ -70.527855077058859, 41.693281174486771 ], [ -70.527906981328073, 41.693239593949194 ], [ -70.528163190940177, 41.693027813378272 ], [ -70.528336375232826, 41.69288466031783 ], [ -70.528597786516528, 41.692668577828186 ], [ -70.529314220787398, 41.692076360887619 ], [ -70.529455037176362, 41.691959957658959 ], [ -70.52953477246102, 41.691894046980011 ], [ -70.529828332548561, 41.691651377574104 ], [ -70.529859736353046, 41.69162541817299 ], [ -70.530277512629027, 41.69128006315097 ], [ -70.530344664919241, 41.691224551568652 ], [ -70.531745234869987, 41.690169498477779 ], [ -70.532570631597991, 41.689567198224985 ], [ -70.53320308154882, 41.689105682384259 ], [ -70.534811825356158, 41.688057994741214 ], [ -70.537570334233109, 41.686261395882021 ], [ -70.540054376133213, 41.684439488982655 ], [ -70.540326691002576, 41.684239751523592 ], [ -70.540377184598043, 41.684204214174549 ], [ -70.540971019823346, 41.683768966239363 ], [ -70.546320952319817, 41.680256103378511 ], [ -70.548115645205513, 41.67899820826392 ], [ -70.549122900342951, 41.678416038440915 ], [ -70.549290744119688, 41.678319027474764 ], [ -70.550487416641673, 41.677533103102085 ], [ -70.552567459567456, 41.676166943030879 ], [ -70.554868892775986, 41.674655512635013 ], [ -70.555308210444124, 41.674366993893287 ], [ -70.556726846171713, 41.673538904620322 ], [ -70.559886955934076, 41.67169413648093 ], [ -70.561025918717419, 41.671163796499158 ], [ -70.565207133731107, 41.669216841194256 ], [ -70.567226676256283, 41.668228330520598 ], [ -70.567378171878403, 41.668154174517831 ], [ -70.567835810818636, 41.668046744476953 ], [ -70.571044955329199, 41.667293339983608 ], [ -70.574807424627892, 41.666478185717367 ], [ -70.577789512019663, 41.665907572150886 ], [ -70.581066385642714, 41.665448436753294 ], [ -70.583836436024711, 41.665125173295827 ], [ -70.583953085723365, 41.665111559558227 ], [ -70.587722709655651, 41.664897179886566 ], [ -70.589802208550154, 41.665071559183325 ], [ -70.590102836787082, 41.66509676623248 ], [ -70.593485230185209, 41.665123772073635 ], [ -70.595944112284755, 41.665143341885162 ], [ -70.59648677433637, 41.66514765367603 ], [ -70.602137084760756, 41.665283269959865 ], [ -70.603270138021543, 41.665386731404134 ], [ -70.603740967273339, 41.665378676696527 ], [ -70.604348875025082, 41.665368274364148 ], [ -70.604783173654852, 41.665360840700814 ], [ -70.604915313495852, 41.665372733141169 ], [ -70.605314914970904, 41.665408695683375 ], [ -70.605508022030421, 41.665420331332435 ], [ -70.605518057960523, 41.665423433801827 ], [ -70.605532130220524, 41.665425383082393 ], [ -70.60554421655165, 41.66542251310252 ], [ -70.605563842320493, 41.665423695688055 ], [ -70.605608904551346, 41.665416434425445 ], [ -70.605640845409923, 41.665421486513033 ], [ -70.605679230465043, 41.66542338833117 ], [ -70.605713168244804, 41.665438057080301 ], [ -70.605755329438196, 41.665475192459205 ], [ -70.605767885844145, 41.665492893122433 ], [ -70.605791334894846, 41.665494678380966 ], [ -70.605823453569556, 41.665486929906152 ], [ -70.605855505137214, 41.66548398093525 ], [ -70.60586848210967, 41.66550269334283 ], [ -70.605872241594042, 41.665508115399554 ], [ -70.605864971087215, 41.665525192888715 ], [ -70.605863414198637, 41.665528848886119 ], [ -70.605869456950998, 41.66555449930312 ], [ -70.605884082258854, 41.665577016256535 ], [ -70.605907530143057, 41.665578801481622 ], [ -70.605931023983629, 41.665577385235409 ], [ -70.605956718453342, 41.665571187141197 ], [ -70.605977944533507, 41.665579354942324 ], [ -70.605994746962466, 41.665598688965822 ], [ -70.60602024016066, 41.66560689029663 ], [ -70.606060806014497, 41.665605609097895 ], [ -70.606095012342436, 41.665601076979961 ], [ -70.60612472913985, 41.665612511506005 ], [ -70.606132838466792, 41.665642979088773 ], [ -70.606138904898089, 41.665667029663155 ], [ -70.606172709949078, 41.665691298211044 ], [ -70.606202471518017, 41.665699533041405 ], [ -70.60623459144648, 41.665691784459959 ], [ -70.606262418299437, 41.665685602151356 ], [ -70.60627733322805, 41.665687319353722 ], [ -70.606289643702524, 41.66570467317181 ], [ -70.606289889820019, 41.66570501995929 ], [ -70.606290297853491, 41.665719215292846 ], [ -70.606290662401292, 41.665731882303461 ], [ -70.606314891224443, 41.665748422155545 ], [ -70.606342406296008, 41.665764640265905 ], [ -70.606370056729531, 41.665771257551995 ], [ -70.606378189747559, 41.665800125288897 ], [ -70.606407704287463, 41.665825960071842 ], [ -70.606409944581813, 41.665836729364941 ], [ -70.606411704349853, 41.665845193456974 ], [ -70.606404945986284, 41.665870743278568 ], [ -70.606395350832557, 41.665892721431433 ], [ -70.606391717458465, 41.66590104321039 ], [ -70.606395763427599, 41.665917076929993 ], [ -70.606403650673442, 41.665930105573196 ], [ -70.606403068959096, 41.6659310032055 ], [ -70.606371547383162, 41.665984782356304 ], [ -70.606353657213504, 41.666004608207473 ], [ -70.606347980862282, 41.66601089793587 ], [ -70.606323140960129, 41.666038426140446 ], [ -70.606315670869492, 41.666050713754878 ], [ -70.606301838035179, 41.666073468066863 ], [ -70.606298664529419, 41.666074744213198 ], [ -70.606267475244465, 41.666087289361627 ], [ -70.606246196355002, 41.666090017859588 ], [ -70.606243958879773, 41.66609030461472 ], [ -70.606241006296003, 41.666098198645159 ], [ -70.606228441347582, 41.666131787536962 ], [ -70.606202277097736, 41.666171586785673 ], [ -70.606172045724449, 41.666196952148148 ], [ -70.606152506950792, 41.666220801513646 ], [ -70.606151670887343, 41.666231993236671 ], [ -70.606149880221437, 41.66625598476864 ], [ -70.606127648785858, 41.666319817807583 ], [ -70.606093104237218, 41.66634834928211 ], [ -70.606030015598336, 41.666434264102691 ], [ -70.605980289854486, 41.666480278179527 ], [ -70.605926099698706, 41.666514164752684 ], [ -70.605922162698562, 41.666516626118806 ], [ -70.605851007891772, 41.666568872657479 ], [ -70.605791322510029, 41.66660569539944 ], [ -70.60577406829205, 41.666616340265435 ], [ -70.606213039027395, 41.666670086770367 ], [ -70.606479251353662, 41.666702680231246 ], [ -70.606540270155421, 41.666710150246054 ], [ -70.606581576708578, 41.666715207197214 ], [ -70.607259022787133, 41.666798146037571 ], [ -70.61013258811596, 41.666839566338012 ], [ -70.614646840878279, 41.666742460148122 ], [ -70.618127250493529, 41.666656068343997 ], [ -70.620996141298122, 41.667037461573102 ], [ -70.622207737160451, 41.666933389904791 ], [ -70.622612119808181, 41.666860891496547 ], [ -70.623511297201304, 41.666961611018792 ], [ -70.623518351900259, 41.666962401004419 ], [ -70.623876201110818, 41.666605969524895 ], [ -70.623905812284832, 41.666284819797269 ], [ -70.623904377010575, 41.666280899208054 ], [ -70.62375999600539, 41.665886701464792 ], [ -70.623759717388978, 41.665874784331486 ], [ -70.623747288112796, 41.665342173388503 ], [ -70.623744110361429, 41.665206012999761 ], [ -70.623846497675856, 41.665093374772404 ], [ -70.624055657144922, 41.665009200108997 ], [ -70.624353512970885, 41.664889328166836 ], [ -70.624658859372701, 41.664683728440714 ], [ -70.624699852241378, 41.664600367976973 ], [ -70.624774831923659, 41.664447900445843 ], [ -70.624788522047936, 41.66442006188867 ], [ -70.624841423775266, 41.66440224394362 ], [ -70.624987655477995, 41.664352993414724 ], [ -70.625117777900741, 41.664309167055414 ], [ -70.625729804533961, 41.664295520942872 ], [ -70.625748238106226, 41.664295109780987 ], [ -70.625931122643919, 41.66426231543079 ], [ -70.626354783088502, 41.664186343215434 ], [ -70.626475071404698, 41.664118418027499 ], [ -70.626502054868823, 41.664090003357757 ], [ -70.626514903955808, 41.664076472687704 ], [ -70.626579247703049, 41.664020166902432 ], [ -70.626790964284623, 41.663849223719723 ], [ -70.626838681703603, 41.663812822232124 ], [ -70.626970169618119, 41.663718045260232 ], [ -70.626981418160241, 41.663710040609423 ], [ -70.626985051003786, 41.663707709446626 ], [ -70.626992090171797, 41.663703192147153 ], [ -70.627070154427969, 41.663492365842259 ], [ -70.627067834015335, 41.663484139094621 ], [ -70.627040233031593, 41.663386285274491 ], [ -70.627022060366258, 41.663321855496733 ], [ -70.627024249048247, 41.663318971208575 ], [ -70.627131402528789, 41.66317776098699 ], [ -70.627150420722657, 41.663152699356019 ], [ -70.627147211126498, 41.663143288064262 ], [ -70.627063122345788, 41.662896719408749 ], [ -70.627063724186243, 41.662887461620997 ], [ -70.627068141614728, 41.6628194586578 ], [ -70.627069375866128, 41.662800462503718 ], [ -70.627076194956331, 41.662695492273784 ], [ -70.627120166305929, 41.662631199972786 ], [ -70.627128121314954, 41.662619569337231 ], [ -70.627168201456797, 41.662560964691586 ], [ -70.627224587203855, 41.662478520126449 ], [ -70.627232536073649, 41.662466896639927 ], [ -70.627234773360399, 41.662466079137118 ], [ -70.627250640723702, 41.662460280765131 ], [ -70.627534282064033, 41.66235663830421 ], [ -70.627571310599478, 41.66234310750508 ], [ -70.627660207908363, 41.662332461415858 ], [ -70.628292625648768, 41.662256719764805 ], [ -70.628309102903017, 41.662283689642251 ], [ -70.628313473277188, 41.662290842591375 ], [ -70.628388138566407, 41.662413047893608 ], [ -70.628398696314918, 41.662430329121541 ], [ -70.628412527502419, 41.662452964894513 ], [ -70.628465052537919, 41.662533795521142 ], [ -70.629711935864592, 41.662991332686012 ], [ -70.6297544992849, 41.663006950722206 ], [ -70.629776208135993, 41.663014916070061 ], [ -70.629827560504452, 41.663062866215412 ], [ -70.629900933186178, 41.663131377922717 ], [ -70.62999776692341, 41.663221795658941 ], [ -70.630052533167643, 41.663272934013094 ], [ -70.630118451980849, 41.663334485208054 ], [ -70.63039654407028, 41.663594150031109 ], [ -70.630641875464875, 41.66366013649278 ], [ -70.631495738293012, 41.663889792676649 ], [ -70.633297371050389, 41.664363126253043 ], [ -70.634917198084821, 41.664685681447772 ], [ -70.635398042625951, 41.664602132977087 ], [ -70.63539926717209, 41.664623289939833 ], [ -70.63562907405867, 41.664612012250487 ], [ -70.636129094619236, 41.664587472655505 ], [ -70.63622228948411, 41.664582898674908 ], [ -70.636223337238988, 41.664582847205217 ], [ -70.636573790522974, 41.664565646103497 ], [ -70.637071973194026, 41.664541191963878 ], [ -70.637378393908548, 41.664543516207033 ], [ -70.637797970281014, 41.664670805576449 ], [ -70.637805678846178, 41.664673143815634 ], [ -70.63787799767637, 41.664704709782335 ], [ -70.638582563928068, 41.665012233031561 ], [ -70.638887285458907, 41.665140928279392 ], [ -70.639009016113746, 41.66528761788792 ], [ -70.639098378422347, 41.665395301155669 ], [ -70.6392351870456, 41.665476764558754 ], [ -70.639448293264635, 41.665581785001358 ], [ -70.639738539448402, 41.665649477217407 ], [ -70.639753791886974, 41.665653034790033 ], [ -70.639938419316522, 41.665596981954579 ], [ -70.640117907179928, 41.665555213496852 ], [ -70.640368804815552, 41.665496827371854 ], [ -70.640708804795338, 41.665281090445546 ], [ -70.641169828633679, 41.665181164308017 ], [ -70.642092026084327, 41.664969818516262 ], [ -70.642916849570341, 41.664786296725957 ], [ -70.64329076739331, 41.664703098638284 ], [ -70.64441204709901, 41.664498977952078 ], [ -70.644674424543609, 41.664357328865833 ], [ -70.644752730563241, 41.664345278796908 ], [ -70.645013252102686, 41.664227743830835 ], [ -70.645417906937354, 41.663981411662562 ], [ -70.645553935999317, 41.663898603908379 ], [ -70.645612231101509, 41.663995751669447 ], [ -70.646124048421569, 41.664033519277496 ], [ -70.652111066694331, 41.666001214386938 ], [ -70.65281242965743, 41.666132746056441 ], [ -70.652813426469336, 41.66613645050834 ], [ -70.652862986621599, 41.666146134217527 ], [ -70.652912198265625, 41.666155749580668 ], [ -70.654024353684392, 41.666373049794096 ], [ -70.654041903475004, 41.666376478466077 ], [ -70.654058822016339, 41.666411109276126 ], [ -70.654060673922928, 41.666414900211066 ], [ -70.660634757248786, 41.679869092040121 ], [ -70.660645727344559, 41.679885028035081 ], [ -70.660680977090323, 41.679936236957815 ], [ -70.660695385076849, 41.679957168492216 ], [ -70.660714659404491, 41.679985168011214 ], [ -70.660820945415651, 41.680139572077344 ], [ -70.660824364466791, 41.680144538665765 ], [ -70.660777298237676, 41.680547433585268 ], [ -70.660744698357206, 41.680584654067744 ], [ -70.660568877164422, 41.680785389512863 ], [ -70.660493789311644, 41.680871116780651 ], [ -70.660507705296169, 41.680883336082537 ], [ -70.660520296186533, 41.680894391298587 ], [ -70.660025652509603, 41.681577128201191 ], [ -70.659228090144623, 41.682317440044066 ], [ -70.656734804031771, 41.684115085653488 ], [ -70.653341438958179, 41.685547402780919 ], [ -70.652775998277704, 41.685672063134838 ], [ -70.65233542607443, 41.685713909661146 ], [ -70.652171659062645, 41.685729463890603 ], [ -70.651015596076576, 41.68558465895147 ], [ -70.65033468834875, 41.685613341232617 ], [ -70.649666140336819, 41.685728774973349 ], [ -70.648843665545627, 41.685958979517622 ], [ -70.647982403747818, 41.686141616904827 ], [ -70.647416663294607, 41.686372045110936 ], [ -70.64664549192122, 41.686891308006153 ], [ -70.646208531724469, 41.686978069784125 ], [ -70.645488820768506, 41.687015998743881 ], [ -70.644499235845743, 41.687333268484117 ], [ -70.643689110975146, 41.687770149330007 ], [ -70.643251875760214, 41.688005934190706 ], [ -70.64210752563821, 41.688832994265724 ], [ -70.641785926788174, 41.689189039824299 ], [ -70.641644019840669, 41.689525618429542 ], [ -70.641631145331971, 41.689785511020972 ], [ -70.641335455699846, 41.690112487884115 ], [ -70.640910866035995, 41.690757006471536 ], [ -70.640810929223804, 41.690990762225468 ], [ -70.640644180651023, 41.691380786940854 ], [ -70.640627160643049, 41.691420596430291 ], [ -70.640550806624873, 41.6917155283816 ], [ -70.640549950148127, 41.691718832673907 ], [ -70.640626768901868, 41.692036240145377 ], [ -70.640844712369329, 41.692411550719022 ], [ -70.641268565183736, 41.692633096358364 ], [ -70.641588490326541, 41.692949389515967 ], [ -70.641589774278088, 41.692950658857015 ], [ -70.641550843217075, 41.693277884660596 ], [ -70.64134469138358, 41.69370120426175 ], [ -70.640688578218644, 41.694336097402655 ], [ -70.638335649350424, 41.695383588530653 ], [ -70.637024358409676, 41.695825539315422 ], [ -70.636176405228554, 41.695844429653427 ], [ -70.634685747891865, 41.695612507367478 ], [ -70.633580453565926, 41.695506179317654 ], [ -70.632938002633125, 41.695486654741003 ], [ -70.632308286712501, 41.695524624017402 ], [ -70.632169693198151, 41.695550015498981 ], [ -70.631627084436062, 41.695649423029543 ], [ -70.631387294319097, 41.695706722177384 ], [ -70.63072605112545, 41.695864728089376 ], [ -70.630304117459929, 41.695965548084132 ], [ -70.629659870473262, 41.696119484573188 ], [ -70.629131063024033, 41.696314788215567 ], [ -70.628567147337506, 41.696523054648942 ], [ -70.628025847347672, 41.696680842381454 ], [ -70.625931676741217, 41.697291255812182 ], [ -70.625276012019867, 41.697358249104035 ], [ -70.624234954128625, 41.69735755825581 ], [ -70.623741360499508, 41.697288548287723 ], [ -70.623736589380698, 41.697287881271912 ], [ -70.623097442440582, 41.696333963630074 ], [ -70.621968956297692, 41.694441681230209 ], [ -70.621798734284027, 41.694156236822842 ], [ -70.621230804726679, 41.693722673622069 ], [ -70.620515020688003, 41.693468408568528 ], [ -70.619055697523763, 41.693204446106243 ], [ -70.618236216825608, 41.69301182902619 ], [ -70.617249962509788, 41.692852867732583 ], [ -70.616178311678638, 41.692680132010601 ], [ -70.615815377024688, 41.692621630068182 ], [ -70.61447138986199, 41.692354002614252 ], [ -70.614217610756157, 41.692319323137063 ], [ -70.614112401203386, 41.692304945907274 ], [ -70.614088063819452, 41.692293116065386 ], [ -70.613815839160935, 41.69216079404859 ], [ -70.613314681159792, 41.691917190073518 ], [ -70.609824342346741, 41.69070765152636 ], [ -70.605602716538627, 41.690060537515294 ], [ -70.604693462348578, 41.689921139783031 ], [ -70.598999499090283, 41.689062319205128 ], [ -70.598305171069399, 41.688957572459124 ], [ -70.59831573520718, 41.688988276142503 ], [ -70.598347792420441, 41.689081439945568 ], [ -70.598298613014975, 41.689188254803746 ], [ -70.598249835419153, 41.689266485062781 ], [ -70.598085645494677, 41.689415269090169 ], [ -70.597938695366679, 41.689551588428841 ], [ -70.59780245200885, 41.689547653110324 ], [ -70.59728902351074, 41.689662298274783 ], [ -70.59666283162791, 41.689963406189008 ], [ -70.595324982825161, 41.690606697535479 ], [ -70.594875218915305, 41.690822789352438 ], [ -70.594758895511632, 41.69087291594483 ], [ -70.594640245294798, 41.690924045863689 ], [ -70.594260110310302, 41.691072645837643 ], [ -70.594153095529776, 41.691114478470709 ], [ -70.593896077282906, 41.691199575830368 ], [ -70.593620347904789, 41.691270152254852 ], [ -70.593327406706052, 41.691327054226512 ], [ -70.593020717301314, 41.691372552120669 ], [ -70.592735007390246, 41.691405027365228 ], [ -70.592014491822979, 41.691562048036616 ], [ -70.591552646606985, 41.691588438966491 ], [ -70.591423500399102, 41.691503662321729 ], [ -70.591006283451392, 41.691500330302873 ], [ -70.59088105195859, 41.691503232213918 ], [ -70.590201945193428, 41.69148031612113 ], [ -70.590143144565673, 41.691476499185555 ], [ -70.589742256577921, 41.691450475981021 ], [ -70.589532946538014, 41.691436888234641 ], [ -70.589207778002873, 41.691406178188487 ], [ -70.588891117943561, 41.691368331211677 ], [ -70.588584915444329, 41.691322214071263 ], [ -70.588291354818395, 41.691266456830576 ], [ -70.587903051144465, 41.691175327064251 ], [ -70.587490388105394, 41.691078479354537 ], [ -70.587450762708059, 41.691069179166213 ], [ -70.586772205660054, 41.690929539399121 ], [ -70.586297375227133, 41.690831821935156 ], [ -70.585895042179786, 41.690735517756501 ], [ -70.585464664619536, 41.690632498449801 ], [ -70.585175523822841, 41.690575016459889 ], [ -70.585064926553201, 41.690557079921746 ], [ -70.584874807314009, 41.690526245683714 ], [ -70.584564839968451, 41.690484469656084 ], [ -70.583925449857773, 41.690415753755019 ], [ -70.583160183387122, 41.690346205587822 ], [ -70.58274638360362, 41.690308596886418 ], [ -70.582298004680538, 41.690267843622678 ], [ -70.581672175118555, 41.69019101090246 ], [ -70.581372324608864, 41.690143134625281 ], [ -70.581084215779811, 41.690086713899852 ], [ -70.580635693710803, 41.689981077002592 ], [ -70.580255650824938, 41.689891566138883 ], [ -70.579110230394392, 41.68966177066374 ], [ -70.578277049758256, 41.689470695798441 ], [ -70.577986048045304, 41.68941677118324 ], [ -70.577682336482212, 41.689372179938395 ], [ -70.577644962889877, 41.689368245670003 ], [ -70.577203513438903, 41.689321775737703 ], [ -70.577049926948717, 41.689305607689555 ], [ -70.577044841466645, 41.689305072118714 ], [ -70.577015019066636, 41.689303204992065 ], [ -70.576205756213952, 41.689252523463082 ], [ -70.5760373906366, 41.689241977740288 ], [ -70.575677637283036, 41.689229334315833 ], [ -70.573254191157488, 41.68914413427467 ], [ -70.572237610312115, 41.689087115825963 ], [ -70.572216590078455, 41.689085210257971 ], [ -70.558812062415981, 41.689064567623703 ], [ -70.557700067475849, 41.68906278469769 ], [ -70.557667264194649, 41.689065239474942 ], [ -70.554302631503219, 41.689317011010239 ], [ -70.554302571368993, 41.689317015912891 ], [ -70.554302526875603, 41.689317019144724 ], [ -70.551707282041832, 41.689511149078562 ], [ -70.550402001735279, 41.689608763679722 ], [ -70.547511337639321, 41.690124848371156 ], [ -70.547511140302916, 41.690124789993668 ], [ -70.547316941368251, 41.690066998632361 ], [ -70.547232409608171, 41.690041843003279 ], [ -70.545101070535779, 41.690644892373228 ], [ -70.545100726023463, 41.690644956112379 ], [ -70.543715157744586, 41.690902526271117 ], [ -70.543029832030115, 41.691029918125714 ], [ -70.539319517632705, 41.691676718986415 ], [ -70.534979152587169, 41.692720484352478 ], [ -70.534816234076587, 41.692784255339951 ], [ -70.532491754695428, 41.693694081525663 ], [ -70.5303810477822, 41.694520172318903 ], [ -70.530332313151064, 41.694537839091808 ], [ -70.527685385551081, 41.695497341085613 ], [ -70.525543899418352, 41.696478983530383 ], [ -70.525538678934808, 41.696478938828363 ], [ -70.525149264625284, 41.696656994036658 ], [ -70.525016968164834, 41.696720228312657 ], [ -70.524993069740148, 41.696732557275297 ], [ -70.524979550548139, 41.696739100882553 ], [ -70.525044122306497, 41.696705063932399 ], [ -70.524045085824753, 41.697178403035068 ], [ -70.523727493531709, 41.697326916412692 ], [ -70.523487679617588, 41.697439057950596 ], [ -70.523357727741768, 41.697472230427969 ], [ -70.523213067906326, 41.697492140428992 ], [ -70.52311789585724, 41.697467467136605 ], [ -70.52311270968228, 41.697454637688821 ], [ -70.523089388181162, 41.69739694177693 ], [ -70.523131133788809, 41.697297747129078 ], [ -70.523239145397426, 41.697185339559489 ] ] ] } },
{ "type": "Feature", "properties": { "TMDL_BASIN": "Buzzards Bay Proper", "BBP_SYS_ID": "BUZBAY", "SHED_ACRES": 139138.17462475519, "HECTARES": 56307.221558120335, "DELIN_YEAR": 2026 }, "geometry": { "type": "Polygon", "coordinates": [ [ [ -71.0606, 41.4653 ], [ -71.1, 41.5 ], [ -71.1, 41.504833244418485 ], [ -71.099145892818811, 41.504808087996821 ], [ -71.098575491839185, 41.504806071431453 ], [ -71.097576617647462, 41.504909732709038 ], [ -71.097008773852636, 41.504978806509186 ], [ -71.096720340932734, 41.505013892064426 ], [ -71.096480649274682, 41.505334638048609 ], [ -71.096409492473086, 41.505595660064984 ], [ -71.096334673417033, 41.505870115863608 ], [ -71.096284741362638, 41.506053277617987 ], [ -71.0962373550297, 41.506227100785338 ], [ -71.096237355068311, 41.506227100964693 ], [ -71.096237355048103, 41.506227101038803 ], [ -71.096246839978733, 41.506271165530443 ], [ -71.096355064784873, 41.506773951415802 ], [ -71.096044290930521, 41.506690944210533 ], [ -71.09537925483346, 41.506617108533746 ], [ -71.095379254443259, 41.506617108532353 ], [ -71.095379254428337, 41.506617108530698 ], [ -71.095046511225718, 41.506615921503865 ], [ -71.09442855959999, 41.506613714436739 ], [ -71.093715764718198, 41.506575431031401 ], [ -71.093097814002959, 41.506573216718742 ], [ -71.092152360137888, 41.506603658672446 ], [ -71.092099357685825, 41.50660536524294 ], [ -71.091857832815066, 41.506625844197963 ], [ -71.091290812075073, 41.506673921946728 ], [ -71.091209579880498, 41.506698008070686 ], [ -71.090576421202755, 41.506885745445807 ], [ -71.089741193230253, 41.507061870597362 ], [ -71.089576815472626, 41.507096533011364 ], [ -71.089517043524339, 41.50711553349138 ], [ -71.088909949596655, 41.507308517916528 ], [ -71.088334938309757, 41.508021096190141 ], [ -71.088219434401353, 41.508327909399142 ], [ -71.088219434478333, 41.508327909421723 ], [ -71.088219434369549, 41.508327909710694 ], [ -71.088588118028611, 41.508436037607368 ], [ -71.088757691415879, 41.508485770400398 ], [ -71.089469799933923, 41.508698204214092 ], [ -71.090328035794002, 41.508954230420997 ], [ -71.090473164842464, 41.509119581098517 ], [ -71.090599685164918, 41.509263730352195 ], [ -71.090528652858012, 41.509674833423759 ], [ -71.089921139176326, 41.509628289495069 ], [ -71.089898179937421, 41.509626530492191 ], [ -71.089892471986772, 41.509625650913122 ], [ -71.089396067604028, 41.509593423563324 ], [ -71.089193453649401, 41.509584857084725 ], [ -71.089021162898007, 41.509592066353903 ], [ -71.088981632960255, 41.509596310442653 ], [ -71.088818354410634, 41.50961384066639 ], [ -71.088623236216975, 41.509613133471625 ], [ -71.08855580442065, 41.509609018253144 ], [ -71.088544810585418, 41.509608347322853 ], [ -71.088111573982232, 41.509606775582391 ], [ -71.087844968822793, 41.509627869546982 ], [ -71.087844968646593, 41.509627869860587 ], [ -71.087844968432094, 41.509627869877555 ], [ -71.087705024819925, 41.509876932753471 ], [ -71.087369735234191, 41.510268779119265 ], [ -71.0872259726425, 41.510446921866496 ], [ -71.086935310553258, 41.510518574694323 ], [ -71.086511757440178, 41.510622987006499 ], [ -71.085845999077435, 41.510656292567411 ], [ -71.085845999004462, 41.510656292586702 ], [ -71.085845998784251, 41.510656292597716 ], [ -71.085179314862003, 41.510832523217054 ], [ -71.084798317917148, 41.510938329285743 ], [ -71.0844727712945, 41.510955953720156 ], [ -71.084180092879819, 41.510971798539671 ], [ -71.083561635935112, 41.511040996806777 ], [ -71.082372487469257, 41.511143826272907 ], [ -71.08161187869969, 41.51114102445424 ], [ -71.080850802784497, 41.511209682037688 ], [ -71.079377121464063, 41.511204229120501 ], [ -71.07847319278541, 41.51130807462448 ], [ -71.077807187835049, 41.511377064930791 ], [ -71.0774104075183, 41.511362027200555 ], [ -71.076761582601435, 41.511337436887104 ], [ -71.076123969515294, 41.511305092527294 ], [ -71.076001208080214, 41.511298865129291 ], [ -71.075534309915639, 41.511260156775826 ], [ -71.075098456430126, 41.511224022140709 ], [ -71.074830003571265, 41.511229740444513 ], [ -71.073672075482321, 41.511254405096494 ], [ -71.072771513274049, 41.511222806211769 ], [ -71.072531399157612, 41.511214381015947 ], [ -71.071865865916919, 41.511211871985672 ], [ -71.071734362075247, 41.511216865370052 ], [ -71.071009941390855, 41.511244372317009 ], [ -71.070391227273106, 41.511349231368449 ], [ -71.069803266231773, 41.511542988180658 ], [ -71.069533621016433, 41.511631847007152 ], [ -71.068865680680446, 41.511986643190639 ], [ -71.067990535051081, 41.512338656122353 ], [ -71.067721621102208, 41.512446822241841 ], [ -71.067669357812861, 41.512499824424573 ], [ -71.067195073826198, 41.512980813298725 ], [ -71.067072199988459, 41.513342426909851 ], [ -71.067001054754826, 41.513551804234368 ], [ -71.066760458002719, 41.513979684376629 ], [ -71.066737559382148, 41.514143394681916 ], [ -71.066720890019212, 41.514262568178346 ], [ -71.066382796001562, 41.513585176943444 ], [ -71.065721595325556, 41.51293945062433 ], [ -71.06553337467065, 41.512652864872607 ], [ -71.065205932046737, 41.511865480207 ], [ -71.064830717347419, 41.511113644806294 ], [ -71.064500135903188, 41.510790777881702 ], [ -71.064075211063894, 41.510360347861727 ], [ -71.063554488752942, 41.510036747053768 ], [ -71.062368253822385, 41.509710579625043 ], [ -71.061323419491586, 41.509563612562445 ], [ -71.060754446268163, 41.509347012042959 ], [ -71.05956799288289, 41.509056547818233 ], [ -71.058713566725316, 41.508874562131915 ], [ -71.057810623208226, 41.508835313628254 ], [ -71.056717288949102, 41.508831047752892 ], [ -71.055956955514048, 41.508792342013479 ], [ -71.055197367350971, 41.508646433811762 ], [ -71.054485566574584, 41.508464975216704 ], [ -71.054060227993702, 41.508105972642923 ], [ -71.05368317546457, 41.507639958104377 ], [ -71.052877067968083, 41.507350918588344 ], [ -71.052401716146321, 41.507349044485878 ], [ -71.051926364352184, 41.507347168392045 ], [ -71.051642153169368, 41.507203112993047 ], [ -71.051120768107253, 41.506986652504807 ], [ -71.050456281805552, 41.506841088627922 ], [ -71.049838831727428, 41.506767174340084 ], [ -71.049173093723297, 41.506800264659752 ], [ -71.048032007844583, 41.506831458167895 ], [ -71.047175625232356, 41.506935243627616 ], [ -71.046461844115882, 41.507039592706398 ], [ -71.045797874094518, 41.506822537179403 ], [ -71.04548127543913, 41.506647508096663 ], [ -71.044756169293933, 41.506246630890566 ], [ -71.043572135038929, 41.505634409082987 ], [ -71.042484465600609, 41.504843897686293 ], [ -71.041586187159538, 41.504161339967297 ], [ -71.040640651280043, 41.503442851308051 ], [ -71.03997878903948, 41.502939904420465 ], [ -71.039649144490426, 41.502509768460243 ], [ -71.039034059815577, 41.502114205160581 ], [ -71.038422327188599, 41.501254120702633 ], [ -71.037809065000801, 41.500608425415898 ], [ -71.037336600247684, 41.5002134342243 ], [ -71.036958683575406, 41.499890293374989 ], [ -71.036722326327052, 41.499710662209644 ], [ -71.036533500007209, 41.499531224721544 ], [ -71.035817197410694, 41.499992828348383 ], [ -71.035054650313498, 41.50027557218985 ], [ -71.033863026516187, 41.500735214728287 ], [ -71.033052931278561, 41.501017749837011 ], [ -71.031717904722797, 41.501583979617941 ], [ -71.030716880840529, 41.501972909884365 ], [ -71.029715582747357, 41.50239756321573 ], [ -71.028857653772633, 41.502715603254387 ], [ -71.028095043610335, 41.502998300348011 ], [ -71.027476339737646, 41.50310292482849 ], [ -71.027143089159352, 41.50317300295346 ], [ -71.026960199212709, 41.503172240606474 ], [ -71.026886981090939, 41.503198818226366 ], [ -71.026191680853131, 41.503350149234016 ], [ -71.026097713977975, 41.503359300659177 ], [ -71.025904797795263, 41.503403512948161 ], [ -71.025864420063982, 41.503405595136087 ], [ -71.025225221252384, 41.503591545765623 ], [ -71.02495333252817, 41.5037936730225 ], [ -71.024570688888389, 41.50411366975338 ], [ -71.024281250754015, 41.504684188983767 ], [ -71.024182472369887, 41.505184040710489 ], [ -71.024170786420868, 41.505609279770653 ], [ -71.024319241027584, 41.505970746541671 ], [ -71.024472215959193, 41.506189284822611 ], [ -71.024319240770126, 41.505970746482021 ], [ -71.024188114678125, 41.505651472265505 ], [ -71.022644705553589, 41.505361978956508 ], [ -71.022375317556651, 41.505311448118107 ], [ -71.022165659923701, 41.505422255441879 ], [ -71.022001413174394, 41.505683091402638 ], [ -71.021852143948422, 41.505965983530032 ], [ -71.021493131315395, 41.506446821664952 ], [ -71.021164694810949, 41.506650175300393 ], [ -71.020944728166015, 41.506861489037099 ], [ -71.021264053310077, 41.507099557621437 ], [ -71.021532647967874, 41.507295722636769 ], [ -71.021562373737112, 41.507667764223001 ], [ -71.021521497594179, 41.508012450281846 ], [ -71.021403344542165, 41.508329611905317 ], [ -71.021246253951688, 41.508618613423074 ], [ -71.021101229144264, 41.508878966530588 ], [ -71.020701032178991, 41.509124501979734 ], [ -71.020351453684441, 41.509364388257353 ], [ -71.019938674053932, 41.509614885517664 ], [ -71.019409759401228, 41.509805005850438 ], [ -71.018877649320572, 41.509890536556199 ], [ -71.018357789052658, 41.509956327497946 ], [ -71.017719941587558, 41.510124453221259 ], [ -71.017283194413892, 41.510203488316314 ], [ -71.016901402857485, 41.510209835526567 ], [ -71.016521675200323, 41.5102734009402 ], [ -71.016166363084452, 41.510317373706833 ], [ -71.01576098895535, 41.510381483743018 ], [ -71.015419016863717, 41.510434983691567 ], [ -71.01507778484897, 41.510526657504023 ], [ -71.014736749032437, 41.510608764754366 ], [ -71.014268334010467, 41.510692858084852 ], [ -71.013862966131242, 41.510761744576499 ], [ -71.013229783574999, 41.510872607532782 ], [ -71.012799789409172, 41.51096567570039 ], [ -71.012420407505289, 41.51104826788692 ], [ -71.012015316086362, 41.511131498557326 ], [ -71.011585204139493, 41.51121499525032 ], [ -71.011040345960467, 41.51130034064623 ], [ -71.01040665877882, 41.511392193638258 ], [ -71.009791622967867, 41.511473947667888 ], [ -71.009227266742613, 41.511540583215208 ], [ -71.00869465286867, 41.511606743773555 ], [ -71.008352939549766, 41.511669602411892 ], [ -71.007853045073034, 41.511739980564705 ], [ -71.00620270264119, 41.51193694086183 ], [ -71.005653497980958, 41.512072465065081 ], [ -71.005101689632539, 41.51213885343536 ], [ -71.004493394549627, 41.512227501635024 ], [ -71.003904141300382, 41.512316229829068 ], [ -71.003304313568947, 41.512341273451625 ], [ -71.003075433875011, 41.51261018887552 ], [ -71.002532685288358, 41.512606607486354 ], [ -71.002270746861782, 41.512408398931079 ], [ -71.001768465053516, 41.51240863324324 ], [ -71.001310657966854, 41.512416376262138 ], [ -71.000902318142963, 41.512384943997333 ], [ -71.000377613075884, 41.512278811575605 ], [ -70.999734003286079, 41.512283814066819 ], [ -70.999289562035543, 41.512297744275529 ], [ -70.998833099846351, 41.512306683719771 ], [ -70.998178350918138, 41.512307991893671 ], [ -70.99772552912313, 41.512199435810849 ], [ -70.99725876553137, 41.512131388903157 ], [ -70.996847081125196, 41.512116396411969 ], [ -70.996497782651019, 41.512146247382532 ], [ -70.996051693344796, 41.512239495010107 ], [ -70.995526737741685, 41.512103912969977 ], [ -70.995126248027532, 41.511892233945481 ], [ -70.994608010285219, 41.51176870585639 ], [ -70.993987511435819, 41.511618646327385 ], [ -70.993629859090802, 41.511549148294151 ], [ -70.9932466799428, 41.511484974852294 ], [ -70.992741360872074, 41.51139448120194 ], [ -70.992300905816137, 41.51128848158946 ], [ -70.991777388068357, 41.511188926681641 ], [ -70.991208082964775, 41.511092071497764 ], [ -70.990694534989458, 41.511062006436397 ], [ -70.990499359991247, 41.511294991136225 ], [ -70.990416394851266, 41.511542866567858 ], [ -70.990303308205327, 41.511797387539644 ], [ -70.989942797703449, 41.512089080901056 ], [ -70.989620953511604, 41.512331389360682 ], [ -70.989323755973089, 41.512550079422468 ], [ -70.989088517869149, 41.512795158327904 ], [ -70.988869230066484, 41.513063042861468 ], [ -70.98858018123444, 41.513409676073906 ], [ -70.988360426205332, 41.513771927244449 ], [ -70.98825851034384, 41.514060522980593 ], [ -70.988222755108694, 41.514319123426979 ], [ -70.988148997346372, 41.514578490347077 ], [ -70.988108296673403, 41.514865636350699 ], [ -70.98811703662264, 41.515123630893839 ], [ -70.988095342128176, 41.515381600703527 ], [ -70.988060420571657, 41.51569735941942 ], [ -70.988039400596548, 41.515978629262563 ], [ -70.988128411331857, 41.516355046524922 ], [ -70.988281678152703, 41.516609978842382 ], [ -70.988480551399732, 41.516863878517363 ], [ -70.988730263086808, 41.517161867615144 ], [ -70.989015928138812, 41.517486671316782 ], [ -70.989380994178788, 41.517809042039083 ], [ -70.989701486249388, 41.518053019918632 ], [ -70.9899925011607, 41.518324213064268 ], [ -70.99028249345163, 41.518662333492784 ], [ -70.990630084471803, 41.518966642462502 ], [ -70.990879859447745, 41.519338408901042 ], [ -70.991010315840526, 41.51959346023807 ], [ -70.991129683550952, 41.519906471054369 ], [ -70.991188211794963, 41.520340774606488 ], [ -70.991225038180431, 41.520678052064419 ], [ -70.99155599810409, 41.521082355617615 ], [ -70.991888245956957, 41.521338478580105 ], [ -70.99220807742357, 41.521661791156298 ], [ -70.992594978740527, 41.521955015309914 ], [ -70.992891508503007, 41.522278643806061 ], [ -70.993111438150166, 41.522589549394013 ], [ -70.993349384317611, 41.522871273055188 ], [ -70.993520145243139, 41.523297768018153 ], [ -70.993643192751634, 41.523667791005558 ], [ -70.993721702661304, 41.523924159602664 ], [ -70.993908049538049, 41.524178453311968 ], [ -70.994146000203187, 41.524426867753938 ], [ -70.990588912842227, 41.526455773157188 ], [ -70.990575001752703, 41.525622444240284 ], [ -70.989858058102868, 41.524094599513738 ], [ -70.988071994593554, 41.521489931174678 ], [ -70.985600013866559, 41.521431109590267 ], [ -70.982426243261301, 41.525847622933888 ], [ -70.97955209002366, 41.52909013160825 ], [ -70.972749674838269, 41.53048455291021 ], [ -70.972928783105232, 41.53084741681571 ], [ -70.959706183999913, 41.531195380000042 ], [ -70.947621222999942, 41.536444403000075 ], [ -70.925160285999937, 41.550726630000042 ], [ -70.931630011999914, 41.580267645000049 ], [ -70.924001945193041, 41.593194598799748 ], [ -70.911071581393173, 41.595282276552162 ], [ -70.910563115736252, 41.595335483405414 ], [ -70.910158070988061, 41.59563668339063 ], [ -70.909964712298134, 41.5959289689374 ], [ -70.90976199513004, 41.596298241679165 ], [ -70.909612478745444, 41.596657867638719 ], [ -70.909450967763377, 41.596984051591662 ], [ -70.909265730780348, 41.597262579746847 ], [ -70.909003514861823, 41.59750037801458 ], [ -70.908933649253328, 41.597839061623908 ], [ -70.909015502427067, 41.598149139277865 ], [ -70.909073004576982, 41.598514785408589 ], [ -70.90910661453448, 41.598953189000802 ], [ -70.909191290257709, 41.599424496651537 ], [ -70.909197482640309, 41.599753728017895 ], [ -70.909204467351117, 41.600158045966452 ], [ -70.911009560856613, 41.606234852480682 ], [ -70.911730925943914, 41.607475991841483 ], [ -70.912448827758666, 41.60871110806923 ], [ -70.907338019999941, 41.614935614000046 ], [ -70.906631288049425, 41.624020064182616 ], [ -70.905484981050236, 41.62440268491914 ], [ -70.904025986037354, 41.624463135956255 ], [ -70.903285939856247, 41.624543663773977 ], [ -70.903072841309779, 41.624313512251376 ], [ -70.902554551005878, 41.623997909369542 ], [ -70.902443700279974, 41.62400730936362 ], [ -70.900498764881917, 41.624172219261467 ], [ -70.900492444995308, 41.624172755065203 ], [ -70.900442818338476, 41.624779359005338 ], [ -70.900442791811074, 41.624779683256193 ], [ -70.900544845590431, 41.625472257417414 ], [ -70.900544864312138, 41.625472384467976 ], [ -70.900539145504396, 41.626082920774849 ], [ -70.900535338892226, 41.626489305829175 ], [ -70.900535334662251, 41.626489757410454 ], [ -70.900585653303409, 41.62689642889778 ], [ -70.900585709091175, 41.626896879766775 ], [ -70.900473525969105, 41.627303144925435 ], [ -70.900416100609931, 41.627628665092125 ], [ -70.900032228297491, 41.628074013415116 ], [ -70.899539205209408, 41.628600943182711 ], [ -70.89915627902657, 41.628924180301659 ], [ -70.898773532089805, 41.629247979832897 ], [ -70.89828164303006, 41.629652234196556 ], [ -70.897841832986998, 41.630260472098641 ], [ -70.897621128436754, 41.630666035709254 ], [ -70.897621061147646, 41.630666159357922 ], [ -70.897723880417772, 41.631277270706597 ], [ -70.898233422419906, 41.634780175438458 ], [ -70.899321447059108, 41.634460668652331 ], [ -70.899628076298129, 41.636456617892982 ], [ -70.900768600500669, 41.636340521345808 ], [ -70.902910657741018, 41.636140484090554 ], [ -70.90318203310018, 41.637482032443167 ], [ -70.90318215259073, 41.637482623133266 ], [ -70.90072781189788, 41.637724528564029 ], [ -70.881011522999927, 41.627915757000039 ], [ -70.874256964999915, 41.622992255000042 ], [ -70.869984503999945, 41.61587148600006 ], [ -70.862904425999943, 41.597235419000071 ], [ -70.856922980999911, 41.591620184000078 ], [ -70.845204230999911, 41.592474677000041 ], [ -70.844833647572472, 41.595958161460878 ], [ -70.844419406707644, 41.596012539225228 ], [ -70.843055964494141, 41.596191501154493 ], [ -70.842428883287099, 41.596271280460272 ], [ -70.840516782416941, 41.596563495925217 ], [ -70.840203356407642, 41.5965920056492 ], [ -70.839586836981056, 41.59662633628426 ], [ -70.838677717471157, 41.596628631705308 ], [ -70.83711285179055, 41.596551270725811 ], [ -70.835395068590444, 41.596609478782327 ], [ -70.834616544989515, 41.596680746164438 ], [ -70.834303431100054, 41.596678912173864 ], [ -70.834014072214003, 41.596596154477197 ], [ -70.83387037309349, 41.596555055263721 ], [ -70.833569253863743, 41.59637131202971 ], [ -70.833392103341112, 41.595922909335293 ], [ -70.832969478630304, 41.594798229175467 ], [ -70.832821451759017, 41.594463733381573 ], [ -70.831635841955517, 41.592894783848728 ], [ -70.830123770863935, 41.591642360777229 ], [ -70.829893938889185, 41.591405949595625 ], [ -70.829544341805345, 41.591032348070037 ], [ -70.82923466973071, 41.5907044755619 ], [ -70.828705675427571, 41.590102339232061 ], [ -70.827649148440642, 41.588761583551829 ], [ -70.826921947723989, 41.58780189062621 ], [ -70.826227139542823, 41.586645242295319 ], [ -70.825261129735622, 41.585350495026248 ], [ -70.823755286224952, 41.583536921654719 ], [ -70.823114518983218, 41.583009917005256 ], [ -70.822492675629732, 41.58260434150796 ], [ -70.822324035181026, 41.582478431247608 ], [ -70.822190456217783, 41.582554985104522 ], [ -70.822099424476107, 41.582781412536761 ], [ -70.822252191952074, 41.584751435473784 ], [ -70.822100634036985, 41.585645464421795 ], [ -70.821460596797877, 41.586952654325799 ], [ -70.820668942440875, 41.587775919705869 ], [ -70.819937611644932, 41.588273770447337 ], [ -70.81746997589552, 41.589240654458116 ], [ -70.81710341277082, 41.589507661152361 ], [ -70.816951834713322, 41.589924457414206 ], [ -70.816920571344696, 41.590285158366967 ], [ -70.816555445290319, 41.591272879287217 ], [ -70.816571318398317, 41.591323371796456 ], [ -70.802091161920885, 41.628924030504216 ], [ -70.802097391728267, 41.629715745287307 ], [ -70.802331816480788, 41.630417732078726 ], [ -70.803097450768703, 41.631564063297908 ], [ -70.804013227320354, 41.633217259315309 ], [ -70.804505505821496, 41.634063523887392 ], [ -70.805207688879946, 41.634690526881485 ], [ -70.805960635864508, 41.635421620587543 ], [ -70.807071532836261, 41.636634895736812 ], [ -70.808185697843584, 41.637549798507962 ], [ -70.808682548695231, 41.637980933217484 ], [ -70.80704417928321, 41.638703218289479 ], [ -70.804573697446727, 41.641305345120138 ], [ -70.796239811126526, 41.65098571914789 ], [ -70.795832204553165, 41.652103536509259 ], [ -70.79591898034991, 41.653985078847008 ], [ -70.796440427477975, 41.655439366357079 ], [ -70.797250888846207, 41.656680465708561 ], [ -70.798135693533297, 41.657680174211393 ], [ -70.79859382686378, 41.658131930839552 ], [ -70.797840949999909, 41.658880927000041 ], [ -70.786040818999936, 41.66046784100007 ], [ -70.774322068999936, 41.646226304000038 ], [ -70.75609290299991, 41.663031317000048 ], [ -70.753580505526557, 41.669034778400253 ], [ -70.744797566057201, 41.672141004951754 ], [ -70.745108922820293, 41.672366641455589 ], [ -70.744763041800454, 41.672478489902247 ], [ -70.715920226808464, 41.676319673962055 ], [ -70.716162730794565, 41.67668770498161 ], [ -70.7165068245409, 41.676753890330687 ], [ -70.71694784714019, 41.676898738093826 ], [ -70.717465332248878, 41.677068308067071 ], [ -70.717887605942622, 41.677245685769911 ], [ -70.718295760071442, 41.677520610259421 ], [ -70.718633276899894, 41.677856298090077 ], [ -70.718869524633035, 41.678215600159824 ], [ -70.719067700101618, 41.678483644771603 ], [ -70.719157553798226, 41.678904671079145 ], [ -70.719248903651575, 41.679227428443255 ], [ -70.71925287927489, 41.679542704619912 ], [ -70.719294360981266, 41.679800191176149 ], [ -70.719336570829725, 41.680114913720175 ], [ -70.719340271032635, 41.680420508808325 ], [ -70.719225300341918, 41.680803671708738 ], [ -70.71906543188922, 41.681335331790578 ], [ -70.718921096814356, 41.681659606741626 ], [ -70.718720939148085, 41.681944668911804 ], [ -70.718457280471583, 41.682204533853856 ], [ -70.718374773103378, 41.682536829856701 ], [ -70.718416510910671, 41.682883766567556 ], [ -70.718601817416328, 41.683184700249022 ], [ -70.718879628891202, 41.683456443313474 ], [ -70.71911014975008, 41.683728142501614 ], [ -70.719638578935204, 41.683917332594575 ], [ -70.720021203080023, 41.684166859826739 ], [ -70.720358668170675, 41.684410870949677 ], [ -70.720719246948548, 41.684637312943472 ], [ -70.721072582315998, 41.684826844502993 ], [ -70.721425216630323, 41.685027906390609 ], [ -70.721695805154511, 41.685200831565119 ], [ -70.721996262918864, 41.685340758471575 ], [ -70.722333117957248, 41.685558873279646 ], [ -70.722765939035611, 41.685679443949603 ], [ -70.72317430129003, 41.685774241164978 ], [ -70.723591959579608, 41.685845465126086 ], [ -70.724055610396064, 41.685869449406695 ], [ -70.724414668609271, 41.685867114099914 ], [ -70.724750210182975, 41.685822974448222 ], [ -70.72524891934053, 41.685749416118732 ], [ -70.725868779151327, 41.68569862690471 ], [ -70.72623406769786, 41.685879219723518 ], [ -70.726485766062225, 41.686141199692464 ], [ -70.72666794019392, 41.686363595958788 ], [ -70.726882240455126, 41.686567921064579 ], [ -70.727157802678761, 41.686983268408035 ], [ -70.727184785857872, 41.687359504631011 ], [ -70.727145702692098, 41.6877047633307 ], [ -70.727149579993721, 41.687974062149294 ], [ -70.727152896816904, 41.688243075787987 ], [ -70.727156213668223, 41.688512089425124 ], [ -70.727198655324258, 41.688774053125925 ], [ -70.72723959594687, 41.68903600661347 ], [ -70.727240024763518, 41.689070853677833 ], [ -70.712880011999914, 41.68781159100007 ], [ -70.715596063422197, 41.691959074892111 ], [ -70.714980167641414, 41.701616051455147 ], [ -70.715163755148595, 41.701811044463021 ], [ -70.715249920251196, 41.702122431714166 ], [ -70.715465080327817, 41.702464515523083 ], [ -70.71583091373148, 41.702690305129337 ], [ -70.716253013411816, 41.702844027803536 ], [ -70.716753435625336, 41.703140239932949 ], [ -70.717101512929119, 41.703452284299793 ], [ -70.717257726965002, 41.703680425663613 ], [ -70.717453049034958, 41.703965110028925 ], [ -70.71776113880145, 41.704162781178233 ], [ -70.718089059045212, 41.704389287620288 ], [ -70.71837988349651, 41.704701919444062 ], [ -70.718498985886768, 41.704987203991422 ], [ -70.718656412324989, 41.705301170030431 ], [ -70.718816191789983, 41.705729951599039 ], [ -70.718973837553477, 41.706072337205448 ], [ -70.719016712281416, 41.706358504931266 ], [ -70.719098627992494, 41.706701777553334 ], [ -70.719205956957111, 41.707044661696607 ], [ -70.719530642298395, 41.707486154608247 ], [ -70.720169246122808, 41.708344022580221 ], [ -70.719789840835219, 41.708307404038209 ], [ -70.719221318164387, 41.708427778106945 ], [ -70.718690344300967, 41.708537808768135 ], [ -70.718349772832596, 41.708630011375625 ], [ -70.717781343209921, 41.708755115350534 ], [ -70.717251997139684, 41.708908059695283 ], [ -70.716848019807472, 41.709010982867504 ], [ -70.716493772684046, 41.709074761118003 ], [ -70.716257769875853, 41.709327271243197 ], [ -70.716090702180082, 41.709588302888662 ], [ -70.715896873431674, 41.709892584358741 ], [ -70.715689043944252, 41.710217707292962 ], [ -70.715290667982146, 41.71033681643884 ], [ -70.715280319858238, 41.710614307445184 ], [ -70.715023942342953, 41.710839526747471 ], [ -70.71503540899316, 41.711128855899986 ], [ -70.721187994036853, 41.722895100237864 ], [ -70.721932558250245, 41.723947105085323 ], [ -70.722157810675085, 41.72407345917162 ], [ -70.722023378568295, 41.725289458742822 ], [ -70.721654438313962, 41.725263395129367 ], [ -70.721654047622252, 41.725263204277326 ], [ -70.721613752520895, 41.72526030146652 ], [ -70.707696785747046, 41.730221069521463 ], [ -70.70769669241723, 41.730221229141378 ], [ -70.707596488783437, 41.730256938193605 ], [ -70.706618574837606, 41.730219876245535 ], [ -70.706173383137354, 41.730449235057286 ], [ -70.705739386309446, 41.730578683760697 ], [ -70.705325986492213, 41.730810354462477 ], [ -70.705234940567905, 41.731181205417208 ], [ -70.705373865142988, 41.731566052578685 ], [ -70.705383255843486, 41.731610169680565 ], [ -70.705430417396641, 41.731831729048771 ], [ -70.705206220630217, 41.73208721392546 ], [ -70.704792967189476, 41.732225542176565 ], [ -70.70415118167513, 41.73251147999428 ], [ -70.704002849734763, 41.732519470474053 ], [ -70.703583626776663, 41.732542052541291 ], [ -70.70310069683886, 41.732556100830195 ], [ -70.702338227997203, 41.732598686303142 ], [ -70.701699568087335, 41.732728232742936 ], [ -70.701253114058716, 41.732900646434679 ], [ -70.701103826861839, 41.732958298267839 ], [ -70.700361626313111, 41.733444694418523 ], [ -70.700361379713286, 41.733444997018701 ], [ -70.700023469548569, 41.733859949917672 ], [ -70.699468694343423, 41.73462187798377 ], [ -70.699207535038326, 41.734976908667051 ], [ -70.69895197431488, 41.735294852359914 ], [ -70.698602124328715, 41.735794690588754 ], [ -70.698153383540628, 41.736049894127426 ], [ -70.698121254309243, 41.736068165501848 ], [ -70.697645164196729, 41.736247193229026 ], [ -70.696954731126709, 41.736435791435724 ], [ -70.696904851156432, 41.73644631728596 ], [ -70.696336362493554, 41.736566279577886 ], [ -70.694761148784693, 41.736738088545223 ], [ -70.6940394219273, 41.736661764526822 ], [ -70.693277862460818, 41.736562325234026 ], [ -70.693142169138042, 41.736538728033757 ], [ -70.69237907959976, 41.736406021333366 ], [ -70.69196927952899, 41.736323222513214 ], [ -70.691872482809543, 41.736303665225073 ], [ -70.691129184844357, 41.736294784479362 ], [ -70.691109419348265, 41.736294548637559 ], [ -70.689933185871922, 41.736175166386957 ], [ -70.689223064491316, 41.736213679786552 ], [ -70.689137278845024, 41.736219117791435 ], [ -70.689715209710343, 41.735949145336271 ], [ -70.690328968682465, 41.735917715942684 ], [ -70.691075812349453, 41.736087867355465 ], [ -70.690872023771902, 41.73578519999576 ], [ -70.690726900027798, 41.735657702493278 ], [ -70.690408258180398, 41.73541233191763 ], [ -70.690077537905012, 41.734998559902436 ], [ -70.690039302164919, 41.734959512595218 ], [ -70.689564038491909, 41.734496931561715 ], [ -70.689201060566802, 41.733999132412706 ], [ -70.688931515745793, 41.733232821117269 ], [ -70.688687525996841, 41.732469383373427 ], [ -70.688179702005797, 41.73207402164698 ], [ -70.687351393953179, 41.731517396761014 ], [ -70.686487981239523, 41.730794550244944 ], [ -70.685582853270063, 41.72993955699561 ], [ -70.684818001058147, 41.729410378901527 ], [ -70.683590118458923, 41.728770809950547 ], [ -70.683274137335005, 41.728545420393409 ], [ -70.682915943331921, 41.728385281865329 ], [ -70.682988405524469, 41.727831516886077 ], [ -70.682363816111604, 41.727506778247502 ], [ -70.681580498035899, 41.727110639480394 ], [ -70.680919442749229, 41.727294968206756 ], [ -70.680369912449137, 41.727498103858544 ], [ -70.680270711083708, 41.727491439901613 ], [ -70.679248343358552, 41.728242721976009 ], [ -70.678914457803927, 41.728240314683021 ], [ -70.677058380961867, 41.727905304278252 ], [ -70.67606640465381, 41.727147707738872 ], [ -70.673648178501097, 41.726022415367318 ], [ -70.673124443697773, 41.725947144237857 ], [ -70.672896098263337, 41.725913747687528 ], [ -70.672537615200483, 41.725631661763238 ], [ -70.672661079942756, 41.72538115121327 ], [ -70.672432116248672, 41.725034305231738 ], [ -70.672093243742538, 41.725114382415484 ], [ -70.671644302231954, 41.724976882738652 ], [ -70.671071591779892, 41.724999726270291 ], [ -70.670803615876963, 41.724989782121959 ], [ -70.670284440344858, 41.725039396709768 ], [ -70.669960081661003, 41.725145549685855 ], [ -70.66968185719162, 41.725161008419903 ], [ -70.669276555935625, 41.725076682432743 ], [ -70.668847966317628, 41.724722400951464 ], [ -70.668179528048881, 41.724330349957235 ], [ -70.667562869959454, 41.724553803687918 ], [ -70.66749950235365, 41.725009678816193 ], [ -70.667350495297796, 41.725171963820301 ], [ -70.667545697127537, 41.725410691795098 ], [ -70.667446973922054, 41.725608056550975 ], [ -70.666883987932493, 41.725203263127263 ], [ -70.666592271746282, 41.724931354845197 ], [ -70.666097160502588, 41.724918380759277 ], [ -70.665837681159516, 41.725124279153192 ], [ -70.665478610408343, 41.725397416868695 ], [ -70.665386188527023, 41.725635717462048 ], [ -70.665199384763156, 41.725878489965169 ], [ -70.664420403864554, 41.725441255536786 ], [ -70.664431805099824, 41.725428399465137 ], [ -70.664743980539555, 41.725036064254297 ], [ -70.665150068303831, 41.724584765779341 ], [ -70.665502437437524, 41.724263207230386 ], [ -70.665810723137199, 41.723952110592712 ], [ -70.666094749623127, 41.723664986645673 ], [ -70.666276269301889, 41.723370827399499 ], [ -70.666238805802919, 41.722989386289065 ], [ -70.666100791560197, 41.722648007810456 ], [ -70.665939866191451, 41.722383557538798 ], [ -70.665775806647432, 41.722023651677368 ], [ -70.665713551831914, 41.721661959285001 ], [ -70.66547549736849, 41.721379591737055 ], [ -70.665327226788619, 41.721114764354105 ], [ -70.665164487288308, 41.720793274662704 ], [ -70.665038507378512, 41.720432286923753 ], [ -70.664852611273574, 41.720187441794437 ], [ -70.664677109939717, 41.719865763951823 ], [ -70.664629199672277, 41.719561341785798 ], [ -70.664430254580935, 41.719125548761106 ], [ -70.663848936960818, 41.719021520395138 ], [ -70.66338824094133, 41.718943806320674 ], [ -70.662909672956062, 41.718894987300963 ], [ -70.662469234070912, 41.718854981772289 ], [ -70.662126521869837, 41.71888031590138 ], [ -70.661593173387658, 41.718918407652509 ], [ -70.661253278389907, 41.719029484969923 ], [ -70.660992292599843, 41.719230197509347 ], [ -70.660618114987955, 41.719480253181494 ], [ -70.66020213415571, 41.719602227652629 ], [ -70.659718625944294, 41.719610927781083 ], [ -70.659361890521808, 41.719597977133944 ], [ -70.659034610584186, 41.719508521822505 ], [ -70.658572291869646, 41.719373563669102 ], [ -70.658127414280159, 41.719181051055855 ], [ -70.657790101382574, 41.718976905173882 ], [ -70.657429495450089, 41.718830548806118 ], [ -70.657041690928196, 41.718641783875817 ], [ -70.656691329541161, 41.71843322367512 ], [ -70.656354525988618, 41.71823855015176 ], [ -70.656085846672241, 41.717985292218231 ], [ -70.655830437677466, 41.717760550760161 ], [ -70.655557182634894, 41.717564939180576 ], [ -70.655130298021405, 41.717343425993896 ], [ -70.654663979370284, 41.717079693709202 ], [ -70.654240748841517, 41.716972723302597 ], [ -70.653796123401818, 41.716794123394294 ], [ -70.653389434297736, 41.716601031754543 ], [ -70.652834354626137, 41.716553711453543 ], [ -70.652319490716806, 41.716572388645595 ], [ -70.651940342865913, 41.716655524385281 ], [ -70.651601500382313, 41.716804800687441 ], [ -70.651339280117369, 41.716971951709198 ], [ -70.651039996483846, 41.71716799480933 ], [ -70.650779423612789, 41.717378160120582 ], [ -70.650481784525908, 41.717626784024638 ], [ -70.650181619274292, 41.71778985071321 ], [ -70.649730311492149, 41.718012752144567 ], [ -70.649304376172566, 41.718351251520936 ], [ -70.642313448280689, 41.723779740263545 ], [ -70.643035184674829, 41.724226112229545 ], [ -70.643384357600013, 41.724447061310578 ], [ -70.64376086296086, 41.724440796760653 ], [ -70.644380561656931, 41.724409068695763 ], [ -70.644961036145304, 41.724586267315075 ], [ -70.645322480833883, 41.724798205823326 ], [ -70.645770256105294, 41.724910726988156 ], [ -70.646020000215344, 41.72530375954257 ], [ -70.646343569416032, 41.725624571302284 ], [ -70.64686116603805, 41.725965029608204 ], [ -70.647366140914343, 41.726341777874623 ], [ -70.647520221942614, 41.726624929942794 ], [ -70.647588583139594, 41.726962020378387 ], [ -70.647713650996636, 41.727599726984415 ], [ -70.648128003771632, 41.727893940081337 ], [ -70.648291209368054, 41.728179937254723 ], [ -70.648351749061916, 41.728509565404472 ], [ -70.647889087595289, 41.728590625224527 ], [ -70.64750551382167, 41.728539920440589 ], [ -70.647123056141552, 41.728518203758675 ], [ -70.646647038552914, 41.728555154916492 ], [ -70.646055399528279, 41.728565913355474 ], [ -70.645597451058308, 41.728574108246555 ], [ -70.645139723722821, 41.72858211477417 ], [ -70.644604915565978, 41.72857739496061 ], [ -70.643845254355696, 41.728596296736185 ], [ -70.643831248071677, 41.728596645216349 ], [ -70.643831602962251, 41.728621558243844 ], [ -70.643839915545286, 41.729204890142952 ], [ -70.64388558725372, 41.73240974127522 ], [ -70.64390841391608, 41.734011366173718 ], [ -70.643914573987502, 41.734443615142432 ], [ -70.643915657806986, 41.734519631113606 ], [ -70.643918140028617, 41.734693848474713 ], [ -70.643918436162807, 41.734714629137819 ], [ -70.643945254351223, 41.736596234983011 ], [ -70.643945530605819, 41.736615629785881 ], [ -70.643503274618595, 41.738062947904545 ], [ -70.640004035999937, 41.740952867000033 ], [ -70.630604620999918, 41.740139065000051 ], [ -70.623605923999946, 41.729437567000048 ], [ -70.628163214999915, 41.728094794000071 ], [ -70.637806769999941, 41.721991278000075 ], [ -70.635614400080982, 41.717954293249718 ], [ -70.635789046863863, 41.717488055555613 ], [ -70.635839599343484, 41.717137847124199 ], [ -70.635641488524769, 41.716680516945161 ], [ -70.635286024233125, 41.716334540909713 ], [ -70.634750881287943, 41.715946117545919 ], [ -70.634327616300496, 41.715584836136699 ], [ -70.631906704999949, 41.711127020000049 ], [ -70.639963344999899, 41.702297268000052 ], [ -70.652007615999935, 41.693915106000077 ], [ -70.658273891999897, 41.684475002000056 ], [ -70.658156457225857, 41.683090081499607 ], [ -70.659228090144623, 41.682317440044066 ], [ -70.660025652509603, 41.681577128201191 ], [ -70.660520296186533, 41.680894391298587 ], [ -70.660507705296169, 41.680883336082537 ], [ -70.660493789311644, 41.680871116780651 ], [ -70.660568877164422, 41.680785389512863 ], [ -70.660744698357206, 41.680584654067744 ], [ -70.660777298237676, 41.680547433585268 ], [ -70.660824364466791, 41.680144538665765 ], [ -70.660820945415651, 41.680139572077344 ], [ -70.660714659404491, 41.679985168011214 ], [ -70.660695385076849, 41.679957168492216 ], [ -70.660680977090323, 41.679936236957815 ], [ -70.660645727344559, 41.679885028035081 ], [ -70.660634757248786, 41.679869092040121 ], [ -70.657305596993382, 41.67305579830991 ], [ -70.657093878999945, 41.67055898600006 ], [ -70.652007615999935, 41.654242255000042 ], [ -70.652104174463332, 41.639171111341923 ], [ -70.652296694680132, 41.639053174218809 ], [ -70.652577256035912, 41.638793153442066 ], [ -70.652676028464953, 41.638613122544825 ], [ -70.652666255114724, 41.638441321040091 ], [ -70.652560223502107, 41.638259763774961 ], [ -70.65239443529461, 41.638041607539861 ], [ -70.652112268597591, 41.637907753827236 ], [ -70.652495897999927, 41.578029690000051 ], [ -70.661732550999943, 41.550482489000046 ], [ -70.685617641999897, 41.530829169000071 ], [ -70.658681674999912, 41.521349108000038 ], [ -70.605247879968786, 41.548394837391804 ], [ -70.641, 41.515 ], [ -70.675, 41.518 ], [ -70.684913898022614, 41.512844773028242 ], [ -70.694925507999926, 41.517037162000065 ], [ -70.710638157999938, 41.51921397600006 ], [ -70.724354383999923, 41.511099655000066 ], [ -70.742966652999939, 41.500765861000048 ], [ -70.782123842999908, 41.478623419000087 ], [ -70.797559638578306, 41.466976144568676 ], [ -70.815, 41.46 ], [ -70.824883846726721, 41.456705384424424 ], [ -70.828125195999917, 41.457181823000042 ], [ -70.834795133948717, 41.453401622017097 ], [ -70.857968002888938, 41.445677332370352 ], [ -70.859464515999946, 41.448265053000057 ], [ -70.865815742329502, 41.443061419223497 ], [ -70.881743253578804, 41.437752248807065 ], [ -70.897646195999926, 41.436371808000047 ], [ -70.911335139999949, 41.429705943000044 ], [ -70.92292867739549, 41.429083381977826 ], [ -70.922943537802681, 41.429086647132195 ], [ -70.923309941823476, 41.4294523568012 ], [ -70.925083837298203, 41.430175999785313 ], [ -70.927220216189539, 41.430186817087481 ], [ -70.929006888784343, 41.429481202617993 ], [ -70.930262609993676, 41.428415577229231 ], [ -70.930924480968372, 41.427391622116353 ], [ -70.931675043900398, 41.426322737829025 ], [ -70.931795529562237, 41.426139452940639 ], [ -70.931825816399581, 41.426101245735367 ], [ -70.932264946004636, 41.425451076525796 ], [ -70.932758595963506, 41.425176679759176 ], [ -70.933258901110278, 41.425125437966848 ], [ -70.934564757400082, 41.425087296761454 ], [ -70.936351991590513, 41.4242922419362 ], [ -70.936202084486069, 41.423262606640101 ], [ -70.940677533999917, 41.420774915000038 ], [ -70.940853594746628, 41.420625277735468 ], [ -70.941479738208031, 41.420858726600159 ], [ -70.941483847150735, 41.42084169077723 ], [ -70.941485475717741, 41.420833235363354 ], [ -70.941487228594767, 41.420824240342455 ], [ -70.941488742249135, 41.420815244142482 ], [ -70.941490495125294, 41.420806249121576 ], [ -70.941556349789067, 41.420454890713472 ], [ -70.941558341866511, 41.420445896870646 ], [ -70.941559975112511, 41.420436901259443 ], [ -70.941628612716229, 41.420040538236293 ], [ -70.941652454516259, 41.419946312134421 ], [ -70.945069919864125, 41.417041745523179 ], [ -71.0606, 41.4653 ] ] ] } }
]
}
